,Value,Transfer_year,Position,Age,Heights,Winter_window,Contract_left,Market_value,matches,goals,asissts,pen_goals,y_card,r_card,champions_league,europa_league,europa_matches,europa_goals,europa_asissts,nation_matches,nation_goals,English,From_Premier_League,From_top_5_leagues,From_FA_leagues,From_europe_leagues,From_south_america_leagues,To_Premier_League,To_top_5_leagues,To_FA_leagues,To_europe_leagues,To_south_america_leagues,To_saudi_arabic_league,is_right,is_both,From_big_six,To_big_six,Europe,Africa,North_America,South_America,Asia,Homegrown
0,16.883563493097892,2010,Forward,26,1.8,1,0,16.70588231586044,20,8,0,3,1,0,0,0,0.0,0.0,0.0,1.0,0.0,1,1,1,1,1,0,1,1,1,1,0,0,1,0,0,0,1,0,0,0,0,1
1,16.08763644347361,2010,Midfielder,23,1.73,0,0,16.38045991542581,22,2,2,0,0,0,0,0,0.0,0.0,0.0,5.0,4.0,0,1,1,1,1,0,1,1,1,1,0,0,1,0,1,0,1,0,0,0,0,1
2,15.64005985001532,2010,Midfielder,27,1.73,1,0,15.830413578506539,16,1,2,0,1,0,1,0,3.0,0.0,0.0,6.0,0.0,0,0,1,0,1,0,1,1,1,1,0,0,1,0,0,0,0,1,0,0,0,0
3,16.90655301132259,2010,Midfielder,24,1.75,0,0,16.811242831518264,36,7,12,3,5,0,0,0,0.0,0.0,0.0,6.0,0.0,1,1,1,1,1,0,1,1,1,1,0,0,1,0,0,1,1,0,0,0,0,1
4,15.201804919084164,2010,Defender,25,1.88,1,0,15.319587954740548,12,0,0,0,2,0,0,0,0.0,0.0,0.0,0.0,0.0,0,1,1,1,1,0,1,1,1,1,0,0,1,0,0,0,0,1,0,0,0,1
5,14.403297222866392,2010,Defender,29,1.75,0,0,15.201804919084164,21,0,2,0,2,1,0,0,0.0,0.0,0.0,0.0,0.0,1,1,1,1,1,0,1,1,1,1,0,0,0,0,0,0,1,0,0,0,0,1
6,13.304684934198283,2010,Midfielder,28,1.83,1,0,15.068273526459642,4,0,0,0,1,0,0,0,0.0,0.0,0.0,0.0,0.0,1,1,1,1,1,0,1,1,1,1,0,0,1,0,0,0,1,0,0,0,0,1
7,14.22097566607244,2010,Forward,28,1.78,0,0,14.22097566607244,26,11,0,0,1,0,0,0,0.0,0.0,0.0,0.0,0.0,1,0,0,1,1,0,1,1,1,1,0,0,1,0,0,0,1,0,0,0,0,1
8,14.22097566607244,2010,Midfielder,22,1.8,0,333,11.512925464970229,10,4,2,1,2,0,0,0,0.0,0.0,0.0,0.0,0.0,0,0,0,0,1,0,1,1,1,1,0,0,1,0,0,0,1,0,0,0,0,0
9,14.151982794585487,2010,Defender,22,1.9,0,0,13.815510557964274,8,0,1,0,0,0,0,0,0.0,0.0,0.0,0.0,0.0,1,1,1,1,1,0,1,1,1,1,0,0,1,0,0,0,1,0,0,0,0,1
10,13.345506928718539,2010,Defender,21,1.89,0,0,13.815510557964274,12,0,0,0,1,0,0,0,0.0,0.0,0.0,0.0,0.0,0,0,0,1,1,0,1,1,1,1,0,0,1,0,0,0,1,0,0,0,0,1
11,12.89921982609012,2010,Forward,19,1.83,0,0,12.206072645530174,36,5,2,0,0,0,0,0,0.0,0.0,0.0,0.0,0.0,0,0,0,1,1,0,1,1,1,1,0,0,1,0,0,0,1,0,0,0,0,1
12,13.458835614025542,2010,Forward,28,1.91,0,0,14.038654109278484,35,6,1,0,0,0,0,0,0.0,0.0,0.0,0.0,0.0,0,1,1,1,1,0,0,0,1,1,0,0,0,0,0,0,1,0,0,0,0,1
13,15.201804919084164,2010,Defender,26,1.79,0,0,15.068273526459642,41,2,2,0,5,0,0,1,8.0,1.0,0.0,0.0,0.0,0,0,0,0,1,0,1,1,1,1,0,0,1,0,0,0,1,0,0,0,0,0
14,14.690979295318174,2010,Forward,21,1.93,0,669,14.73180128983843,22,1,1,0,3,0,0,0,0.0,0.0,0.0,0.0,0.0,0,1,1,1,1,0,1,1,1,1,0,0,1,0,1,0,0,0,0,1,0,0
15,13.458835614025542,2010,Forward,24,1.88,1,0,12.611537753638338,23,15,0,1,2,0,0,0,0.0,0.0,0.0,0.0,0.0,0,0,0,0,1,0,1,1,1,1,0,0,1,0,0,0,1,0,0,0,0,0
16,13.304684934198283,2010,Midfielder,22,1.78,0,0,14.375126345899696,35,1,2,0,6,0,0,0,0.0,0.0,0.0,0.0,0.0,0,0,0,0,1,0,1,1,1,1,0,0,0,1,0,0,1,0,0,0,0,0
17,13.997832114758229,2010,Defender,28,1.92,0,0,15.201804919084164,35,2,0,0,10,0,0,0,0.0,0.0,0.0,0.0,0.0,1,1,1,1,1,0,1,1,1,1,0,0,1,0,0,0,1,0,0,0,0,1
18,15.89495209964411,2010,Defender,20,1.94,0,0,14.508657738524219,16,0,0,0,1,0,0,1,4.0,0.0,0.0,0.0,0.0,1,1,1,1,1,0,1,1,1,1,0,0,1,0,0,1,1,0,0,0,0,1
19,15.830413578506539,2010,Forward,22,1.75,0,1460,15.60727002719233,28,21,2,2,8,1,0,0,0.0,0.0,0.0,4.0,2.0,0,0,0,0,0,0,1,1,1,1,0,0,1,0,0,1,0,0,1,0,0,0
20,16.06680235657077,2010,Forward,23,1.71,0,1095,15.520258650202699,13,5,3,0,3,1,0,0,0.0,0.0,0.0,8.0,1.0,0,1,1,1,1,0,0,0,0,1,0,0,0,0,1,0,1,0,0,0,0,0
21,15.761420707019587,2010,Goalkeeper,27,1.93,0,0,14.914122846632385,11,0,0,0,0,0,1,0,2.0,0.0,0.0,1.0,0.0,1,1,1,1,1,0,1,1,1,1,0,0,0,0,1,0,1,0,0,0,0,1
22,14.914122846632385,2010,Midfielder,27,1.9,0,0,15.068273526459642,43,10,10,0,2,0,0,1,7.0,2.0,0.0,2.0,0.0,0,0,0,0,1,0,1,1,1,1,0,0,0,1,0,0,0,1,0,0,0,0
23,14.914122846632385,2010,Forward,29,1.81,0,0,15.573368475516649,10,0,1,0,2,0,0,0,0.0,0.0,0.0,7.0,2.0,0,0,0,0,1,0,1,1,1,1,0,0,1,0,0,0,0,1,0,0,0,0
24,14.403297222866392,2010,Goalkeeper,27,1.91,0,0,15.068273526459642,27,0,0,0,2,0,0,0,0.0,0.0,0.0,1.0,0.0,0,0,0,1,1,0,1,1,1,1,0,0,1,0,0,0,1,0,0,0,0,1
25,13.742939865129438,2010,Defender,26,1.88,0,0,15.068273526459642,41,5,0,1,12,1,0,1,6.0,1.0,0.0,22.0,2.0,0,0,1,0,1,0,1,1,1,1,0,0,1,0,0,0,1,0,0,0,0,0
26,12.611537753638338,2010,Defender,20,1.88,0,0,12.206072645530174,42,9,0,0,1,0,0,0,0.0,0.0,0.0,0.0,0.0,1,0,0,1,1,0,1,1,1,1,0,0,1,0,0,0,1,0,0,0,0,1
27,15.60727002719233,2010,Midfielder,23,1.85,0,0,15.830413578506539,35,4,4,0,3,1,1,0,6.0,0.0,0.0,18.0,5.0,0,0,0,0,1,0,1,1,1,1,0,0,0,0,0,0,1,0,0,0,0,0
28,14.73180128983843,2010,Defender,23,1.87,0,677,14.508657738524219,20,1,0,0,4,0,0,1,5.0,1.0,0.0,8.0,1.0,0,0,0,0,1,0,1,1,1,1,0,0,1,0,0,0,0,1,0,0,0,0
29,14.48333993053993,2010,Defender,30,1.78,0,0,15.60727002719233,33,0,0,0,5,0,0,1,6.0,0.0,0.0,40.0,3.0,0,0,0,0,1,0,1,1,1,1,0,0,1,0,0,0,0,0,1,0,0,0
30,15.250595083253597,2010,Defender,29,1.78,0,0,15.201804919084164,37,1,2,0,5,1,0,1,10.0,0.0,1.0,0.0,0.0,1,1,1,1,1,0,1,1,1,1,0,0,0,0,0,1,1,0,0,0,0,1
31,15.60727002719233,2010,Midfielder,23,1.79,1,546,15.761420707019587,1,0,1,0,0,0,0,0,0.0,0.0,0.0,3.0,1.0,0,0,1,0,1,0,1,1,1,1,0,0,0,0,0,0,1,0,0,0,0,0
32,15.26946356755798,2010,Midfielder,24,1.8,0,0,15.068273526459642,36,1,0,0,7,1,0,1,8.0,0.0,0.0,6.0,0.0,0,0,0,0,1,0,1,1,1,1,0,0,1,0,0,0,0,1,0,0,0,0
33,13.997832114758229,2010,Defender,24,1.8,0,0,13.815510557964274,17,1,0,0,4,0,0,0,0.0,0.0,0.0,0.0,0.0,1,0,0,1,1,0,1,1,1,1,0,0,1,0,0,0,1,0,0,0,0,1
34,17.529082624668582,2010,Forward,22,1.94,1,0,14.73180128983843,19,11,3,0,4,0,0,1,2.0,0.0,0.0,0.0,0.0,1,1,1,1,1,0,1,1,1,1,0,0,0,0,0,1,1,0,0,0,0,1
35,17.884537312202085,2010,Forward,26,1.86,1,881,17.72753356339242,24,9,2,0,6,0,0,1,1.0,0.0,0.0,49.0,17.0,0,1,1,1,1,0,1,1,1,1,0,0,1,0,1,1,1,0,0,0,0,0
36,17.034386382832476,2010,Defender,23,1.89,1,1611,16.454567887579532,22,0,1,0,6,0,1,0,6.0,0.0,0.0,0.0,0.0,0,0,0,0,1,0,1,1,1,1,0,0,1,0,0,1,0,0,0,1,0,0
37,16.90655301132259,2010,Midfielder,23,1.79,0,0,16.454567887579532,36,4,3,0,5,0,0,1,10.0,0.0,0.0,9.0,0.0,0,0,0,0,1,0,1,1,1,1,0,0,1,0,0,1,0,0,0,1,0,0
38,15.761420707019587,2010,Forward,30,1.75,0,0,16.166885815127753,42,9,7,0,2,0,1,1,12.0,3.0,3.0,28.0,9.0,0,1,1,1,1,0,1,1,1,1,0,0,1,0,1,1,0,0,0,0,1,0
39,14.914122846632385,2010,Goalkeeper,17,1.9,0,183,14.22097566607244,23,0,0,0,1,0,0,0,0.0,0.0,0.0,0.0,0.0,0,0,0,0,1,0,1,1,1,1,0,0,1,0,0,1,1,0,0,0,0,0
40,15.89495209964411,2010,Defender,32,1.82,0,0,16.67771143889374,27,0,1,0,4,0,1,0,5.0,0.0,0.0,45.0,2.0,0,1,1,1,1,0,0,1,0,1,0,0,1,0,1,0,1,0,0,0,0,0
41,15.520258650202699,2010,Forward,20,1.67,0,364,15.319587954740548,39,12,4,1,5,0,0,1,7.0,2.0,0.0,8.0,1.0,0,1,1,1,1,0,0,0,0,1,0,0,1,0,1,0,1,0,0,0,0,1
42,13.304684934198283,2010,Forward,21,1.77,0,0,14.22097566607244,18,1,0,0,0,0,0,0,0.0,0.0,0.0,0.0,0.0,1,1,1,1,1,0,0,0,1,1,0,0,1,0,1,0,1,0,0,0,0,1
43,15.789591583986283,2010,Forward,23,1.85,0,0,15.319587954740548,35,8,5,0,1,0,0,0,0.0,0.0,0.0,4.0,1.0,0,0,0,1,1,0,1,1,1,1,0,0,0,0,0,0,1,0,0,0,0,0
44,15.096444403426338,2010,Midfielder,28,1.74,0,0,15.424948470398375,27,6,4,1,4,0,0,0,0.0,0.0,0.0,16.0,0.0,0,0,0,1,1,0,1,1,1,1,0,0,0,0,0,0,1,0,0,0,0,1
45,14.914122846632385,2010,Defender,23,1.9,0,0,13.815510557964274,21,1,0,0,1,0,0,0,0.0,0.0,0.0,0.0,0.0,0,0,0,1,1,0,1,1,1,1,0,0,1,0,0,0,1,0,0,0,0,0
46,14.648419680899378,2010,Midfielder,24,1.78,0,0,13.122363377404328,27,1,0,0,4,2,0,0,0.0,0.0,0.0,3.0,0.0,0,0,0,0,1,0,1,1,1,1,0,0,1,0,0,0,0,1,0,0,0,0
47,13.304684934198283,2010,Forward,22,1.8,1,0,13.815510557964274,25,8,0,0,4,0,0,0,0.0,0.0,0.0,0.0,0.0,1,0,0,1,1,0,1,1,1,1,0,0,0,0,0,0,1,0,0,0,0,1
48,14.334304351379442,2010,Midfielder,23,1.78,0,0,14.22097566607244,7,0,0,0,0,0,0,0,0.0,0.0,0.0,0.0,0.0,1,1,1,1,1,0,0,0,1,1,0,0,0,0,0,0,1,0,0,0,0,1
49,13.573438996764546,2010,Defender,26,1.93,0,0,14.038654109278484,21,1,0,0,1,0,0,0,0.0,0.0,0.0,0.0,0.0,1,1,1,1,1,0,0,0,1,1,0,0,0,0,0,0,1,0,0,0,0,1
50,16.08763644347361,2010,Forward,25,1.87,0,0,16.11809565095832,32,9,3,1,1,1,0,0,0.0,0.0,0.0,25.0,1.0,0,1,1,1,1,0,1,1,1,1,0,0,1,0,0,0,0,0,1,0,0,0
51,15.096444403426338,2010,Defender,23,1.88,0,1034,14.73180128983843,28,0,1,0,2,0,0,0,0.0,0.0,0.0,0.0,0.0,0,0,0,1,1,0,1,1,1,1,0,0,0,1,0,0,1,0,0,0,0,1
52,15.009433026436708,2010,Forward,26,1.83,0,0,14.375126345899696,43,8,2,1,8,0,0,0,0.0,0.0,0.0,0.0,0.0,0,0,0,1,1,0,1,1,1,1,0,0,1,0,0,0,1,0,0,0,0,1
53,14.73180128983843,2010,Forward,31,1.85,0,303,14.914122846632385,20,1,0,0,0,0,0,0,0.0,0.0,0.0,23.0,11.0,0,0,1,0,1,0,1,1,1,1,0,0,1,0,0,0,1,0,0,0,0,0
54,15.319587954740548,2010,Forward,29,1.82,1,0,15.687312734865866,14,1,2,0,0,0,0,0,0.0,0.0,0.0,37.0,15.0,0,1,1,1,1,0,0,1,0,1,0,0,0,1,0,0,0,0,0,0,1,0
55,14.403297222866392,2010,Forward,32,1.85,0,0,14.914122846632385,22,3,1,1,1,0,0,0,0.0,0.0,0.0,0.0,0.0,1,1,1,1,1,0,0,0,0,1,0,0,1,0,0,0,1,0,0,0,0,1
56,13.071070083016778,2010,Defender,31,1.73,0,0,13.997832114758229,21,0,0,0,6,0,0,0,0.0,0.0,0.0,0.0,0.0,1,1,1,1,1,0,0,0,1,1,0,0,1,0,0,0,1,0,0,0,0,1
57,16.34123920227253,2010,Defender,24,1.86,0,1089,15.424948470398375,35,3,0,0,3,0,0,0,0.0,0.0,0.0,0.0,0.0,0,0,1,0,1,0,1,1,1,1,0,0,1,0,0,1,1,0,0,0,0,0
58,15.687312734865866,2010,Defender,30,1.85,0,0,15.89495209964411,20,3,1,0,5,0,1,0,4.0,2.0,0.0,10.0,0.0,0,0,1,0,1,0,1,1,1,1,0,0,1,0,0,1,1,0,0,0,0,0
59,15.789591583986283,2010,Forward,27,1.77,0,1440,16.166885815127753,28,5,5,0,0,0,1,0,4.0,1.0,1.0,16.0,13.0,0,1,1,1,1,0,0,0,0,1,0,0,0,0,1,0,1,0,0,0,0,0
60,12.89921982609012,2010,Midfielder,20,1.88,1,516,13.38472764187182,9,0,0,0,0,0,0,0,0.0,0.0,0.0,0.0,0.0,0,1,1,1,1,0,0,0,0,1,0,0,1,0,1,0,1,0,0,0,0,1
61,15.38412647587812,2010,Forward,23,1.75,0,0,15.068273526459642,28,11,4,0,5,0,0,0,0.0,0.0,0.0,6.0,0.0,0,0,0,0,0,0,1,1,1,1,0,0,1,0,0,0,0,0,1,0,0,0
62,15.250595083253597,2010,Defender,22,1.91,0,0,14.22097566607244,29,0,0,0,6,0,0,0,0.0,0.0,0.0,3.0,1.0,0,0,0,0,1,0,1,1,1,1,0,0,1,0,0,0,0,0,0,0,0,0
63,14.914122846632385,2010,Forward,25,1.89,1,0,15.761420707019587,17,6,1,0,0,0,0,0,0.0,0.0,0.0,0.0,0.0,0,0,1,0,1,0,1,1,1,1,0,0,1,0,0,0,0,1,0,0,0,0
64,14.880221294956703,2010,Midfielder,27,1.74,1,522,14.827111469642754,18,0,1,0,4,0,0,0,0.0,0.0,0.0,0.0,0.0,1,0,0,1,1,0,1,1,1,1,0,0,1,0,0,0,1,0,0,0,0,1
65,13.997832114758229,2010,Forward,31,1.88,0,715,14.914122846632385,34,5,2,0,2,0,0,0,0.0,0.0,0.0,0.0,0.0,0,0,1,0,1,0,1,1,1,1,0,0,1,0,0,0,0,0,1,0,0,0
66,12.611537753638338,2010,Goalkeeper,22,1.96,0,333,12.89921982609012,24,0,0,0,1,0,0,0,0.0,0.0,0.0,0.0,0.0,0,0,0,0,1,0,1,1,1,1,0,0,1,0,0,0,1,0,0,0,0,0
67,14.603967918328545,2010,Midfielder,27,1.8,0,0,15.424948470398375,28,7,3,4,5,0,0,0,0.0,0.0,0.0,0.0,0.0,0,1,1,1,1,0,0,1,0,1,0,0,0,0,0,0,1,0,0,0,0,0
68,14.508657738524219,2010,Midfielder,25,1.84,1,0,15.89495209964411,7,2,0,0,1,0,0,0,0.0,0.0,0.0,11.0,1.0,0,1,1,1,1,0,0,1,0,1,0,0,1,0,0,0,1,0,0,0,0,0
69,13.527828485512494,2010,Defender,19,1.83,0,0,13.122363377404328,8,0,0,0,2,0,0,0,0.0,0.0,0.0,0.0,0.0,0,1,1,1,1,0,0,1,0,1,0,0,0,0,0,0,1,0,0,0,0,0
70,14.827111469642754,2010,Defender,23,1.96,1,0,15.068273526459642,24,3,0,0,5,0,0,0,0.0,0.0,0.0,0.0,0.0,1,0,0,1,1,0,1,1,1,1,0,0,1,0,0,0,1,0,0,0,0,1
71,12.409013489526863,2010,Forward,18,1.91,0,0,10.819778284410283,15,0,0,0,2,0,0,0,0.0,0.0,0.0,0.0,0.0,1,0,0,1,1,0,1,1,1,1,0,0,1,0,0,0,1,0,0,0,0,1
72,15.761420707019587,2010,Forward,29,2.02,0,0,15.89495209964411,20,5,1,0,9,1,0,1,7.0,1.0,0.0,28.0,12.0,0,0,1,0,1,0,1,1,1,1,0,0,1,0,0,0,1,0,0,0,0,0
73,15.38412647587812,2010,Defender,26,1.78,0,670,14.73180128983843,24,2,1,0,5,1,0,0,0.0,0.0,0.0,4.0,1.0,0,0,0,0,0,0,1,1,1,1,0,0,0,0,0,0,0,0,0,1,0,0
74,13.304684934198283,2010,Defender,31,1.9,0,123,14.73180128983843,10,1,0,0,1,0,0,0,0.0,0.0,0.0,14.0,0.0,0,0,0,0,1,0,1,1,1,1,0,0,1,0,0,0,1,0,0,0,0,0
75,16.588099280204055,2010,Forward,24,1.8,0,0,16.213405830762646,29,13,2,2,3,2,0,0,0.0,0.0,0.0,13.0,7.0,0,0,1,0,1,0,1,1,1,1,0,0,1,0,0,0,0,1,0,0,0,0
76,15.761420707019587,2010,Midfielder,26,1.72,1,0,15.955576721460545,19,0,3,0,2,0,0,1,5.0,0.0,1.0,2.0,0.0,0,0,1,0,1,0,1,1,1,1,0,0,1,0,0,0,0,1,0,0,0,0
77,14.73180128983843,2010,Goalkeeper,22,1.93,0,0,14.73180128983843,36,0,0,0,3,0,0,0,0.0,0.0,0.0,0.0,0.0,0,0,0,0,1,0,1,1,1,1,0,0,1,0,0,0,1,0,0,0,0,0
78,15.319587954740548,2010,Midfielder,26,1.86,0,0,16.300417207752275,31,0,1,0,11,1,0,0,0.0,0.0,0.0,27.0,0.0,0,1,1,1,1,0,0,0,0,1,0,0,1,0,0,0,1,0,0,0,0,0
79,15.096444403426338,2010,Forward,20,1.77,0,0,13.710150042306449,43,12,4,2,6,1,0,0,0.0,0.0,0.0,0.0,0.0,1,1,1,1,1,0,0,0,1,1,0,0,0,0,0,0,1,0,0,0,0,1
80,14.346138809026444,2010,Forward,27,1.89,0,0,14.22097566607244,21,6,1,0,0,0,0,0,0.0,0.0,0.0,2.0,0.0,0,1,1,1,1,0,0,0,0,1,0,0,0,0,0,0,1,0,0,0,0,1
81,12.959844447906553,2010,Goalkeeper,27,1.98,0,0,14.914122846632385,16,0,0,0,0,0,0,0,0.0,0.0,0.0,8.0,0.0,0,1,1,1,1,0,0,0,1,1,0,0,1,0,0,0,1,0,0,0,0,0
82,12.765688433465597,2010,Defender,30,1.84,1,0,14.73180128983843,1,0,0,0,1,0,0,0,0.0,0.0,0.0,6.0,0.0,0,1,1,1,1,0,0,1,0,1,0,0,1,0,0,0,0,0,0,1,0,0
83,17.4264284706085,2010,Forward,24,1.93,1,0,17.216707939626428,17,10,0,0,4,0,0,1,4.0,2.0,0.0,18.0,10.0,0,0,1,0,1,0,1,1,1,1,0,0,1,0,0,1,1,0,0,0,0,0
84,17.216707939626428,2010,Midfielder,27,1.88,0,0,16.70588231586044,31,1,5,0,4,0,1,0,8.0,0.0,2.0,9.0,1.0,0,0,1,0,1,0,1,1,1,1,0,0,1,0,0,1,0,1,0,0,0,0
85,17.19990082131005,2010,Forward,20,1.89,0,0,17.073607095985757,34,10,6,0,9,1,1,0,8.0,1.0,1.0,0.0,0.0,0,0,1,0,1,0,1,1,1,1,0,0,1,0,0,1,1,0,0,0,0,0
86,17.174148325207632,2010,Midfielder,24,1.7,0,1082,17.281246460764002,37,9,9,0,8,1,0,1,7.0,1.0,3.0,22.0,4.0,0,0,1,0,1,0,1,1,1,1,0,0,0,0,0,1,1,0,0,0,0,0
87,16.987713974634044,2010,Defender,24,1.87,0,0,16.012735135300492,36,3,3,1,9,1,0,1,3.0,0.0,1.0,4.0,0.0,0,0,1,0,1,0,1,1,1,1,0,0,0,0,0,1,1,0,0,0,0,0
88,16.34123920227253,2010,Defender,21,1.92,0,730,16.523560759066484,37,1,0,0,6,1,0,1,10.0,1.0,0.0,6.0,0.0,0,0,1,0,1,0,1,1,1,1,0,0,1,0,0,1,1,0,0,0,0,0
89,16.860032995687696,2010,Forward,26,1.72,0,669,17.14771506813948,10,0,3,0,0,0,0,0,0.0,0.0,0.0,18.0,5.0,0,1,1,1,1,0,0,1,0,1,0,0,1,0,1,0,0,0,0,1,0,0
90,14.73180128983843,2010,Defender,25,1.79,0,0,14.73180128983843,9,1,0,0,1,0,0,0,0.0,0.0,0.0,0.0,0.0,0,1,1,1,1,0,0,1,0,1,0,0,0,0,1,0,1,0,0,0,0,0
91,13.017002861746503,2010,Forward,19,1.82,1,0,13.122363377404328,13,2,0,0,2,0,0,0,0.0,0.0,0.0,0.0,0.0,0,0,0,0,1,0,1,1,1,1,0,0,0,0,0,0,1,0,0,0,0,0
92,13.997832114758229,2010,Midfielder,21,1.85,0,0,14.603967918328545,41,7,5,2,4,0,0,0,0.0,0.0,0.0,0.0,0.0,0,1,1,1,1,0,0,0,1,1,0,0,1,0,1,0,0,1,0,0,0,1
93,17.09265529095645,2010,Forward,24,1.82,1,881,17.034386382832476,18,8,9,2,6,0,1,0,5.0,1.0,3.0,6.0,3.0,0,0,0,0,1,0,1,1,1,1,0,0,1,0,0,1,0,0,0,1,0,0
94,16.38045991542581,2010,Midfielder,27,1.79,0,0,16.213405830762646,33,2,5,0,9,0,1,0,8.0,0.0,1.0,24.0,3.0,0,0,0,0,1,0,1,1,1,1,0,0,0,1,0,1,1,0,0,0,0,0
95,14.845129975145433,2010,Goalkeeper,28,1.94,0,0,14.22097566607244,24,0,0,0,0,1,0,0,0.0,0.0,0.0,0.0,0.0,0,0,0,1,1,0,1,1,1,1,0,0,0,0,0,1,0,0,0,0,0,1
96,14.827111469642754,2010,Defender,18,1.87,0,0,13.815510557964274,16,1,0,0,1,0,1,0,2.0,0.0,0.0,0.0,0.0,0,0,0,0,1,0,1,1,1,1,0,0,0,0,0,1,1,0,0,0,0,0
97,14.508657738524219,2010,Midfielder,18,1.84,0,0,13.764217263576723,24,4,4,0,3,0,0,0,0.0,0.0,0.0,0.0,0.0,1,0,0,1,1,0,1,1,1,1,0,0,1,0,0,1,1,0,0,0,0,1
98,16.811242831518264,2010,Midfielder,26,1.74,0,672,17.073607095985757,47,1,1,0,13,2,1,1,13.0,1.0,1.0,9.0,0.0,0,1,1,1,1,0,0,1,0,1,0,0,1,0,1,0,0,0,0,1,0,0
99,15.761420707019587,2010,Forward,24,1.85,1,522,15.687312734865866,13,1,1,0,0,0,0,1,4.0,0.0,1.0,21.0,1.0,0,1,1,1,1,0,0,1,0,1,0,0,1,0,1,0,1,0,0,0,0,0
100,15.60727002719233,2010,Midfielder,28,1.88,0,0,16.454567887579532,15,0,3,0,0,0,1,1,3.0,0.0,0.0,10.0,2.0,0,1,1,1,1,0,0,0,0,1,0,0,0,0,1,0,1,0,0,0,0,0
101,13.997832114758229,2010,Forward,21,1.8,0,699,14.22097566607244,14,3,3,0,3,0,0,1,2.0,0.0,1.0,0.0,0.0,0,1,1,1,1,0,0,0,0,1,0,0,1,0,1,0,1,0,0,0,0,0
102,15.89495209964411,2011,Defender,28,1.91,0,0,15.424948470398375,38,2,1,0,5,0,0,0,0.0,0.0,0.0,0.0,0.0,1,0,0,1,1,0,1,1,1,1,0,0,1,0,0,0,1,0,0,0,0,1
103,15.137266397946593,2011,Midfielder,24,1.8,0,730,15.319587954740548,14,3,1,0,3,0,0,0,0.0,0.0,0.0,0.0,0.0,1,1,1,1,1,0,1,1,1,1,0,0,0,0,1,0,1,0,0,0,0,1
104,12.611537753638338,2011,Midfielder,23,1.88,1,0,14.22097566607244,16,1,0,0,1,0,0,0,0.0,0.0,0.0,3.0,0.0,0,0,0,0,1,0,1,1,1,1,0,0,1,0,0,0,1,0,0,0,0,0
105,13.955272500339433,2011,Forward,29,2.02,0,312,14.375126345899696,27,8,2,1,6,0,0,0,0.0,0.0,0.0,8.0,1.0,0,1,1,1,1,0,0,0,0,1,0,0,1,0,0,0,1,0,0,0,0,0
106,13.815510557964274,2011,Defender,26,1.93,0,365,14.508657738524219,35,5,1,1,5,1,0,0,0.0,0.0,0.0,0.0,0.0,1,1,1,1,1,0,0,0,1,1,0,0,1,0,0,0,1,0,0,0,0,1
107,12.524526376648708,2011,Forward,25,1.83,1,546,14.22097566607244,22,2,1,0,1,0,0,0,0.0,0.0,0.0,7.0,0.0,0,1,1,1,1,0,0,0,1,1,0,0,1,0,0,0,1,0,0,0,0,1
108,12.100712129872347,2011,Defender,20,1.89,0,0,11.512925464970229,22,1,2,0,4,0,0,0,0.0,0.0,0.0,0.0,0.0,1,1,1,1,1,0,0,0,1,1,0,0,0,0,0,0,1,0,0,0,0,1
109,15.176487111099874,2011,Forward,25,1.83,0,0,14.22097566607244,45,23,9,1,4,0,0,0,0.0,0.0,0.0,0.0,0.0,1,0,0,1,1,0,1,1,1,1,0,0,1,0,0,0,1,0,0,0,0,1
110,14.994165554305921,2011,Forward,26,1.7,0,0,14.914122846632385,37,5,7,0,2,0,0,0,0.0,0.0,0.0,0.0,0.0,1,1,1,1,1,0,1,1,1,1,0,0,1,0,0,0,1,0,0,0,0,1
111,14.508657738524219,2011,Forward,26,1.76,0,0,14.038654109278484,38,12,5,2,3,0,0,0,0.0,0.0,0.0,0.0,0.0,1,0,0,1,1,0,1,1,1,1,0,0,1,0,0,0,1,0,0,0,0,1
112,14.346138809026444,2011,Goalkeeper,27,1.83,0,0,15.424948470398375,39,0,0,0,0,0,0,1,6.0,0.0,0.0,1.0,0.0,0,0,0,0,1,0,1,1,1,1,0,0,1,0,0,0,1,0,0,0,0,0
113,13.652991628466498,2011,Goalkeeper,29,1.85,0,0,14.346138809026444,2,0,0,0,0,0,0,0,0.0,0.0,0.0,0.0,0.0,0,0,0,0,1,0,1,1,1,1,0,0,1,0,0,0,1,0,0,0,0,0
114,12.560244459250788,2011,Defender,19,1.87,0,0,11.918390573078392,1,0,0,0,0,0,0,0,0.0,0.0,0.0,0.0,0.0,0,0,0,0,1,0,1,1,1,1,0,0,1,0,0,0,1,0,0,0,0,0
115,12.560244459250788,2011,Midfielder,26,1.75,0,0,12.323855681186558,42,10,11,4,1,0,0,0,0.0,0.0,0.0,0.0,0.0,1,1,1,1,1,0,0,0,1,1,0,0,1,0,0,0,1,0,0,0,0,1
116,12.043553716032399,2011,Midfielder,23,1.83,0,0,12.206072645530174,26,4,1,1,1,0,0,0,0.0,0.0,0.0,0.0,0.0,0,1,1,1,1,0,0,0,1,1,0,0,1,0,0,0,1,0,0,0,0,1
117,15.163583706263967,2011,Defender,21,1.88,1,0,12.429216196844383,32,1,3,0,3,0,0,0,0.0,0.0,0.0,0.0,0.0,1,0,0,1,1,0,1,1,1,1,0,0,1,0,0,0,1,0,0,0,0,1
118,14.962913010801817,2011,Forward,27,1.88,0,0,13.527828485512494,40,15,5,1,9,1,0,0,0.0,0.0,0.0,0.0,0.0,0,0,0,1,1,0,1,1,1,1,0,0,1,0,0,0,1,0,0,0,0,1
119,14.648419680899378,2011,Forward,22,1.81,0,365,14.22097566607244,31,9,2,2,9,1,0,0,0.0,0.0,0.0,0.0,0.0,1,1,1,1,1,0,1,1,1,1,0,0,1,0,0,0,1,0,0,0,0,1
120,14.626440774180603,2011,Forward,23,1.81,0,0,12.206072645530174,31,10,4,0,3,0,0,0,0.0,0.0,0.0,0.0,0.0,0,0,0,1,1,0,1,1,1,1,0,0,0,1,0,0,1,0,0,0,0,1
121,14.346138809026444,2011,Midfielder,22,1.79,0,0,12.072541252905651,46,6,17,0,3,0,0,0,0.0,0.0,0.0,0.0,0.0,0,0,0,1,1,0,1,1,1,1,0,0,1,0,0,0,0,0,1,0,0,1
122,13.9108207377686,2011,Midfielder,23,1.8,1,0,13.815510557964274,19,1,2,0,4,1,0,0,0.0,0.0,0.0,0.0,0.0,1,0,0,1,1,0,1,1,1,1,0,0,1,0,0,0,1,0,0,0,0,1
123,13.710150042306449,2011,Defender,20,1.9,0,0,13.527828485512494,29,1,2,0,10,0,0,0,0.0,0.0,0.0,0.0,0.0,0,0,0,1,1,0,1,1,1,1,0,0,1,0,0,0,1,0,0,0,0,1
124,13.017002861746503,2011,Forward,25,1.82,0,0,12.429216196844383,41,25,4,0,4,0,0,0,0.0,0.0,0.0,0.0,0.0,1,1,1,1,1,0,0,0,1,1,0,0,1,0,0,0,1,0,0,0,0,1
125,10.819778284410283,2011,Forward,21,1.8,0,0,10.819778284410283,3,0,0,0,0,0,0,0,0.0,0.0,0.0,0.0,0.0,1,1,1,1,1,0,0,0,1,1,0,0,1,0,0,0,1,0,0,0,0,1
126,15.363073066680286,2011,Defender,27,1.78,1,522,14.508657738524219,26,2,4,0,5,0,0,1,4.0,1.0,0.0,4.0,1.0,0,0,0,1,1,0,1,1,1,1,0,0,0,0,0,0,0,0,0,1,0,0
127,15.27412558066379,2011,Goalkeeper,29,1.94,0,727,14.508657738524219,34,0,1,0,0,0,0,0,0.0,0.0,0.0,31.0,0.0,0,1,1,1,1,0,1,1,1,1,0,0,1,0,0,0,0,0,0,0,1,0
128,14.626440774180603,2011,Forward,29,1.6,0,0,15.201804919084164,34,3,7,0,5,0,0,0,0.0,0.0,0.0,0.0,0.0,0,0,0,0,1,0,1,1,1,1,0,0,0,0,0,0,1,0,0,0,0,0
129,13.937728190688523,2011,Midfielder,28,1.71,0,0,14.375126345899696,21,5,2,0,0,0,0,0,0.0,0.0,0.0,11.0,1.0,0,0,0,0,1,0,1,1,1,1,0,0,1,0,0,0,1,0,0,0,0,0
130,16.195056692094447,2011,Forward,25,1.71,0,0,16.012735135300492,34,9,5,0,2,1,0,0,0.0,0.0,0.0,0.0,0.0,0,1,1,1,1,0,1,1,1,1,0,0,0,0,0,0,1,0,0,0,0,0
131,12.560244459250788,2011,Defender,28,1.92,0,365,13.592367006650065,28,0,0,0,15,2,0,0,0.0,0.0,0.0,0.0,0.0,0,1,1,1,1,0,0,1,0,1,0,0,1,0,0,0,1,0,0,0,0,0
132,15.573368475516649,2011,Forward,31,1.84,1,0,15.89495209964411,19,5,7,1,3,0,0,1,4.0,0.0,2.0,0.0,0.0,1,1,1,1,1,0,1,1,1,1,0,0,0,0,0,0,1,0,0,0,0,1
133,15.424948470398375,2011,Forward,30,1.82,1,0,15.60727002719233,24,2,7,1,3,0,0,1,6.0,1.0,2.0,17.0,5.0,0,0,1,0,1,0,1,1,1,1,0,0,1,0,0,0,1,0,0,0,0,0
134,15.363073066680286,2011,Defender,25,1.83,1,911,15.830413578506539,1,0,0,0,0,0,0,0,0.0,0.0,0.0,0.0,0.0,1,1,1,1,1,0,1,1,1,1,0,0,1,0,1,0,1,0,0,0,0,1
135,15.319587954740548,2011,Forward,29,1.66,0,0,15.89495209964411,15,0,1,0,0,0,0,1,8.0,0.0,1.0,20.0,3.0,1,1,1,1,1,0,1,1,1,1,0,0,1,0,1,0,1,0,0,0,0,1
136,14.508657738524219,2011,Forward,29,1.78,0,0,14.73180128983843,34,14,1,0,1,1,0,0,0.0,0.0,0.0,0.0,0.0,1,0,0,1,1,0,1,1,1,1,0,0,1,0,0,0,1,0,0,0,0,1
137,14.115615150414612,2011,Defender,21,1.84,0,699,14.22097566607244,12,0,0,0,1,0,0,1,2.0,0.0,0.0,0.0,0.0,0,1,1,1,1,0,1,1,1,1,0,0,0,0,1,0,0,1,0,0,0,1
138,13.937728190688523,2011,Defender,26,1.85,0,304,15.319587954740548,27,0,0,0,2,0,0,0,0.0,0.0,0.0,0.0,0.0,1,1,1,1,1,0,1,1,1,1,0,0,1,0,0,0,1,0,0,0,0,1
139,13.937728190688523,2011,Defender,32,1.83,0,0,14.914122846632385,23,1,1,0,1,0,0,0,0.0,0.0,0.0,4.0,0.0,1,1,1,1,1,0,1,1,1,1,0,0,1,0,0,0,1,0,0,0,0,1
140,14.403297222866392,2011,Defender,29,1.82,1,0,14.22097566607244,6,0,0,0,0,0,0,0,0.0,0.0,0.0,0.0,0.0,1,1,1,1,1,0,1,1,1,1,0,0,1,0,0,0,1,0,0,0,0,1
141,13.815510557964274,2011,Defender,29,1.91,0,0,13.815510557964274,42,3,1,0,5,0,0,0,0.0,0.0,0.0,18.0,2.0,0,1,1,1,1,0,0,0,1,1,0,0,0,0,0,0,1,0,0,0,0,0
142,17.034386382832476,2011,Goalkeeper,20,1.92,0,730,16.300417207752275,43,0,0,0,2,0,0,1,5.0,0.0,0.0,0.0,0.0,0,0,1,0,1,0,1,1,1,1,0,0,1,0,0,1,1,0,0,0,0,0
143,16.775615653875114,2011,Defender,19,1.85,0,1460,15.068273526459642,26,0,0,0,4,0,0,0,0.0,0.0,0.0,0.0,0.0,1,1,1,1,1,0,1,1,1,1,0,0,1,0,0,1,1,0,0,0,0,1
144,16.70588231586044,2011,Defender,25,1.75,0,0,16.70588231586044,34,7,10,4,8,0,0,0,0.0,0.0,0.0,1.0,0.0,1,1,1,1,1,0,1,1,1,1,0,0,0,1,0,1,1,0,0,0,0,1
145,15.319587954740548,2011,Defender,30,1.92,0,0,15.687312734865866,26,0,3,0,2,0,1,0,6.0,0.0,0.0,32.0,0.0,0,1,1,1,1,0,1,1,1,1,0,0,1,0,1,0,1,0,0,0,0,1
146,15.03928598958639,2011,Forward,22,1.86,0,0,14.914122846632385,10,1,0,0,0,0,1,0,3.0,1.0,0.0,0.0,0.0,0,1,1,1,1,0,1,1,1,1,0,0,1,0,1,0,1,0,0,0,0,0
147,14.22097566607244,2011,Defender,31,1.85,0,0,15.60727002719233,9,0,0,0,2,0,1,0,2.0,0.0,0.0,5.0,0.0,1,1,1,1,1,0,1,1,1,1,0,0,1,0,1,0,1,0,0,0,0,1
148,13.304684934198283,2011,Midfielder,24,1.83,1,0,15.068273526459642,1,0,1,0,0,0,0,0,0.0,0.0,0.0,4.0,0.0,0,1,1,1,1,0,1,1,1,1,0,0,1,0,1,0,1,0,0,0,0,1
149,15.444751097694555,2011,Forward,24,1.8,0,0,14.508657738524219,44,21,10,6,4,0,0,0,0.0,0.0,0.0,4.0,0.0,0,0,0,1,1,0,1,1,1,1,0,0,0,1,0,0,1,0,0,0,0,1
150,14.690979295318174,2011,Defender,27,1.88,1,0,15.319587954740548,17,0,0,0,3,0,0,1,3.0,0.0,0.0,0.0,0.0,1,0,0,1,1,0,1,1,1,1,0,0,0,1,0,0,1,0,0,0,0,1
151,13.081541382884074,2011,Midfielder,20,1.75,1,0,10.819778284410283,8,0,1,0,0,0,0,0,0.0,0.0,0.0,0.0,0.0,0,0,0,0,1,0,1,1,1,1,0,0,1,0,0,0,1,0,0,0,0,0
152,10.968198289528557,2011,Midfielder,31,1.83,1,151,14.22097566607244,14,2,1,0,2,0,0,0,0.0,0.0,0.0,8.0,0.0,0,1,1,1,1,0,1,1,1,1,0,0,1,0,0,0,1,0,0,0,0,1
153,15.60727002719233,2011,Midfielder,26,1.75,0,0,16.300417207752275,48,4,12,0,12,1,0,1,13.0,1.0,2.0,0.0,0.0,0,1,1,1,1,0,0,1,0,1,0,0,1,0,0,0,1,0,0,0,0,0
154,14.603967918328545,2011,Goalkeeper,25,1.88,0,0,15.068273526459642,32,0,0,0,1,0,0,0,0.0,0.0,0.0,1.0,0.0,1,1,1,1,1,0,0,0,0,1,0,0,1,0,0,0,1,0,0,0,0,1
155,14.115615150414612,2011,Forward,24,1.92,0,320,14.508657738524219,18,1,1,0,1,0,0,0,0.0,0.0,0.0,0.0,0.0,1,1,1,1,1,0,0,0,1,1,0,0,0,0,0,0,1,0,0,0,0,1
156,13.815510557964274,2011,Defender,28,1.83,0,0,14.508657738524219,15,0,1,0,1,0,0,0,0.0,0.0,0.0,18.0,4.0,0,1,1,1,1,0,0,0,0,1,0,0,0,0,0,0,1,0,0,0,0,0
157,13.253391639810733,2011,Defender,29,1.92,0,0,14.73180128983843,10,1,0,0,1,1,0,0,0.0,0.0,0.0,11.0,0.0,0,1,1,1,1,0,0,0,1,1,0,0,1,0,0,0,1,0,0,0,0,0
158,16.300417207752275,2011,Midfielder,26,1.87,0,0,16.34123920227253,36,9,9,3,0,0,1,1,9.0,0.0,2.0,15.0,6.0,0,0,0,0,1,0,1,1,1,1,0,0,0,0,0,0,0,0,1,0,0,0
159,14.28551418721001,2011,Midfielder,19,1.88,0,0,14.557447902693651,20,1,0,0,2,0,0,1,6.0,0.0,0.0,0.0,0.0,0,0,1,0,1,0,1,1,1,1,0,0,0,0,0,0,1,0,0,0,0,0
160,13.592367006650065,2011,Midfielder,23,1.83,0,0,13.458835614025542,25,1,1,0,6,0,0,0,0.0,0.0,0.0,0.0,0.0,0,0,0,0,1,0,1,1,1,1,0,0,1,0,0,0,1,0,0,0,0,0
161,13.458835614025542,2011,Midfielder,32,1.8,0,0,14.73180128983843,10,0,2,0,2,0,0,0,0.0,0.0,0.0,0.0,0.0,1,1,1,1,1,0,0,0,1,1,0,0,1,0,0,0,1,0,0,0,0,1
162,13.415032991367148,2011,Midfielder,26,1.83,0,357,13.815510557964274,14,1,0,0,3,0,0,0,0.0,0.0,0.0,7.0,0.0,0,1,1,1,1,0,0,0,1,1,0,0,1,0,0,0,0,1,0,0,0,0
163,13.122363377404328,2011,Defender,31,1.78,0,0,14.73180128983843,23,0,2,0,3,0,0,0,0.0,0.0,0.0,40.0,3.0,0,1,1,1,1,0,0,0,0,0,0,0,1,0,0,0,0,0,1,0,0,0
164,16.300417207752275,2011,Forward,26,1.8,1,0,16.41820024340866,17,9,2,1,2,0,0,0,0.0,0.0,0.0,0.0,0.0,0,0,1,0,1,0,1,1,1,1,0,0,1,0,0,0,0,1,0,0,0,0
165,15.547166103122624,2011,Defender,20,1.87,0,670,15.830413578506539,27,0,1,0,2,0,1,0,4.0,0.0,0.0,2.0,0.0,0,0,1,0,1,0,1,1,1,1,0,0,1,0,0,0,1,0,0,0,0,0
166,15.424948470398375,2011,Midfielder,25,1.73,0,0,16.213405830762646,42,2,11,0,11,0,0,1,6.0,0.0,2.0,0.0,0.0,0,0,1,0,1,0,1,1,1,1,0,0,1,0,0,0,1,0,0,0,0,0
167,13.592367006650065,2011,Forward,26,1.89,0,730,15.761420707019587,29,13,1,0,1,0,0,0,0.0,0.0,0.0,0.0,0.0,0,0,0,1,1,0,1,1,1,1,0,0,1,0,0,0,0,1,0,0,0,0
168,11.918390573078392,2011,Goalkeeper,25,1.9,0,0,12.611537753638338,35,0,0,0,3,0,0,0,0.0,0.0,0.0,0.0,0.0,0,0,0,1,1,0,1,1,1,1,0,0,0,0,0,0,1,0,0,0,0,1
169,15.89495209964411,2011,Defender,25,1.84,0,0,15.830413578506539,36,0,1,0,5,0,0,0,0.0,0.0,0.0,0.0,0.0,0,1,1,1,1,0,1,1,1,1,0,0,0,0,0,1,1,0,0,0,0,0
170,15.03928598958639,2011,Midfielder,29,1.83,0,0,15.89495209964411,30,12,1,1,10,0,0,0,0.0,0.0,0.0,0.0,0.0,1,1,1,1,1,0,0,0,1,1,0,0,1,0,0,0,1,0,0,0,0,1
171,17.10017412337048,2011,Midfielder,23,1.7,0,0,17.073607095985757,40,9,14,2,5,0,1,0,7.0,1.0,3.0,7.0,3.0,0,0,1,0,1,0,1,1,1,1,0,0,0,0,0,1,1,0,0,0,0,0
172,16.523560759066484,2011,Forward,18,1.91,0,1422,16.523560759066484,45,17,6,1,4,1,0,1,8.0,1.0,0.0,0.0,0.0,0,0,0,0,1,0,1,1,1,1,0,0,0,0,0,1,1,0,0,0,0,0
173,16.41820024340866,2011,Midfielder,28,1.79,0,1034,16.588099280204055,40,5,6,0,7,0,0,1,7.0,0.0,1.0,24.0,3.0,0,1,1,1,1,0,1,1,1,1,0,0,0,1,1,1,1,0,0,0,0,0
174,16.007164090251038,2011,Goalkeeper,19,2.0,0,1070,15.201804919084164,40,0,0,0,0,0,0,0,0.0,0.0,0.0,0.0,0.0,0,0,0,0,1,0,1,1,1,1,0,0,0,0,0,1,1,0,0,0,0,0
175,15.943742263813542,2011,Defender,26,1.93,1,0,16.38045991542581,19,2,0,0,2,1,1,0,5.0,0.0,0.0,0.0,0.0,1,1,1,1,1,0,1,1,1,1,0,0,1,0,0,1,1,0,0,0,0,1
176,15.341566861459324,2011,Midfielder,19,1.83,0,0,14.73180128983843,19,1,1,0,5,0,0,0,0.0,0.0,0.0,0.0,0.0,0,0,0,0,1,0,1,1,1,1,0,0,1,0,0,1,1,0,0,0,0,0
177,14.508657738524219,2011,Midfielder,20,1.72,0,0,12.611537753638338,7,0,0,0,0,0,0,0,0.0,0.0,0.0,0.0,0.0,0,0,0,0,0,1,1,1,1,1,0,0,0,0,0,1,0,0,1,0,0,0
178,15.424948470398375,2011,Defender,29,1.88,1,520,16.38045991542581,6,0,0,0,0,0,1,0,3.0,0.0,0.0,0.0,0.0,0,1,1,1,1,0,0,1,0,1,0,0,1,0,1,0,0,0,0,1,0,0
179,15.424948470398375,2011,Midfielder,22,1.94,0,730,14.914122846632385,27,2,2,0,7,0,0,0,0.0,0.0,0.0,0.0,0.0,0,1,1,1,1,0,0,0,0,1,0,0,0,0,1,0,1,0,0,0,0,0
180,14.73180128983843,2011,Defender,23,1.84,0,0,15.068273526459642,16,0,0,0,1,0,0,0,0.0,0.0,0.0,0.0,0.0,0,1,1,1,1,0,0,1,0,1,0,0,1,0,1,0,0,1,0,0,0,1
181,14.508657738524219,2011,Defender,22,1.91,0,312,14.73180128983843,24,0,0,0,3,0,0,0,0.0,0.0,0.0,0.0,0.0,0,1,1,1,1,0,0,1,0,1,0,0,0,0,1,0,1,0,0,0,0,0
182,12.793859310432293,2011,Forward,20,1.8,0,0,11.512925464970229,9,6,2,0,3,0,0,0,0.0,0.0,0.0,0.0,0.0,0,1,1,1,1,0,0,1,0,1,0,0,1,0,1,0,1,0,0,0,0,1
183,16.440179150127435,2011,Midfielder,17,1.8,0,0,14.73180128983843,34,9,8,0,2,0,0,0,0.0,0.0,0.0,0.0,0.0,1,0,0,1,1,0,1,1,1,1,0,0,1,0,0,1,1,0,0,0,0,1
184,16.300417207752275,2011,Midfielder,29,1.77,0,0,16.523560759066484,29,3,5,0,1,1,0,0,0.0,0.0,0.0,0.0,0.0,0,1,1,1,1,0,1,1,1,1,0,0,1,0,0,1,1,0,0,0,0,0
185,16.300417207752275,2011,Forward,24,1.79,0,0,16.523560759066484,40,15,10,0,4,1,0,1,5.0,0.0,0.0,6.0,1.0,0,0,1,0,1,0,1,1,1,1,0,0,1,0,0,1,0,1,0,0,0,0
186,16.240313283682568,2011,Defender,26,2.0,0,0,16.34123920227253,35,2,0,0,1,0,1,0,5.0,0.0,0.0,39.0,1.0,0,0,1,0,1,0,1,1,1,1,0,0,1,0,0,1,1,0,0,0,0,0
187,15.761420707019587,2011,Defender,28,1.8,0,1034,15.955576721460545,25,5,0,0,5,0,0,0,0.0,0.0,0.0,5.0,0.0,0,0,0,0,1,0,1,1,1,1,0,0,0,0,0,1,0,0,0,1,0,0
188,15.687312734865866,2011,Forward,26,1.82,0,670,15.761420707019587,33,12,0,4,3,0,0,0,0.0,0.0,0.0,22.0,7.0,0,0,0,0,1,0,1,1,1,1,0,0,1,0,0,1,0,0,0,0,1,0
189,13.937728190688523,2011,Defender,19,1.85,0,0,10.819778284410283,12,0,0,0,1,0,0,0,0.0,0.0,0.0,0.0,0.0,1,0,0,1,1,0,1,1,1,1,0,0,1,0,0,1,1,0,0,0,0,1
190,17.341871082580436,2011,Midfielder,24,1.79,0,1050,17.80449460452855,30,6,13,2,5,0,1,0,5.0,3.0,2.0,32.0,4.0,0,1,1,1,1,0,0,1,0,1,0,0,1,0,1,0,1,0,0,0,0,1
191,17.1296965626368,2011,Midfielder,24,1.77,0,0,17.073607095985757,38,12,4,1,5,0,1,0,8.0,2.0,3.0,8.0,1.0,0,1,1,1,1,0,1,1,1,1,0,0,1,0,1,1,1,0,0,0,0,0
192,15.86320340132953,2011,Defender,25,1.76,0,0,16.523560759066484,39,0,2,0,3,0,1,0,6.0,0.0,1.0,3.0,0.0,0,1,1,1,1,0,1,1,1,1,0,0,0,0,1,1,1,0,0,0,0,1
193,15.068273526459642,2011,Defender,28,1.78,0,0,15.60727002719233,19,1,0,0,6,0,1,0,6.0,0.0,0.0,8.0,0.0,0,1,1,1,1,0,0,0,0,1,0,0,1,0,1,0,0,1,0,0,0,0
194,14.038654109278484,2011,Midfielder,20,1.91,0,0,12.611537753638338,16,2,3,0,0,0,1,0,1.0,0.0,0.0,0.0,0.0,1,1,1,1,1,0,0,0,1,1,0,0,0,0,1,0,1,0,0,0,0,1
195,16.240313283682568,2011,Forward,30,2.01,0,0,16.11809565095832,43,8,9,0,1,1,1,0,9.0,4.0,3.0,20.0,10.0,1,1,1,1,1,0,1,1,1,1,0,0,1,0,1,0,1,0,0,0,0,1
196,16.012735135300492,2011,Midfielder,26,1.81,0,0,16.454567887579532,27,0,0,0,6,0,1,0,6.0,0.0,0.0,23.0,2.0,0,1,1,1,1,0,1,1,1,1,0,0,1,0,1,0,0,0,1,0,0,0
197,15.319587954740548,2011,Forward,25,1.85,0,0,15.319587954740548,34,3,6,0,2,0,0,0,0.0,0.0,0.0,0.0,0.0,0,0,0,1,1,0,1,1,1,1,0,0,1,0,0,0,0,0,1,0,0,1
198,13.9108207377686,2011,Midfielder,20,1.8,1,181,11.918390573078392,22,5,6,0,2,0,0,0,0.0,0.0,0.0,0.0,0.0,1,1,1,1,1,0,0,0,1,1,0,0,1,0,0,0,1,0,0,0,0,1
199,12.560244459250788,2011,Defender,24,1.85,0,0,13.592367006650065,36,0,1,0,5,1,0,0,0.0,0.0,0.0,0.0,0.0,1,1,1,1,1,0,0,0,1,1,0,0,0,0,0,0,1,0,0,0,0,1
200,15.319587954740548,2011,Defender,26,1.85,0,304,15.830413578506539,25,2,1,0,3,0,1,0,4.0,0.0,0.0,9.0,0.0,0,1,1,1,1,0,1,1,1,1,0,0,1,0,1,0,1,0,0,0,0,0
201,15.137266397946593,2011,Goalkeeper,35,1.85,0,0,15.520258650202699,3,0,0,0,0,0,0,1,3.0,0.0,0.0,35.0,0.0,0,1,1,1,1,0,1,1,1,1,0,0,1,0,1,0,1,0,0,0,0,1
202,16.94227109392467,2011,Midfielder,26,1.8,0,0,16.300417207752275,38,7,7,0,0,0,0,0,0.0,0.0,0.0,12.0,0.0,1,1,1,1,1,0,1,1,1,1,0,0,0,0,0,1,1,0,0,0,0,1
203,15.319587954740548,2011,Forward,22,1.9,0,0,15.319587954740548,32,4,1,0,2,0,0,1,7.0,2.0,0.0,0.0,0.0,0,1,1,1,1,0,1,1,1,1,0,0,1,0,1,0,1,0,0,0,0,0
204,15.096444403426338,2011,Forward,20,1.79,1,0,13.815510557964274,26,8,3,2,3,0,0,0,0.0,0.0,0.0,0.0,0.0,1,0,0,1,1,0,1,1,1,1,0,0,1,0,0,0,1,0,0,0,0,1
205,14.946912669455374,2011,Defender,24,1.86,1,0,12.429216196844383,28,0,1,0,2,0,0,0,0.0,0.0,0.0,0.0,0.0,0,0,0,0,0,0,1,1,1,1,0,0,0,0,0,0,0,0,1,0,0,0
206,14.346138809026444,2011,Defender,28,1.81,0,0,14.73180128983843,44,1,5,0,10,1,0,0,0.0,0.0,0.0,0.0,0.0,1,0,0,1,1,0,1,1,1,1,0,0,1,0,0,0,1,0,0,0,0,1
207,14.346138809026444,2011,Forward,25,1.83,0,0,15.068273526459642,43,11,10,4,3,0,0,0,0.0,0.0,0.0,0.0,0.0,1,0,0,1,1,0,1,1,1,1,0,0,1,0,0,0,1,0,0,0,0,1
208,14.73180128983843,2011,Midfielder,29,1.77,0,0,15.687312734865866,36,2,3,0,4,0,0,0,0.0,0.0,0.0,0.0,0.0,1,1,1,1,1,0,0,0,1,1,0,0,0,0,0,0,1,0,0,0,0,1
209,13.937728190688523,2011,Forward,20,1.8,0,0,10.819778284410283,12,3,0,0,1,0,0,0,0.0,0.0,0.0,0.0,0.0,1,1,1,1,1,0,0,0,1,1,0,0,0,0,0,0,1,0,0,0,0,1
210,16.012735135300492,2011,Forward,18,1.89,0,0,15.201804919084164,37,9,1,1,6,0,0,0,0.0,0.0,0.0,0.0,0.0,1,0,0,1,1,0,1,1,1,1,0,0,1,0,0,0,1,0,0,0,0,1
211,15.702580206996654,2011,Midfielder,24,1.76,0,0,15.201804919084164,29,8,0,1,8,2,0,0,0.0,0.0,0.0,0.0,0.0,1,0,0,1,1,0,1,1,1,1,0,0,1,0,0,0,1,0,0,0,0,1
212,16.70588231586044,2011,Midfielder,21,1.82,0,730,15.955576721460545,37,3,4,0,2,0,0,0,0.0,0.0,0.0,0.0,0.0,1,1,1,1,1,0,1,1,1,1,0,0,1,0,0,1,1,0,0,0,0,1
213,17.50439001207821,2011,Forward,23,1.73,0,1068,17.399029496420383,36,23,4,1,7,0,0,1,4.0,3.0,1.0,3.0,0.0,0,0,1,0,1,0,1,1,1,1,0,0,1,0,0,1,0,0,0,1,0,0
214,16.300417207752275,2011,Defender,20,1.87,0,0,15.60727002719233,27,1,0,0,1,0,1,0,4.0,0.0,0.0,0.0,0.0,0,0,0,0,1,0,1,1,1,1,0,0,1,0,0,1,1,0,0,0,0,0
215,16.41820024340866,2011,Defender,22,1.92,0,1447,16.523560759066484,21,0,0,0,1,0,0,1,5.0,0.0,0.0,6.0,0.0,0,1,1,1,1,0,0,1,0,1,0,0,1,0,1,0,1,0,0,0,0,0
216,13.815510557964274,2011,Forward,22,1.83,0,365,15.424948470398375,27,13,1,1,8,0,0,0,0.0,0.0,0.0,0.0,0.0,0,1,1,1,1,0,0,1,0,1,0,0,0,0,1,0,0,0,0,1,0,0
217,15.732433170146335,2011,Defender,24,1.94,0,0,15.319587954740548,20,2,1,0,4,0,0,0,0.0,0.0,0.0,0.0,0.0,1,0,0,1,1,0,1,1,1,1,0,0,1,0,0,0,1,0,0,0,0,1
218,15.03928598958639,2011,Forward,22,1.75,0,0,14.73180128983843,38,17,10,2,5,0,0,0,0.0,0.0,0.0,0.0,0.0,0,0,0,0,1,0,1,1,1,1,0,0,1,0,0,0,1,0,0,0,0,0
219,15.009433026436708,2011,Defender,22,1.93,0,691,14.73180128983843,30,9,3,3,4,0,1,0,5.0,0.0,0.0,2.0,0.0,0,0,0,0,1,0,1,1,1,1,0,0,1,0,0,0,1,0,0,0,0,0
220,14.648419680899378,2011,Forward,25,1.8,0,312,15.573368475516649,28,3,3,0,5,0,0,1,4.0,1.0,1.0,9.0,0.0,0,0,0,0,1,0,1,1,1,1,0,0,0,0,0,0,1,0,0,0,0,0
221,15.60727002719233,2011,Forward,23,1.87,0,688,15.319587954740548,18,5,1,0,2,1,0,0,0.0,0.0,0.0,2.0,0.0,0,1,1,1,1,0,0,0,0,1,0,0,0,1,0,0,1,0,0,0,0,0
222,13.296316684527767,2011,Forward,34,1.85,1,0,14.22097566607244,10,0,1,0,2,0,0,0,0.0,0.0,0.0,8.0,5.0,0,1,1,1,1,0,0,0,1,1,0,0,1,0,0,0,0,0,1,0,0,1
223,12.765688433465597,2011,Goalkeeper,23,1.85,0,0,12.429216196844383,16,0,0,0,0,0,0,0,0.0,0.0,0.0,0.0,0.0,1,1,1,1,1,0,0,0,1,1,0,0,1,0,0,0,1,0,0,0,0,1
224,15.564710412773533,2011,Midfielder,30,1.8,0,0,16.454567887579532,32,5,2,0,8,0,0,0,0.0,0.0,0.0,1.0,0.0,1,0,0,1,1,0,1,1,1,1,0,0,1,0,0,1,1,0,0,0,0,1
225,13.815510557964274,2011,Forward,22,1.74,1,531,14.508657738524219,1,0,0,0,0,0,0,1,5.0,0.0,0.0,0.0,0.0,0,0,0,0,1,0,1,1,1,1,0,0,0,0,0,1,1,0,0,0,0,0
226,15.137266397946593,2011,Forward,31,1.75,0,685,15.520258650202699,20,2,0,0,0,0,1,0,4.0,0.0,0.0,36.0,17.0,0,1,1,1,1,0,0,0,0,0,0,0,1,0,1,0,1,0,0,0,0,1
227,15.943742263813542,2011,Midfielder,25,1.85,0,0,15.319587954740548,35,12,8,7,11,0,0,0,0.0,0.0,0.0,1.0,0.0,0,0,0,1,1,0,1,1,1,1,0,0,0,0,0,1,1,0,0,0,0,0
228,14.346138809026444,2011,Defender,30,1.78,0,0,15.201804919084164,34,1,1,0,6,1,0,1,3.0,0.0,0.0,0.0,0.0,1,1,1,1,1,0,0,0,1,1,0,0,0,0,1,0,1,0,0,0,0,1
229,14.22097566607244,2011,Defender,22,1.79,0,308,15.38412647587812,16,0,0,0,2,0,0,0,0.0,0.0,0.0,0.0,0.0,0,1,1,1,1,0,0,0,0,1,0,0,0,0,1,0,0,0,0,1,0,0
230,13.592367006650065,2011,Forward,30,1.83,0,0,15.761420707019587,14,1,0,0,1,0,0,1,4.0,1.0,0.0,18.0,8.0,0,1,1,1,1,0,0,0,0,1,0,0,0,0,1,0,1,0,0,0,0,0
231,17.37085861945369,2012,Forward,21,1.75,0,729,17.312018119430753,44,20,16,9,3,0,1,0,6.0,0.0,1.0,13.0,1.0,0,0,1,0,1,0,1,1,1,1,0,0,1,0,0,1,1,0,0,0,0,0
232,16.25785759333348,2012,Forward,21,1.77,0,0,15.687312734865866,38,6,1,0,4,0,0,0,0.0,0.0,0.0,0.0,0.0,0,1,1,1,1,0,1,1,1,1,0,0,1,0,0,1,0,1,0,0,0,1
233,15.990262279448435,2012,Defender,22,1.78,0,0,15.830413578506539,38,1,1,0,5,0,1,0,8.0,0.0,0.0,0.0,0.0,0,0,1,0,1,0,1,1,1,1,0,0,1,0,0,1,1,0,0,0,0,0
234,15.955576721460545,2012,Forward,27,1.89,1,0,16.523560759066484,21,13,0,1,0,0,0,1,1.0,0.0,0.0,3.0,0.0,0,1,1,1,1,0,1,1,1,1,0,0,1,0,0,1,0,1,0,0,0,0
235,15.89495209964411,2012,Midfielder,23,1.7,0,364,16.38045991542581,21,1,4,0,2,0,0,0,0.0,0.0,0.0,7.0,0.0,0,0,1,0,1,0,1,1,1,1,0,0,1,0,0,1,1,0,0,0,0,0
236,13.122363377404328,2012,Forward,19,1.75,0,706,13.122363377404328,14,0,1,0,1,0,0,0,0.0,0.0,0.0,0.0,0.0,0,0,0,0,1,0,1,1,1,1,0,0,1,0,0,1,1,0,0,0,0,0
237,16.523560759066484,2012,Forward,23,1.88,1,179,16.588099280204055,9,1,0,0,0,0,1,0,2.0,0.0,0.0,0.0,0.0,1,1,1,1,1,0,1,1,1,1,0,0,0,0,1,1,1,0,0,0,0,1
238,16.11809565095832,2012,Midfielder,29,1.79,0,1030,16.523560759066484,41,4,5,0,13,0,1,0,11.0,2.0,1.0,39.0,5.0,0,1,1,1,1,0,0,0,0,1,0,0,0,1,1,0,1,0,0,0,0,0
239,15.761420707019587,2012,Forward,27,1.73,0,0,16.012735135300492,40,4,6,0,5,0,1,1,10.0,2.0,3.0,3.0,0.0,0,0,1,0,1,0,1,1,1,1,0,0,1,0,0,0,1,0,0,0,0,0
240,15.761420707019587,2012,Midfielder,23,1.89,0,675,15.068273526459642,35,7,6,1,4,0,0,1,5.0,1.0,0.0,18.0,3.0,0,0,0,0,1,0,1,1,1,1,0,0,1,0,0,0,0,0,0,0,1,0
241,14.759416456871403,2012,Forward,26,1.85,0,0,15.60727002719233,37,15,3,0,9,1,0,0,0.0,0.0,0.0,0.0,0.0,0,0,1,0,1,0,1,1,1,1,0,0,0,0,0,0,1,0,0,0,0,0
242,14.73180128983843,2012,Defender,25,1.87,0,1085,15.068273526459642,33,0,2,0,14,0,0,0,0.0,0.0,0.0,0.0,0.0,0,0,1,0,1,0,1,1,1,1,0,0,1,0,0,0,1,0,0,0,0,0
243,14.077874822431765,2012,Defender,21,1.94,0,682,13.122363377404328,19,0,0,0,5,0,0,0,0.0,0.0,0.0,0.0,0.0,1,0,0,1,1,0,1,1,1,1,0,0,1,0,0,0,1,0,0,0,0,1
244,16.759949537130716,2012,Midfielder,22,1.7,0,1054,15.201804919084164,36,4,2,0,3,1,0,0,0.0,0.0,0.0,2.0,0.0,0,1,1,1,1,0,1,1,1,1,0,0,1,0,0,1,1,0,0,0,0,1
245,15.86963429165982,2012,Forward,23,1.77,0,0,15.89495209964411,38,8,4,4,1,0,0,0,0.0,0.0,0.0,0.0,0.0,1,1,1,1,1,0,1,1,1,1,0,0,1,0,0,1,1,0,0,0,0,1
246,15.573368475516649,2012,Forward,27,1.83,1,880,15.201804919084164,18,3,1,0,0,0,0,0,0.0,0.0,0.0,0.0,0.0,1,1,1,1,1,0,1,1,1,1,0,0,1,0,0,0,1,0,0,0,0,1
247,17.239773212557427,2012,Forward,29,1.83,0,317,17.676240269004868,45,34,9,3,8,0,1,0,7.0,4.0,0.0,43.0,17.0,0,1,1,1,1,0,1,1,1,1,0,0,0,0,1,1,1,0,0,0,0,0
248,16.588099280204055,2012,Midfielder,23,1.75,0,364,16.90655301132259,37,14,11,0,1,0,1,0,6.0,1.0,0.0,10.0,2.0,0,0,1,0,1,0,1,1,1,1,0,0,1,0,0,1,0,0,0,0,1,0
249,15.830413578506539,2012,Midfielder,18,1.83,0,0,12.429216196844383,38,14,6,0,2,1,0,0,0.0,0.0,0.0,0.0,0.0,1,0,0,1,1,0,1,1,1,1,0,0,0,1,0,1,1,0,0,0,0,1
250,15.424948470398375,2012,Defender,23,1.74,0,0,14.914122846632385,32,5,3,3,2,0,0,0,0.0,0.0,0.0,0.0,0.0,0,0,0,0,1,0,1,1,1,1,0,0,0,0,0,1,1,0,0,0,0,0
251,14.946912669455374,2012,Midfielder,31,1.78,0,0,15.687312734865866,24,2,1,0,0,0,1,1,7.0,0.0,0.0,51.0,9.0,0,1,1,1,1,0,1,1,1,1,0,0,0,1,1,0,0,0,0,0,1,0
252,14.038654109278484,2012,Defender,23,1.84,0,0,14.038654109278484,6,1,0,0,1,0,0,0,0.0,0.0,0.0,0.0,0.0,0,1,1,1,1,0,0,0,1,1,0,0,1,0,1,0,1,0,0,0,0,0
253,15.424948470398375,2012,Goalkeeper,29,1.93,0,364,15.424948470398375,37,0,0,0,0,0,0,0,0.0,0.0,0.0,1.0,0.0,1,0,0,1,1,0,1,1,1,1,0,0,0,0,0,0,1,0,0,0,0,1
254,14.73180128983843,2012,Forward,25,1.8,0,0,14.508657738524219,18,0,1,0,2,0,0,0,0.0,0.0,0.0,9.0,0.0,0,1,1,1,1,0,0,0,1,1,0,0,0,0,0,0,1,0,0,0,0,1
255,14.0225247273486,2012,Forward,21,1.91,1,0,13.815510557964274,19,11,2,0,1,0,0,0,0.0,0.0,0.0,4.0,0.0,0,1,1,1,1,0,0,0,1,1,0,0,1,0,0,0,0,0,0,0,0,1
256,14.73180128983843,2012,Forward,26,1.81,0,0,15.424948470398375,26,3,7,0,6,0,0,0,0.0,0.0,0.0,0.0,0.0,0,0,1,0,1,0,1,1,1,1,0,0,1,0,0,0,0,0,0,0,1,0
257,14.73180128983843,2012,Defender,27,1.77,0,0,15.424948470398375,29,2,2,0,5,0,0,0,0.0,0.0,0.0,4.0,0.0,1,1,1,1,1,0,1,1,1,1,0,0,0,0,0,0,1,0,0,0,0,1
258,16.759949537130716,2012,Midfielder,25,1.85,0,0,16.38045991542581,40,2,3,0,6,1,0,1,4.0,0.0,1.0,24.0,5.0,0,1,1,1,1,0,1,1,1,1,0,0,0,0,0,1,1,0,0,0,0,0
259,15.830413578506539,2012,Forward,29,1.85,0,0,16.523560759066484,41,18,7,0,3,0,0,1,4.0,1.0,1.0,31.0,10.0,0,1,1,1,1,0,1,1,1,1,0,0,1,0,0,1,0,0,1,0,0,0
260,14.457364444136669,2012,Midfielder,30,1.89,0,0,14.508657738524219,26,0,0,0,6,0,0,1,4.0,0.0,0.0,7.0,0.0,0,1,1,1,1,0,0,0,1,1,0,0,1,0,0,0,0,1,0,0,0,1
261,14.22097566607244,2012,Defender,29,1.84,1,0,14.508657738524219,2,0,0,0,0,0,0,0,0.0,0.0,0.0,10.0,0.0,0,1,1,1,1,0,1,1,1,1,0,0,1,0,0,0,1,0,0,0,0,1
262,13.567049198665774,2012,Midfielder,24,1.83,0,0,13.122363377404328,4,0,0,0,1,0,0,1,2.0,0.0,0.0,0.0,0.0,0,1,1,1,1,0,0,0,0,1,0,0,1,0,0,0,1,0,0,0,0,0
263,15.955576721460545,2012,Midfielder,23,1.69,0,683,15.60727002719233,41,2,2,0,4,0,1,1,8.0,0.0,0.0,1.0,0.0,0,0,0,0,1,0,1,1,1,1,0,0,1,0,0,0,0,0,1,0,0,0
264,15.89495209964411,2012,Defender,23,1.84,1,0,16.012735135300492,22,0,0,0,3,0,1,0,6.0,0.0,0.0,0.0,0.0,0,0,1,0,1,0,1,1,1,1,0,0,1,0,0,0,1,0,0,0,0,0
265,15.64005985001532,2012,Defender,27,1.77,1,0,16.523560759066484,18,0,1,0,4,1,1,0,3.0,0.0,0.0,5.0,0.0,0,0,1,0,1,0,1,1,1,1,0,0,1,0,0,0,1,0,0,0,0,0
266,14.73180128983843,2012,Defender,20,1.79,1,522,14.508657738524219,17,0,2,0,3,0,0,1,4.0,0.0,0.0,0.0,0.0,0,0,1,0,1,0,1,1,1,1,0,0,0,0,0,0,0,1,0,0,0,0
267,14.508657738524219,2012,Midfielder,23,1.87,1,0,16.11809565095832,19,1,1,0,2,0,0,1,6.0,0.0,1.0,2.0,0.0,0,0,1,0,1,0,1,1,1,1,0,0,1,0,0,0,1,0,0,0,0,0
268,14.508657738524219,2012,Forward,26,1.75,1,0,15.830413578506539,23,10,1,0,0,0,0,1,3.0,2.0,0.0,0.0,0.0,0,0,1,0,1,0,1,1,1,1,0,0,1,0,0,0,1,0,0,0,0,0
269,14.038654109278484,2012,Midfielder,18,1.75,0,0,13.527828485512494,26,0,1,0,2,1,0,0,0.0,0.0,0.0,0.0,0.0,0,0,0,1,1,0,1,1,1,1,0,0,1,0,0,0,0,1,0,0,0,1
270,13.151922179645874,2012,Defender,19,1.95,0,0,12.206072645530174,24,1,0,0,3,0,0,0,0.0,0.0,0.0,0.0,0.0,0,0,0,0,0,0,1,1,1,1,0,0,0,0,0,0,0,0,0,0,0,0
271,15.150511624696614,2012,Forward,25,1.87,0,0,14.914122846632385,18,4,2,0,2,0,0,0,0.0,0.0,0.0,4.0,0.0,0,1,1,1,1,0,0,0,1,1,0,0,1,0,0,0,1,0,0,0,0,1
272,14.73180128983843,2012,Goalkeeper,24,2.01,0,725,14.508657738524219,38,0,0,0,1,0,0,1,5.0,0.0,0.0,0.0,0.0,1,1,1,1,1,0,0,0,0,1,0,0,1,0,0,0,1,0,0,0,0,1
273,16.759949537130716,2012,Midfielder,27,1.68,0,1057,16.811242831518264,38,9,5,0,2,0,0,0,0.0,0.0,0.0,25.0,1.0,0,0,1,0,1,0,1,1,1,1,0,0,0,1,0,1,1,0,0,0,0,0
274,16.523560759066484,2012,Forward,27,1.82,0,364,16.811242831518264,29,18,7,3,3,1,0,0,0.0,0.0,0.0,55.0,29.0,0,0,0,0,1,0,1,1,1,1,0,0,0,0,0,1,1,0,0,0,0,0
275,16.300417207752275,2012,Forward,25,1.92,0,364,16.38045991542581,36,21,9,2,6,0,0,0,0.0,0.0,0.0,3.0,0.0,0,0,1,0,1,0,1,1,1,1,0,0,0,0,0,1,1,0,0,0,0,0
276,16.11809565095832,2012,Defender,26,1.79,1,1246,15.60727002719233,16,1,2,0,3,0,1,0,2.0,0.0,0.0,1.0,0.0,0,0,1,0,1,0,1,1,1,1,0,0,0,0,0,1,1,0,0,0,0,0
277,16.759949537130716,2012,Midfielder,24,1.85,0,1044,17.034386382832476,41,1,11,0,13,0,1,0,7.0,0.0,0.0,5.0,0.0,0,1,1,1,1,0,0,1,0,1,0,0,1,0,1,0,0,1,0,0,0,1
278,16.454567887579532,2012,Forward,23,1.77,0,1054,15.89495209964411,35,12,5,0,2,0,0,0,0.0,0.0,0.0,14.0,3.0,0,1,1,1,1,0,0,1,0,1,0,0,0,0,1,0,0,0,1,0,0,0
279,14.038654109278484,2012,Midfielder,21,1.83,0,671,14.22097566607244,24,1,3,0,5,0,0,0,0.0,0.0,0.0,0.0,0.0,1,1,1,1,1,0,0,0,1,1,0,0,1,0,1,0,1,0,0,0,0,1
280,15.990262279448435,2012,Forward,21,1.9,0,0,14.914122846632385,37,16,7,0,1,1,0,0,0.0,0.0,0.0,1.0,0.0,0,0,0,0,1,0,1,1,1,1,0,0,1,0,0,0,1,0,0,0,0,0
281,15.150511624696614,2012,Defender,27,1.89,0,0,15.60727002719233,34,0,3,0,3,0,0,0,0.0,0.0,0.0,3.0,0.0,0,0,0,0,1,0,1,1,1,1,0,0,1,0,0,0,1,0,0,0,0,0
282,15.137266397946593,2012,Defender,23,1.8,0,0,15.068273526459642,44,6,4,0,4,1,0,0,0.0,0.0,0.0,0.0,0.0,1,0,0,1,1,0,1,1,1,1,0,0,1,0,0,0,1,0,0,0,0,1
283,14.962913010801817,2012,Defender,22,1.78,0,0,14.038654109278484,41,1,2,0,10,1,0,0,0.0,0.0,0.0,0.0,0.0,1,0,0,1,1,0,1,1,1,1,0,0,0,0,0,0,1,0,0,0,0,1
284,14.845129975145433,2012,Midfielder,27,1.79,0,363,15.137266397946593,31,2,5,0,8,0,0,0,0.0,0.0,0.0,1.0,0.0,0,0,0,0,1,0,1,1,1,1,0,0,1,0,0,0,0,1,0,0,0,0
285,14.690979295318174,2012,Midfielder,22,1.84,1,0,13.592367006650065,21,0,1,0,6,0,0,0,0.0,0.0,0.0,0.0,0.0,0,0,0,0,1,0,1,1,1,1,0,0,1,0,0,0,0,1,0,0,0,0
286,13.353475098367715,2012,Forward,21,1.85,0,0,11.225243392518447,40,8,5,0,2,0,0,0,0.0,0.0,0.0,0.0,0.0,1,0,0,1,1,0,1,1,1,1,0,0,1,0,0,0,1,0,0,0,0,1
287,14.978661367769956,2012,Defender,28,1.88,0,0,15.424948470398375,32,1,0,0,7,0,0,0,0.0,0.0,0.0,27.0,2.0,0,1,1,1,1,0,1,1,1,1,0,0,1,0,0,0,1,0,0,0,0,1
288,15.60727002719233,2012,Forward,24,1.85,0,0,15.424948470398375,23,9,1,0,2,1,0,0,0.0,0.0,0.0,7.0,0.0,0,0,1,0,1,0,1,1,1,1,0,0,0,0,0,0,0,1,0,0,0,0
289,14.73180128983843,2012,Midfielder,31,1.89,0,688,15.424948470398375,43,2,1,0,10,0,1,0,9.0,0.0,0.0,23.0,0.0,0,0,1,0,1,0,1,1,1,1,0,0,1,0,0,0,1,0,0,0,0,0
290,13.521139497361697,2012,Goalkeeper,24,1.88,0,729,13.527828485512494,25,0,0,0,0,0,0,0,0.0,0.0,0.0,0.0,0.0,0,0,0,1,1,0,1,1,1,1,0,0,1,0,0,0,1,0,0,0,0,1
291,14.962913010801817,2012,Forward,25,1.8,0,0,15.068273526459642,41,10,4,0,4,0,0,0,0.0,0.0,0.0,0.0,0.0,1,1,1,1,1,0,0,0,1,1,0,0,1,0,0,0,1,0,0,0,0,1
292,14.457364444136669,2012,Forward,23,1.7,0,1043,14.22097566607244,27,9,1,0,1,0,0,0,0.0,0.0,0.0,0.0,0.0,1,1,1,1,1,0,0,0,1,1,0,0,1,0,0,0,1,0,0,0,0,1
293,16.536805985816503,2012,Forward,25,1.85,0,0,15.60727002719233,32,12,2,0,2,0,0,0,0.0,0.0,0.0,4.0,1.0,0,0,0,1,1,0,1,1,1,1,0,0,0,0,0,0,1,0,0,0,0,0
294,16.349207371921707,2012,Forward,25,1.82,0,0,16.166885815127753,32,6,2,0,1,0,1,1,6.0,0.0,0.0,5.0,2.0,1,1,1,1,1,0,1,1,1,1,0,0,0,0,1,0,1,0,0,0,0,1
295,15.363073066680286,2012,Midfielder,22,1.89,1,537,15.150511624696614,14,1,0,1,4,0,0,0,0.0,0.0,0.0,0.0,0.0,0,0,0,0,1,0,1,1,1,1,0,0,1,0,0,0,0,1,0,0,0,0
296,15.830413578506539,2012,Forward,26,1.8,0,724,16.300417207752275,3,0,0,0,0,0,0,0,0.0,0.0,0.0,18.0,8.0,0,1,1,1,1,0,0,0,0,0,0,0,1,0,0,0,0,1,0,0,0,0
297,14.457364444136669,2012,Defender,28,1.93,0,0,15.319587954740548,24,0,0,0,3,0,0,0,0.0,0.0,0.0,0.0,0.0,1,1,1,1,1,0,1,1,1,1,0,0,1,0,0,0,1,0,0,0,0,1
298,14.403297222866392,2012,Midfielder,23,1.89,1,0,13.527828485512494,3,0,0,0,0,0,0,0,0.0,0.0,0.0,0.0,0.0,0,1,1,1,1,0,0,0,1,1,0,0,1,0,0,0,1,0,0,0,0,0
299,13.560618308335483,2012,Forward,25,1.72,1,0,15.068273526459642,12,1,0,0,0,0,0,0,0.0,0.0,0.0,0.0,0.0,1,1,1,1,1,0,0,0,1,1,0,0,1,0,0,0,1,0,0,0,0,1
300,12.611537753638338,2012,Midfielder,29,1.79,0,0,15.068273526459642,33,2,1,0,5,0,0,0,0.0,0.0,0.0,7.0,1.0,0,1,1,1,1,0,0,0,0,1,0,0,1,0,0,0,0,0,0,1,0,0
301,16.821193162371433,2012,Midfielder,25,1.87,0,0,16.523560759066484,30,2,0,0,11,0,1,0,8.0,1.0,0.0,0.0,0.0,0,0,0,0,1,0,1,1,1,1,0,0,1,0,0,1,1,0,0,0,0,0
302,16.536805985816503,2012,Defender,19,1.87,0,0,15.520258650202699,25,2,0,0,6,0,0,0,0.0,0.0,0.0,0.0,0.0,0,0,1,0,1,0,1,1,1,1,0,0,0,0,0,1,1,0,0,0,0,0
303,16.523560759066484,2012,Defender,21,1.88,0,687,16.523560759066484,14,2,1,0,2,1,0,0,0.0,0.0,0.0,0.0,0.0,1,1,1,1,1,0,1,1,1,1,0,0,1,0,0,1,1,0,0,0,0,1
304,15.137266397946593,2012,Defender,31,1.85,0,0,16.489659207390805,27,2,4,0,6,0,1,0,3.0,0.0,0.0,11.0,2.0,0,0,1,0,1,0,1,1,1,1,0,0,1,0,0,1,0,0,0,1,0,0
305,16.811242831518264,2012,Forward,22,1.89,1,0,16.99356438831222,18,2,1,1,3,0,1,0,4.0,1.0,1.0,8.0,3.0,0,1,1,1,1,0,0,1,0,1,0,0,1,0,1,0,1,0,0,0,0,0
306,15.671808548329901,2012,Forward,28,1.92,0,678,17.034386382832476,33,17,11,3,3,0,0,0,0.0,0.0,0.0,3.0,0.0,0,1,1,1,1,0,1,1,1,1,0,0,1,0,1,1,0,1,0,0,0,0
307,15.068273526459642,2012,Midfielder,27,1.74,0,0,16.38045991542581,30,0,0,0,7,0,1,1,9.0,0.0,0.0,34.0,1.0,0,1,1,1,1,0,0,1,0,1,0,0,1,0,1,0,1,0,0,0,0,0
308,16.536805985816503,2012,Midfielder,21,1.83,0,0,16.41820024340866,33,8,4,0,8,0,0,0,0.0,0.0,0.0,0.0,0.0,0,0,1,0,1,0,1,1,1,1,0,0,0,0,0,0,0,0,0,1,0,0
309,15.973069878908062,2012,Forward,22,1.85,0,0,15.424948470398375,37,15,3,3,3,0,0,0,0.0,0.0,0.0,0.0,0.0,1,0,0,1,1,0,1,1,1,1,0,0,1,0,0,0,1,0,0,0,0,1
310,15.201804919084164,2012,Forward,21,1.78,0,1035,15.60727002719233,28,9,5,0,5,0,0,0,0.0,0.0,0.0,9.0,3.0,0,0,0,0,1,0,1,1,1,1,0,0,1,0,0,0,0,1,0,0,0,0
311,15.068273526459642,2012,Defender,24,1.86,1,0,14.73180128983843,30,1,0,0,2,0,0,1,5.0,0.0,0.0,0.0,0.0,0,0,0,0,1,0,1,1,1,1,0,0,0,0,0,0,1,0,0,0,0,0
312,14.978661367769956,2012,Defender,21,1.75,0,0,14.508657738524219,28,0,1,0,2,0,0,0,0.0,0.0,0.0,0.0,0.0,1,0,0,1,1,0,1,1,1,1,0,0,1,0,0,0,1,0,0,0,0,1
313,14.845129975145433,2012,Defender,24,1.89,0,304,14.038654109278484,32,5,0,0,4,1,0,0,0.0,0.0,0.0,6.0,1.0,0,0,0,0,1,0,1,1,1,1,0,0,1,0,0,0,0,0,0,0,1,0
314,13.815510557964274,2012,Midfielder,27,1.72,0,0,15.424948470398375,33,5,13,0,4,0,0,0,0.0,0.0,0.0,34.0,4.0,0,0,0,0,1,0,1,1,1,1,0,0,1,0,0,0,1,0,0,0,0,1
315,16.349207371921707,2012,Goalkeeper,25,1.88,0,303,16.759949537130716,44,0,0,0,0,1,1,0,8.0,0.0,0.0,23.0,0.0,0,0,1,0,1,0,1,1,1,1,0,0,0,0,0,1,1,0,0,0,0,0
316,16.34123920227253,2012,Defender,25,1.89,0,353,16.523560759066484,39,8,2,0,7,0,1,1,8.0,0.0,0.0,22.0,1.0,0,0,0,0,1,0,1,1,1,1,0,0,0,0,0,1,1,0,0,0,0,0
317,16.11809565095832,2012,Midfielder,22,1.86,0,726,15.955576721460545,25,7,4,0,0,0,0,0,0.0,0.0,0.0,5.0,1.0,0,0,1,0,1,0,1,1,1,1,0,0,1,0,0,1,1,0,0,0,0,0
318,14.375126345899696,2012,Midfielder,22,1.76,1,153,16.213405830762646,25,4,10,0,5,0,1,0,6.0,0.0,3.0,1.0,0.0,0,0,1,0,1,0,1,1,1,1,0,0,0,0,0,1,1,0,0,0,0,0
319,17.37085861945369,2012,Midfielder,26,1.72,0,0,17.50439001207821,38,5,4,1,2,0,0,1,2.0,1.0,0.0,36.0,6.0,0,1,1,1,1,0,0,1,0,1,0,0,1,0,1,0,1,0,0,0,0,0
320,15.761420707019587,2012,Midfielder,27,1.86,0,0,15.830413578506539,13,1,1,0,1,0,0,1,1.0,0.0,0.0,43.0,9.0,0,1,1,1,1,0,0,0,0,1,0,0,0,1,1,0,1,0,0,0,0,0
321,15.761420707019587,2012,Defender,26,1.92,0,729,15.830413578506539,14,0,1,0,2,0,1,1,4.0,0.0,1.0,39.0,1.0,0,1,1,1,1,0,0,0,0,1,0,0,1,0,1,0,1,0,0,0,0,0
322,14.914122846632385,2012,Defender,26,1.87,0,678,15.319587954740548,19,0,0,0,2,1,0,1,5.0,0.0,0.0,2.0,0.0,0,1,1,1,1,0,1,1,1,1,0,0,0,0,1,0,0,1,0,0,0,0
323,13.815510557964274,2012,Forward,23,1.75,0,303,15.201804919084164,11,1,2,0,1,0,0,1,4.0,1.0,2.0,14.0,1.0,0,1,1,1,1,0,0,1,0,1,0,0,0,0,1,0,0,0,1,0,0,0
324,16.40327459319198,2012,Forward,21,1.8,0,0,16.012735135300492,24,9,0,0,3,0,0,0,0.0,0.0,0.0,0.0,0.0,0,0,1,0,1,0,1,1,1,1,0,0,1,0,0,1,1,0,0,0,0,1
325,16.38045991542581,2012,Midfielder,20,1.72,1,881,16.012735135300492,15,2,0,0,0,0,0,1,5.0,1.0,0.0,0.0,0.0,0,0,1,0,1,0,1,1,1,1,0,0,1,0,0,1,0,0,0,1,0,0
326,15.201804919084164,2012,Forward,24,1.75,0,0,15.761420707019587,27,10,7,0,2,0,0,0,0.0,0.0,0.0,1.0,0.0,0,0,0,0,1,0,1,1,1,1,0,0,1,0,0,1,0,1,0,0,0,0
327,14.077874822431765,2012,Forward,18,1.8,0,0,13.304684934198283,1,0,0,0,0,0,0,0,0.0,0.0,0.0,0.0,0.0,0,0,1,0,1,0,1,1,1,1,0,0,1,0,0,1,1,0,0,0,0,0
328,15.64005985001532,2012,Midfielder,26,1.85,0,0,15.89495209964411,28,2,6,1,6,1,0,0,0.0,0.0,0.0,5.0,0.0,0,1,1,1,1,0,1,1,1,1,0,0,0,0,1,0,1,0,0,0,0,0
329,14.508657738524219,2012,Midfielder,28,1.86,0,331,16.012735135300492,30,1,6,0,5,1,1,0,7.0,0.0,1.0,10.0,2.0,0,1,1,1,1,0,0,1,0,1,0,0,1,0,1,0,1,0,0,0,0,0
330,13.815510557964274,2012,Forward,31,1.84,0,0,15.319587954740548,34,2,1,0,3,0,0,0,0.0,0.0,0.0,51.0,15.0,0,1,1,1,1,0,0,0,0,1,0,0,1,0,1,0,1,0,0,0,0,0
331,15.850216205802719,2012,Forward,24,1.82,0,680,15.89495209964411,35,20,6,1,8,0,1,1,10.0,0.0,1.0,14.0,2.0,0,0,0,0,1,0,1,1,1,1,0,0,1,0,0,0,1,0,0,0,0,0
332,15.319587954740548,2012,Defender,22,1.72,0,303,13.592367006650065,24,1,5,0,4,0,0,1,4.0,0.0,0.0,0.0,0.0,0,0,0,0,1,0,1,1,1,1,0,0,0,0,0,0,0,0,1,0,0,0
333,12.429216196844383,2012,Forward,17,1.75,0,0,11.918390573078392,11,0,1,0,0,0,0,0,0.0,0.0,0.0,0.0,0.0,0,0,0,0,1,0,1,1,1,1,0,0,1,0,0,0,1,0,0,0,0,0
334,14.73180128983843,2012,Defender,31,1.88,0,695,15.955576721460545,33,1,0,0,2,0,0,0,0.0,0.0,0.0,8.0,0.0,0,1,1,1,1,0,0,0,0,1,0,0,1,0,0,0,0,1,0,0,0,0
335,14.038654109278484,2012,Midfielder,32,1.78,0,0,15.424948470398375,35,2,2,0,5,0,0,0,0.0,0.0,0.0,28.0,11.0,0,1,1,1,1,0,0,0,0,0,0,0,1,0,0,0,0,0,0,0,0,1
336,14.978661367769956,2012,Forward,24,1.82,0,339,14.914122846632385,43,13,15,2,8,0,0,0,0.0,0.0,0.0,1.0,0.0,0,0,0,1,1,0,1,1,1,1,0,0,0,0,0,0,1,0,0,0,0,0
337,14.22097566607244,2012,Midfielder,26,1.81,0,0,14.626440774180603,25,1,0,0,6,0,0,1,6.0,0.0,0.0,5.0,0.0,0,0,1,0,1,0,1,1,1,1,0,0,1,0,0,0,1,0,0,0,0,0
338,14.038654109278484,2012,Goalkeeper,27,1.83,0,0,13.527828485512494,3,0,0,0,0,0,0,0,0.0,0.0,0.0,0.0,0.0,1,0,0,1,1,0,1,1,1,1,0,0,1,0,0,0,1,0,0,0,0,1
339,12.345834587905333,2012,Forward,29,1.87,1,0,14.038654109278484,26,16,4,5,5,0,0,0,0.0,0.0,0.0,0.0,0.0,0,0,0,1,1,0,1,1,1,1,0,0,0,0,0,0,0,0,0,1,0,0
340,12.84792653170257,2012,Midfielder,28,1.75,0,0,14.508657738524219,24,0,1,0,3,0,0,0,0.0,0.0,0.0,9.0,0.0,0,1,1,1,1,0,0,0,1,1,0,0,1,0,0,0,1,0,0,0,0,1
341,15.29711509888849,2012,Midfielder,23,1.96,0,0,15.319587954740548,32,2,5,0,7,0,0,0,0.0,0.0,0.0,0.0,0.0,0,0,0,1,1,0,1,1,1,1,0,0,1,0,0,0,1,0,0,0,0,0
342,15.068273526459642,2012,Forward,26,1.73,0,0,14.508657738524219,30,6,1,0,4,0,0,0,0.0,0.0,0.0,0.0,0.0,1,0,0,1,1,0,1,1,1,1,0,0,1,0,0,0,1,0,0,0,0,1
343,14.914122846632385,2012,Midfielder,22,1.9,1,0,14.73180128983843,21,3,2,2,1,0,0,0,0.0,0.0,0.0,0.0,0.0,0,0,0,0,0,0,1,1,1,1,0,0,0,0,0,0,0,0,1,0,0,0
344,14.580978400103845,2012,Defender,27,1.9,0,0,14.22097566607244,15,0,1,0,1,0,0,0,0.0,0.0,0.0,0.0,0.0,0,0,0,0,0,0,1,1,1,1,0,0,1,0,0,0,0,0,1,0,0,0
345,13.353475098367715,2012,Midfielder,26,1.83,0,0,14.73180128983843,36,3,4,0,8,1,0,0,0.0,0.0,0.0,7.0,0.0,0,0,0,0,1,0,1,1,1,1,0,0,1,0,0,0,0,0,1,0,0,0
346,13.369223455335854,2012,Defender,31,1.85,0,0,13.815510557964274,12,1,0,0,2,0,0,1,1.0,0.0,0.0,6.0,0.0,0,1,1,1,1,0,0,0,1,1,0,0,0,0,0,0,1,0,0,0,0,1
347,15.60727002719233,2012,Defender,27,1.89,0,0,15.60727002719233,34,2,0,0,12,2,0,0,0.0,0.0,0.0,0.0,0.0,0,0,1,0,1,0,1,1,1,1,0,0,1,0,0,0,1,0,0,0,0,0
348,15.150511624696614,2012,Forward,28,1.81,0,0,15.761420707019587,34,15,4,0,5,0,0,0,0.0,0.0,0.0,3.0,0.0,0,0,1,0,1,0,1,1,1,1,0,0,1,0,0,0,0,1,0,0,0,0
349,13.36138027787483,2012,Midfielder,19,1.72,0,199,13.815510557964274,27,1,1,0,5,1,0,0,0.0,0.0,0.0,0.0,0.0,0,0,0,0,1,0,1,1,1,1,0,0,1,0,0,0,1,0,0,0,0,0
350,14.22097566607244,2012,Forward,25,1.88,0,0,13.527828485512494,25,0,0,0,1,1,0,0,0.0,0.0,0.0,0.0,0.0,0,1,1,1,1,0,0,0,1,1,0,0,1,0,0,0,1,0,0,0,0,0
351,16.166885815127753,2012,Forward,26,1.85,1,895,16.523560759066484,19,3,1,0,2,0,0,1,5.0,2.0,1.0,7.0,2.0,0,0,1,0,1,0,1,1,1,1,0,0,1,0,0,0,1,0,0,0,0,0
352,15.89495209964411,2012,Midfielder,25,1.8,0,0,15.761420707019587,24,0,1,0,4,0,1,0,7.0,0.0,0.0,0.0,0.0,0,0,1,0,1,0,1,1,1,1,0,0,1,0,0,0,1,0,0,0,0,0
353,15.60727002719233,2012,Midfielder,26,1.89,0,0,16.012735135300492,20,2,0,0,8,1,1,0,5.0,0.0,0.0,4.0,0.0,0,0,1,0,1,0,1,1,1,1,0,0,1,0,0,0,0,1,0,0,0,0
354,15.201804919084164,2012,Midfielder,23,1.86,0,729,15.319587954740548,24,1,0,0,12,1,0,0,0.0,0.0,0.0,5.0,0.0,0,0,1,0,1,0,1,1,1,1,0,0,1,0,0,0,0,1,0,0,0,0
355,15.137266397946593,2012,Forward,22,1.74,0,0,16.012735135300492,34,7,5,0,5,0,0,0,0.0,0.0,0.0,0.0,0.0,0,0,0,1,1,0,1,1,1,1,0,0,1,0,0,0,0,0,1,0,0,1
356,13.36138027787483,2012,Defender,24,1.88,0,312,14.22097566607244,12,0,0,0,2,0,0,0,0.0,0.0,0.0,0.0,0.0,1,1,1,1,1,0,0,0,1,1,0,0,1,0,0,0,1,0,0,0,0,1
357,13.122363377404328,2012,Goalkeeper,34,1.85,0,0,13.815510557964274,33,0,0,0,0,0,0,0,0.0,0.0,0.0,1.0,0.0,0,1,1,1,1,0,0,0,1,1,0,0,1,0,0,0,1,0,0,0,0,1
358,12.834681304952548,2012,Forward,32,1.78,0,0,13.527828485512494,17,2,0,0,0,0,0,0,0.0,0.0,0.0,0.0,0.0,1,1,1,1,1,0,0,0,1,1,0,0,1,0,0,0,1,0,0,0,0,1
359,17.61615497540903,2013,Midfielder,25,1.7,1,888,17.45309671769066,15,0,2,0,0,0,1,0,2.0,0.0,0.0,15.0,7.0,0,1,1,1,1,0,1,1,1,1,0,0,0,0,1,1,1,0,0,0,0,0
360,17.293668980762558,2013,Midfielder,25,1.94,0,1032,17.14771506813948,31,11,5,0,9,0,0,0,0.0,0.0,0.0,21.0,4.0,0,1,1,1,1,0,1,1,1,1,0,0,1,0,0,1,1,0,0,0,0,0
361,17.50439001207821,2013,Midfielder,28,1.79,0,0,17.281246460764002,31,3,7,0,10,1,1,0,8.0,1.0,1.0,0.0,0.0,0,0,0,0,1,0,1,1,1,1,0,0,1,0,0,1,0,0,0,1,0,0
362,17.073607095985757,2013,Forward,23,1.83,0,0,17.14771506813948,31,13,5,1,3,0,0,0,0.0,0.0,0.0,13.0,3.0,0,0,1,0,1,0,1,1,1,1,0,0,1,0,0,1,1,0,0,0,0,0
363,17.034386382832476,2013,Forward,27,1.86,0,0,16.811242831518264,36,25,1,4,3,0,0,0,0.0,0.0,0.0,5.0,4.0,0,0,1,0,1,0,1,1,1,1,0,0,0,0,0,1,1,0,0,0,0,0
364,16.811242831518264,2013,Defender,27,1.7,0,729,16.811242831518264,37,0,7,0,5,0,0,0,0.0,0.0,0.0,10.0,1.0,0,0,1,0,1,0,1,1,1,1,0,0,1,0,0,1,1,0,0,0,0,0
365,15.319587954740548,2013,Defender,32,1.84,0,301,14.914122846632385,40,3,0,0,16,2,1,0,9.0,0.0,0.0,5.0,1.0,0,0,1,0,1,0,1,1,1,1,0,0,1,0,0,1,0,0,0,1,0,0
366,16.012735135300492,2013,Forward,29,1.71,0,364,17.111347423968603,39,11,8,2,3,0,1,0,5.0,0.0,0.0,11.0,3.0,0,1,1,1,1,0,0,1,0,1,0,0,1,0,1,0,0,0,0,1,0,0
367,17.385043254445645,2013,Forward,25,1.75,0,0,17.216707939626428,30,7,8,0,3,0,1,1,9.0,4.0,3.0,0.0,0.0,0,0,0,0,1,0,1,1,1,1,0,0,1,0,0,1,0,0,0,1,0,0
368,17.034386382832476,2013,Midfielder,25,1.94,1,1627,17.111347423968603,20,3,0,0,7,0,1,0,6.0,1.0,0.0,0.0,0.0,0,0,0,0,1,0,1,1,1,1,0,0,0,0,0,1,1,0,0,0,0,0
369,16.61887093887081,2013,Forward,21,1.75,1,886,15.955576721460545,24,6,3,0,1,0,1,0,6.0,2.0,0.0,0.0,0.0,0,0,0,0,1,0,1,1,1,1,0,0,0,0,0,1,0,1,0,0,0,0
370,16.056220247240233,2013,Midfielder,20,1.86,0,0,15.89495209964411,33,8,8,0,4,0,0,0,0.0,0.0,0.0,0.0,0.0,0,0,0,0,1,0,1,1,1,1,0,0,1,0,0,1,1,0,0,0,0,0
371,14.914122846632385,2013,Forward,21,1.65,0,303,15.60727002719233,25,1,1,0,1,0,1,0,8.0,0.0,0.0,6.0,1.0,0,0,0,0,1,0,1,1,1,1,0,0,0,0,0,1,0,1,0,0,0,0
372,14.71159858252091,2013,Forward,18,1.92,0,1064,12.89921982609012,20,8,1,1,8,0,0,0,0.0,0.0,0.0,0.0,0.0,0,0,0,0,1,0,1,1,1,1,0,0,1,0,0,1,1,0,0,0,0,0
373,16.90655301132259,2013,Midfielder,22,1.81,1,1259,16.523560759066484,6,0,1,0,1,0,1,0,3.0,0.0,0.0,0.0,0.0,0,1,1,1,1,0,0,1,0,1,0,0,1,0,1,0,1,0,0,0,0,0
374,15.068273526459642,2013,Defender,21,1.89,0,352,14.626440774180603,18,1,1,0,2,1,0,0,0.0,0.0,0.0,2.0,0.0,0,1,1,1,1,0,0,0,0,1,0,0,1,0,1,0,1,0,0,0,0,1
375,13.122363377404328,2013,Midfielder,31,1.78,1,521,15.830413578506539,5,0,0,0,2,0,1,0,2.0,0.0,0.0,4.0,0.0,0,1,1,1,1,0,0,1,0,1,0,0,1,0,1,0,0,1,0,0,0,0
376,17.665658159674333,2013,Midfielder,24,1.8,0,0,17.50439001207821,42,10,17,0,6,0,1,0,10.0,1.0,4.0,25.0,7.0,0,0,1,0,1,0,1,1,1,1,0,0,0,0,0,1,1,0,0,0,0,0
377,15.89495209964411,2013,Forward,26,1.79,0,0,16.11809565095832,24,7,5,0,2,0,1,0,6.0,2.0,2.0,14.0,4.0,0,1,1,1,1,0,0,1,0,1,0,0,1,0,1,0,0,1,0,0,0,0
378,14.690979295318174,2013,Goalkeeper,25,1.88,0,362,13.815510557964274,13,0,0,0,0,0,1,0,4.0,0.0,0.0,0.0,0.0,0,1,1,1,1,0,1,1,1,1,0,0,1,0,1,0,1,0,0,0,0,1
379,13.997832114758229,2013,Forward,29,1.88,0,322,14.73180128983843,4,0,0,0,1,0,1,0,1.0,0.0,0.0,2.0,0.0,0,1,1,1,1,0,1,1,1,1,0,0,1,0,1,0,0,1,0,0,0,0
380,17.216707939626428,2013,Forward,28,1.8,0,0,17.14771506813948,42,28,6,7,14,0,1,0,7.0,4.0,1.0,4.0,1.0,0,0,1,0,1,0,1,1,1,1,0,0,1,0,0,1,1,0,0,0,0,0
381,17.216707939626428,2013,Forward,21,1.84,0,1035,16.951004773893423,33,15,4,0,7,0,0,0,0.0,0.0,0.0,0.0,0.0,0,0,1,0,1,0,1,1,1,1,0,0,0,0,0,1,0,0,0,1,0,0
382,16.46522518205352,2013,Midfielder,21,1.82,0,304,16.70588231586044,41,11,18,0,1,0,1,1,8.0,1.0,5.0,13.0,1.0,0,0,0,0,1,0,1,1,1,1,0,0,1,0,0,1,1,0,0,0,0,0
383,16.213405830762646,2013,Midfielder,25,1.89,0,319,16.38045991542581,34,7,3,1,8,1,0,0,0.0,0.0,0.0,0.0,0.0,0,0,1,0,1,0,1,1,1,1,0,0,1,0,0,1,1,0,0,0,0,0
384,16.06680235657077,2013,Defender,23,1.84,0,0,15.89495209964411,36,4,2,0,7,0,0,1,10.0,3.0,1.0,2.0,0.0,0,0,0,0,1,0,1,1,1,1,0,0,1,0,0,1,1,0,0,0,0,0
385,15.913528485217045,2013,Forward,23,1.87,0,0,16.012735135300492,26,11,6,0,1,0,0,1,4.0,1.0,1.0,3.0,1.0,0,0,0,0,1,0,1,1,1,1,0,0,1,0,0,1,1,0,0,0,0,0
386,18.430631074805532,2013,Forward,24,1.86,0,1033,17.98989782785991,41,24,8,0,9,0,0,1,8.0,3.0,4.0,23.0,4.0,0,1,1,1,1,0,0,1,0,1,0,0,0,0,1,0,1,0,0,0,0,1
387,16.029264437251705,2013,Defender,21,1.91,0,0,15.89495209964411,24,2,1,0,0,0,0,1,6.0,0.0,0.0,0.0,0.0,0,1,1,1,1,0,1,1,1,1,0,0,1,0,1,0,0,1,0,0,0,1
388,15.91720270857893,2013,Forward,30,1.85,0,696,16.11809565095832,39,9,5,0,5,0,0,1,10.0,2.0,1.0,31.0,10.0,0,1,1,1,1,0,0,0,0,0,0,0,1,0,1,0,0,0,1,0,0,0
389,15.573368475516649,2013,Midfielder,26,1.88,0,0,15.319587954740548,24,0,6,0,3,1,0,1,4.0,0.0,2.0,0.0,0.0,1,1,1,1,1,0,1,1,1,1,0,0,1,0,1,0,1,0,0,0,0,1
390,15.27412558066379,2013,Midfielder,32,1.8,0,0,15.60727002719233,27,0,1,0,2,0,0,1,6.0,0.0,0.0,10.0,0.0,1,1,1,1,1,0,1,1,1,1,0,0,1,0,1,0,1,0,0,0,0,1
391,16.543363386362664,2013,Midfielder,22,1.8,0,0,15.830413578506539,38,3,2,0,7,0,0,0,0.0,0.0,0.0,1.0,0.0,0,0,0,1,1,0,1,1,1,1,0,0,1,0,0,0,1,0,0,0,0,1
392,15.761420707019587,2013,Forward,29,1.81,0,0,15.424948470398375,34,11,5,0,0,0,0,0,0.0,0.0,0.0,4.0,0.0,0,0,0,1,1,0,1,1,1,1,0,0,1,0,0,0,0,1,0,0,0,0
393,15.201804919084164,2013,Goalkeeper,23,1.94,0,356,14.914122846632385,9,0,0,0,0,0,0,0,0.0,0.0,0.0,0.0,0.0,0,0,1,0,1,0,1,1,1,1,0,0,1,0,0,0,1,0,0,0,0,0
394,14.508657738524219,2013,Forward,27,1.8,1,0,15.830413578506539,13,1,6,0,2,0,0,0,0.0,0.0,0.0,35.0,2.0,0,0,0,0,1,0,1,1,1,1,0,0,0,1,0,0,1,0,0,0,0,0
395,15.86963429165982,2013,Forward,28,1.88,1,0,15.687312734865866,9,0,1,0,0,0,0,0,0.0,0.0,0.0,13.0,1.0,0,1,1,1,1,0,1,1,1,1,0,0,0,1,0,0,1,0,0,0,0,0
396,15.590462908875947,2013,Forward,25,1.9,0,0,15.424948470398375,26,6,4,0,2,0,0,0,0.0,0.0,0.0,0.0,0.0,0,1,1,1,1,0,1,1,1,1,0,0,1,0,0,0,0,1,0,0,0,1
397,16.759949537130716,2013,Defender,23,1.87,0,0,16.523560759066484,30,1,0,0,3,1,1,0,3.0,0.0,0.0,1.0,0.0,0,0,1,0,1,0,1,1,1,1,0,0,0,0,0,1,1,0,0,0,0,0
398,16.195056692094447,2013,Forward,25,1.76,0,0,16.012735135300492,34,12,7,3,5,1,0,0,0.0,0.0,0.0,0.0,0.0,0,0,1,0,1,0,1,1,1,1,0,0,0,0,0,1,1,0,0,0,0,0
399,16.176364559082295,2013,Goalkeeper,25,1.93,0,729,15.520258650202699,38,0,0,0,1,0,0,0,0.0,0.0,0.0,6.0,0.0,0,1,1,1,1,0,1,1,1,1,0,0,1,0,0,1,1,0,0,0,0,0
400,15.89495209964411,2013,Midfielder,20,1.83,0,729,15.424948470398375,38,11,16,0,4,0,0,0,0.0,0.0,0.0,0.0,0.0,0,0,1,0,1,0,1,1,1,1,0,0,1,0,0,1,1,0,0,0,0,0
401,15.830413578506539,2013,Defender,20,1.9,0,667,14.22097566607244,12,1,0,0,1,0,0,1,1.0,0.0,0.0,0.0,0.0,0,0,0,0,1,0,1,1,1,1,0,0,1,0,0,1,1,0,0,0,0,0
402,16.67771143889374,2013,Forward,24,1.94,0,1095,16.213405830762646,26,7,4,1,6,0,0,0,0.0,0.0,0.0,4.0,1.0,1,1,1,1,1,0,1,1,1,1,0,0,0,0,1,0,1,0,0,0,0,1
403,15.573368475516649,2013,Midfielder,21,1.84,0,362,15.520258650202699,26,5,1,0,5,1,0,1,7.0,4.0,1.0,0.0,0.0,1,1,1,1,1,0,1,1,1,1,0,0,1,0,1,0,1,0,0,0,0,1
404,15.573368475516649,2013,Midfielder,29,1.8,0,0,15.955576721460545,37,4,7,0,0,0,0,1,8.0,1.0,2.0,17.0,0.0,1,1,1,1,1,0,1,1,1,1,0,0,0,0,1,0,1,0,0,0,0,1
405,14.28551418721001,2013,Midfielder,24,1.68,0,690,14.914122846632385,37,2,6,0,6,0,0,0,0.0,0.0,0.0,0.0,0.0,1,1,1,1,1,0,0,0,1,1,0,0,1,0,1,0,1,0,0,0,0,1
406,15.761420707019587,2013,Midfielder,29,1.72,0,0,16.012735135300492,35,7,3,0,1,1,0,0,0.0,0.0,0.0,2.0,0.0,0,1,1,1,1,0,1,1,1,1,0,0,1,0,0,0,0,1,0,0,0,0
407,15.955576721460545,2013,Forward,26,1.8,1,0,15.520258650202699,15,3,1,0,2,0,0,0,0.0,0.0,0.0,11.0,1.0,0,1,1,1,1,0,1,1,1,1,0,0,0,1,0,0,1,0,0,0,0,1
408,14.880221294956703,2013,Forward,32,1.81,0,0,15.068273526459642,25,5,3,1,1,1,0,0,0.0,0.0,0.0,7.0,2.0,0,1,1,1,1,0,1,1,1,1,0,0,1,0,0,0,0,1,0,0,0,0
409,16.588099280204055,2013,Forward,24,1.83,0,0,16.300417207752275,30,31,8,4,4,0,0,0,0.0,0.0,0.0,6.0,2.0,0,0,0,0,1,0,1,1,1,1,0,0,1,0,0,0,0,1,0,0,0,0
410,14.880221294956703,2013,Defender,21,1.85,0,1095,14.914122846632385,27,1,0,0,12,0,0,0,0.0,0.0,0.0,0.0,0.0,0,0,1,0,1,0,1,1,1,1,0,0,1,0,0,0,0,0,0,0,1,0
411,13.122363377404328,2013,Midfielder,21,1.72,0,0,13.815510557964274,11,1,0,0,1,0,0,0,0.0,0.0,0.0,0.0,0.0,0,0,1,0,1,0,1,1,1,1,0,0,0,1,0,0,1,0,0,0,0,0
412,13.180632285528304,2013,Forward,19,1.73,0,0,13.527828485512494,15,0,6,0,0,0,0,0,0.0,0.0,0.0,0.0,0.0,1,1,1,1,1,0,0,0,1,1,0,0,0,0,0,0,1,0,0,0,0,1
413,16.11809565095832,2013,Forward,24,1.86,0,1095,16.166885815127753,35,15,1,0,4,0,0,1,5.0,1.0,0.0,0.0,0.0,0,0,0,0,1,0,1,1,1,1,0,0,1,0,0,0,1,0,0,0,0,0
414,15.65606019136176,2013,Forward,25,1.77,0,0,15.424948470398375,39,21,7,0,2,0,1,0,7.0,2.0,0.0,0.0,0.0,1,0,0,0,1,0,1,1,1,1,0,0,1,0,0,0,1,0,0,0,0,1
415,15.520258650202699,2013,Midfielder,23,1.88,0,0,15.830413578506539,27,5,4,2,4,0,0,1,1.0,0.0,0.0,0.0,0.0,0,0,0,0,1,0,1,1,1,1,0,0,1,0,0,0,1,0,0,0,0,0
416,14.880221294956703,2013,Defender,25,1.78,0,0,15.319587954740548,29,0,1,0,5,0,0,0,0.0,0.0,0.0,7.0,2.0,0,0,0,1,1,0,1,1,1,1,0,0,0,0,0,0,1,0,0,0,0,1
417,14.648419680899378,2013,Forward,19,1.73,0,0,14.73180128983843,38,2,5,0,2,0,0,0,0.0,0.0,0.0,0.0,0.0,1,0,0,1,1,0,1,1,1,1,0,0,1,0,0,0,1,0,0,0,0,1
418,14.22097566607244,2013,Defender,28,1.79,0,729,14.508657738524219,34,0,2,0,4,0,0,0,0.0,0.0,0.0,0.0,0.0,0,0,1,0,1,0,1,1,1,1,0,0,0,0,0,0,1,0,0,0,0,0
419,14.403297222866392,2013,Forward,32,1.83,0,0,14.914122846632385,34,8,3,1,8,0,0,0,0.0,0.0,0.0,0.0,0.0,1,1,1,1,1,0,0,0,1,1,0,0,1,0,0,0,1,0,0,0,0,1
420,13.676248490630767,2013,Forward,24,1.81,0,362,14.22097566607244,33,14,4,0,10,0,0,0,0.0,0.0,0.0,0.0,0.0,1,1,1,1,1,0,0,0,1,1,0,0,1,0,0,0,1,0,0,0,0,1
421,13.337474757021274,2013,Midfielder,23,1.8,0,1032,13.815510557964274,17,0,0,0,2,0,0,0,0.0,0.0,0.0,0.0,0.0,1,1,1,1,1,0,0,0,1,1,0,0,1,0,0,0,1,0,0,0,0,1
422,13.279367126213993,2013,Defender,27,1.85,0,333,13.815510557964274,16,0,1,0,2,0,0,0,0.0,0.0,0.0,0.0,0.0,1,1,1,1,1,0,0,0,1,1,0,0,1,0,0,0,1,0,0,0,0,1
423,16.536805985816503,2013,Forward,25,1.88,1,0,15.789591583986283,3,0,0,0,0,0,1,0,5.0,3.0,1.0,7.0,0.0,0,0,0,0,1,0,1,1,1,1,0,0,0,1,0,0,1,0,0,0,0,0
424,15.538277155705378,2013,Goalkeeper,30,1.97,0,0,15.520258650202699,19,0,0,0,1,0,0,0,0.0,0.0,0.0,26.0,0.0,0,0,1,0,1,0,1,1,1,1,0,0,1,0,0,0,1,0,0,0,0,0
425,12.89921982609012,2013,Defender,26,1.79,0,0,13.9108207377686,33,2,0,0,5,0,0,1,5.0,1.0,0.0,17.0,2.0,0,0,0,0,1,0,1,1,1,1,0,0,1,0,0,0,1,0,0,0,0,0
426,14.962913010801817,2013,Forward,19,1.71,0,662,14.914122846632385,10,0,0,0,0,0,0,0,0.0,0.0,0.0,0.0,0.0,0,1,1,1,1,0,0,0,0,1,0,0,1,0,0,0,0,0,0,0,1,1
427,15.096444403426338,2013,Defender,24,1.83,0,0,15.068273526459642,2,0,0,0,0,1,0,0,0.0,0.0,0.0,9.0,0.0,0,0,0,0,1,0,1,1,1,1,0,0,0,0,0,0,1,0,0,0,0,0
428,14.845129975145433,2013,Forward,24,1.9,0,0,15.761420707019587,26,5,6,0,10,1,0,0,0.0,0.0,0.0,11.0,4.0,0,0,1,0,1,0,1,1,1,1,0,0,0,1,0,0,1,0,0,0,0,0
429,16.530205301785152,2013,Forward,27,1.82,0,0,16.64872390202049,29,16,2,2,7,1,0,0,0.0,0.0,0.0,1.0,0.0,0,0,1,0,1,0,1,1,1,1,0,0,1,0,0,0,1,0,0,0,0,0
430,16.489659207390805,2013,Midfielder,22,1.84,0,719,15.424948470398375,39,7,3,0,12,1,1,0,7.0,1.0,0.0,0.0,0.0,0,0,0,0,1,0,1,1,1,1,0,0,1,0,0,0,0,1,0,0,0,0
431,16.11809565095832,2013,Defender,23,1.88,0,364,15.761420707019587,23,1,0,0,5,3,0,1,5.0,0.0,0.0,6.0,1.0,0,0,1,0,1,0,1,1,1,1,0,0,1,0,0,0,1,0,0,0,0,0
432,14.508657738524219,2013,Defender,25,1.86,0,1085,15.068273526459642,5,0,0,0,2,0,0,1,5.0,0.0,0.0,0.0,0.0,0,1,1,1,1,0,0,0,0,1,0,0,0,0,0,0,1,0,0,0,0,0
433,15.687312734865866,2013,Forward,24,1.93,0,0,15.150511624696614,29,8,0,0,5,1,0,1,10.0,8.0,0.0,0.0,0.0,0,0,1,0,1,0,1,1,1,1,0,0,1,0,0,0,1,0,0,0,0,0
434,15.363073066680286,2013,Defender,20,1.86,0,0,15.201804919084164,34,4,0,0,6,0,1,0,5.0,0.0,0.0,0.0,0.0,0,0,0,0,1,0,1,1,1,1,0,0,1,0,0,0,1,0,0,0,0,0
435,14.978661367769956,2013,Forward,23,1.78,0,0,14.73180128983843,26,4,3,0,4,0,0,0,0.0,0.0,0.0,1.0,0.0,0,0,0,0,1,0,1,1,1,1,0,0,0,1,0,0,1,0,0,0,0,0
436,14.508657738524219,2013,Defender,22,1.78,0,729,14.22097566607244,15,0,0,0,6,1,0,0,0.0,0.0,0.0,0.0,0.0,0,0,1,0,1,0,1,1,1,1,0,0,0,0,0,0,1,0,0,0,0,0
437,14.22097566607244,2013,Forward,22,1.96,0,0,14.22097566607244,33,16,7,2,2,0,0,0,0.0,0.0,0.0,0.0,0.0,0,0,0,0,1,0,1,1,1,1,0,0,1,0,0,0,1,0,0,0,0,0
438,14.151982794585487,2013,Defender,21,1.8,0,0,14.038654109278484,33,5,1,3,6,1,0,0,0.0,0.0,0.0,0.0,0.0,0,0,0,0,1,0,1,1,1,1,0,0,1,0,0,0,0,0,1,0,0,0
439,14.914122846632385,2013,Midfielder,30,1.73,0,0,15.319587954740548,28,2,3,0,3,1,0,0,0.0,0.0,0.0,6.0,0.0,0,1,1,1,1,0,0,1,0,1,0,0,1,0,0,0,0,1,0,0,0,0
440,14.557447902693651,2013,Midfielder,23,1.69,0,0,15.068273526459642,24,0,1,0,3,0,0,0,0.0,0.0,0.0,3.0,0.0,0,1,1,1,1,0,1,1,1,1,0,0,0,0,0,0,1,0,0,0,0,1
441,17.034386382832476,2013,Midfielder,28,1.73,1,883,16.811242831518264,19,7,2,0,5,0,1,0,4.0,1.0,1.0,6.0,1.0,0,1,1,1,1,0,0,1,0,1,0,0,1,0,0,0,1,0,0,0,0,0
442,13.676248490630767,2013,Defender,27,1.8,0,0,14.914122846632385,34,1,0,0,10,0,0,1,7.0,0.0,0.0,0.0,0.0,1,1,1,1,1,0,0,0,1,1,0,0,1,0,0,0,1,0,0,0,0,1
443,16.11809565095832,2013,Forward,23,1.85,0,0,15.424948470398375,33,23,4,2,5,1,0,0,0.0,0.0,0.0,22.0,7.0,0,0,0,0,1,0,1,1,1,1,0,0,1,0,0,0,0,0,1,0,0,0
444,15.830413578506539,2013,Midfielder,28,1.67,0,0,15.830413578506539,21,3,3,0,1,0,1,0,4.0,0.0,0.0,7.0,1.0,0,0,1,0,1,0,1,1,1,1,0,0,1,0,0,0,1,0,0,0,0,0
445,14.914122846632385,2013,Defender,19,1.78,0,0,14.508657738524219,32,2,2,0,0,0,0,1,6.0,0.0,0.0,0.0,0.0,0,0,0,0,1,0,1,1,1,1,0,0,1,0,0,0,1,0,0,0,0,0
446,14.375126345899696,2013,Forward,19,1.79,0,0,13.815510557964274,10,2,1,0,1,0,0,0,0.0,0.0,0.0,0.0,0.0,0,0,0,0,1,0,1,1,1,1,0,0,0,0,0,0,1,0,0,0,0,0
447,14.661378825541883,2013,Midfielder,24,1.8,0,0,15.60727002719233,36,2,3,0,4,0,0,0,0.0,0.0,0.0,1.0,0.0,0,1,1,1,1,0,0,0,1,1,0,0,0,0,0,0,1,0,0,0,0,0
448,16.38045991542581,2013,Defender,26,1.71,0,688,16.11809565095832,32,6,3,0,8,3,0,0,0.0,0.0,0.0,3.0,0.0,0,0,1,0,1,0,1,1,1,1,0,0,1,0,0,0,0,0,0,1,0,0
449,15.978833583624812,2013,Forward,20,1.93,0,0,15.319587954740548,38,19,4,0,4,0,0,1,6.0,1.0,0.0,0.0,0.0,0,0,0,0,1,0,1,1,1,1,0,0,0,0,0,0,1,0,0,0,0,0
450,14.914122846632385,2013,Midfielder,18,1.72,1,0,13.710150042306449,12,0,0,0,0,0,0,0,0.0,0.0,0.0,0.0,0.0,0,0,0,0,1,0,1,1,1,1,0,0,1,0,0,0,1,0,0,0,0,0
451,14.73180128983843,2013,Defender,23,1.83,0,0,15.424948470398375,29,1,2,0,2,0,0,0,0.0,0.0,0.0,0.0,0.0,0,0,1,0,1,0,1,1,1,1,0,0,1,0,0,0,0,0,1,0,0,0
452,14.73180128983843,2013,Forward,23,1.73,1,1269,14.603967918328545,26,4,5,0,2,0,0,0,0.0,0.0,0.0,0.0,0.0,0,0,0,0,1,0,1,1,1,1,0,0,1,0,0,0,1,0,0,0,0,1
453,14.369395671190711,2013,Defender,25,1.73,0,0,13.997832114758229,40,1,0,0,6,0,0,0,0.0,0.0,0.0,0.0,0.0,1,0,0,1,1,0,1,1,1,1,0,0,1,0,0,0,1,0,0,0,0,1
454,12.765688433465597,2013,Defender,24,1.86,1,149,13.815510557964274,15,1,0,0,9,2,0,1,6.0,0.0,0.0,0.0,0.0,0,0,1,0,1,0,1,1,1,1,0,0,1,0,0,0,1,0,0,0,0,0
455,12.072541252905651,2013,Goalkeeper,23,1.91,0,0,11.918390573078392,43,0,0,0,2,0,0,0,0.0,0.0,0.0,0.0,0.0,1,0,0,1,1,0,1,1,1,1,0,0,1,0,0,0,1,0,0,0,0,1
456,12.388394202324129,2013,Forward,25,1.93,1,0,13.815510557964274,3,0,0,0,0,0,0,0,0.0,0.0,0.0,0.0,0.0,0,1,1,1,1,0,0,0,1,1,0,0,1,0,0,0,0,1,0,0,0,0
457,14.790070197962406,2013,Defender,28,1.88,0,0,15.068273526459642,41,6,0,0,4,0,0,0,0.0,0.0,0.0,0.0,0.0,0,0,0,1,1,0,1,1,1,1,0,0,1,0,0,0,0,1,0,0,0,1
458,14.403297222866392,2013,Forward,25,1.83,0,0,14.73180128983843,35,6,4,2,9,0,0,0,0.0,0.0,0.0,0.0,0.0,0,0,1,0,1,0,1,1,1,1,0,0,1,0,0,0,0,1,0,0,0,0
459,14.375126345899696,2013,Goalkeeper,31,1.83,0,0,15.201804919084164,26,0,0,0,2,0,0,0,0.0,0.0,0.0,9.0,0.0,0,0,0,0,1,0,1,1,1,1,0,0,1,0,0,0,1,0,0,0,0,0
460,13.687677186454389,2013,Midfielder,23,1.8,0,0,13.815510557964274,32,1,1,0,10,0,0,0,0.0,0.0,0.0,9.0,1.0,0,1,1,1,1,0,0,0,1,1,0,0,1,0,0,0,1,0,0,0,0,1
461,17.565014633894645,2014,Forward,25,1.69,0,721,17.216707939626428,43,19,12,0,6,0,1,0,9.0,0.0,2.0,18.0,5.0,0,0,1,0,1,0,1,1,1,1,0,0,1,0,0,1,0,0,0,1,0,0
462,16.82267720914393,2014,Defender,19,1.82,0,0,14.508657738524219,22,0,0,0,0,0,0,0,0.0,0.0,0.0,1.0,0.0,1,1,1,1,1,0,1,1,1,1,0,0,1,0,0,1,1,0,0,0,0,1
463,16.811242831518264,2014,Forward,23,1.85,0,0,16.64872390202049,30,10,1,0,2,0,1,0,5.0,1.0,0.0,21.0,5.0,1,1,1,1,1,0,1,1,1,1,0,0,1,0,1,1,1,0,0,0,0,1
464,16.523560759066484,2014,Defender,24,1.85,1,0,15.89495209964411,27,0,0,0,4,0,0,1,6.0,0.0,0.0,0.0,0.0,0,0,1,0,1,0,1,1,1,1,0,0,1,0,0,1,0,0,0,1,0,0
465,16.523560759066484,2014,Defender,28,1.77,0,1444,16.11809565095832,29,1,3,0,8,1,0,0,0.0,0.0,0.0,17.0,0.0,0,1,1,1,1,0,1,1,1,1,0,0,1,0,0,1,1,0,0,0,0,0
466,15.201804919084164,2014,Goalkeeper,25,1.83,0,0,15.424948470398375,29,0,0,0,2,1,0,0,0.0,0.0,0.0,16.0,0.0,0,0,1,0,1,0,1,1,1,1,0,0,1,0,0,1,0,0,0,1,0,0
467,16.759949537130716,2014,Defender,28,1.83,0,0,16.523560759066484,16,0,1,0,1,0,1,0,2.0,0.0,0.0,29.0,0.0,0,1,1,1,1,0,0,1,0,1,0,0,0,0,1,0,1,0,0,0,0,0
468,14.457364444136669,2014,Defender,21,1.89,0,0,12.89921982609012,7,0,0,0,1,0,0,0,0.0,0.0,0.0,0.0,0.0,0,1,1,1,1,0,0,0,1,1,0,0,0,0,1,0,1,0,0,0,0,1
469,15.60727002719233,2014,Midfielder,28,1.82,0,685,15.201804919084164,30,0,1,0,9,0,0,0,0.0,0.0,0.0,15.0,0.0,0,0,1,0,1,0,1,1,1,1,0,0,0,0,0,0,0,0,0,1,0,0
470,15.250595083253597,2014,Midfielder,22,1.71,1,534,15.60727002719233,11,1,0,0,0,0,0,0,0.0,0.0,0.0,0.0,0.0,0,0,1,0,1,0,1,1,1,1,0,0,0,0,0,0,1,0,0,0,0,0
471,14.73180128983843,2014,Defender,26,1.87,0,692,15.424948470398375,15,0,1,0,2,0,0,0,0.0,0.0,0.0,0.0,0.0,0,0,1,0,1,0,1,1,1,1,0,0,0,0,0,0,1,0,0,0,0,0
472,13.527828485512494,2014,Defender,29,1.77,0,354,14.73180128983843,31,4,3,0,5,0,0,0,0.0,0.0,0.0,4.0,0.0,1,0,0,1,1,0,1,1,1,1,0,0,0,0,0,0,1,0,0,0,0,1
473,13.458835614025542,2014,Midfielder,29,1.79,0,0,14.73180128983843,31,2,1,0,7,0,0,0,0.0,0.0,0.0,6.0,0.0,0,1,1,1,1,0,0,0,0,1,0,0,1,0,0,0,0,1,0,0,0,0
474,12.611537753638338,2014,Forward,22,1.85,0,364,13.815510557964274,12,0,1,0,0,0,0,0,0.0,0.0,0.0,0.0,0.0,1,1,1,1,1,0,0,0,1,1,0,0,1,0,0,0,1,0,0,0,0,1
475,12.429216196844383,2014,Midfielder,21,1.73,0,0,12.429216196844383,23,2,3,0,4,0,0,0,0.0,0.0,0.0,0.0,0.0,0,1,1,1,1,0,0,0,1,1,0,0,0,0,0,0,1,0,0,0,0,1
476,11.082142548877775,2014,Midfielder,22,1.74,1,158,11.512925464970229,19,3,7,0,0,0,0,0,0.0,0.0,0.0,0.0,0.0,0,1,1,1,1,0,0,0,1,1,0,0,0,0,0,0,0,0,1,0,0,1
477,15.150511624696614,2014,Forward,28,1.86,0,0,14.22097566607244,29,2,2,0,2,0,0,0,0.0,0.0,0.0,1.0,0.0,0,1,1,1,1,0,1,1,1,1,0,0,0,0,0,0,1,0,0,0,0,1
478,14.946912669455374,2014,Forward,25,1.85,0,0,13.592367006650065,42,8,5,0,0,0,0,0,0.0,0.0,0.0,0.0,0.0,1,0,0,1,1,0,1,1,1,1,0,0,0,0,0,0,1,0,0,0,0,1
479,14.755517816455745,2014,Defender,22,1.88,1,0,13.122363377404328,2,0,0,0,0,0,0,0,0.0,0.0,0.0,0.0,0.0,1,0,0,1,1,0,1,1,1,1,0,0,1,0,0,0,1,0,0,0,0,1
480,14.457364444136669,2014,Forward,28,1.73,0,0,14.808762330974558,36,5,5,0,1,0,0,0,0.0,0.0,0.0,0.0,0.0,1,1,1,1,1,0,1,1,1,1,0,0,1,0,0,0,1,0,0,0,0,1
481,13.353475098367715,2014,Defender,28,1.84,0,319,14.508657738524219,44,4,4,0,3,0,0,0,0.0,0.0,0.0,15.0,1.0,0,0,0,1,1,0,1,1,1,1,0,0,0,0,0,0,1,0,0,0,0,0
482,13.353475098367715,2014,Forward,23,1.79,0,361,14.403297222866392,31,7,1,0,1,0,0,0,0.0,0.0,0.0,0.0,0.0,1,0,0,1,1,0,1,1,1,1,0,0,1,0,0,0,1,0,0,0,0,1
483,17.45309671769066,2014,Forward,25,1.86,0,0,17.37085861945369,44,35,4,6,9,0,1,0,9.0,8.0,1.0,5.0,0.0,0,0,1,0,1,0,1,1,1,1,0,0,1,0,0,1,1,0,0,0,0,0
484,17.312018119430753,2014,Midfielder,27,1.79,0,730,17.72753356339242,45,9,16,2,8,0,1,0,9.0,1.0,2.0,56.0,6.0,0,0,1,0,1,0,1,1,1,1,0,0,1,0,0,1,1,0,0,0,0,1
485,17.24949776244942,2014,Midfielder,26,1.76,1,1609,17.281246460764002,23,6,4,1,5,0,0,1,5.0,1.0,0.0,15.0,1.0,0,0,1,0,1,0,1,1,1,1,0,0,1,0,0,1,0,0,0,1,0,0
486,16.811242831518264,2014,Defender,28,1.82,0,0,16.523560759066484,42,1,2,0,8,1,1,0,10.0,1.0,1.0,5.0,0.0,0,0,1,0,1,0,1,1,1,1,0,0,0,0,0,1,0,0,0,1,0,0
487,16.3957273875566,2014,Forward,27,1.85,0,1034,16.300417207752275,26,14,3,0,2,1,0,0,0.0,0.0,0.0,19.0,5.0,0,1,1,1,1,0,1,1,1,1,0,0,1,0,0,1,1,0,0,0,0,0
488,14.73180128983843,2014,Midfielder,19,1.88,0,0,14.914122846632385,30,11,4,0,9,0,0,0,0.0,0.0,0.0,1.0,0.0,0,0,0,0,1,0,1,1,1,1,0,0,1,0,0,1,1,0,0,0,0,0
489,17.717483227538917,2014,Defender,27,1.89,0,1095,17.073607095985757,27,0,2,0,8,0,1,0,8.0,0.0,1.0,18.0,3.0,0,1,1,1,1,0,0,1,0,1,0,0,1,0,1,0,0,0,0,1,0,0
490,17.381091795733717,2014,Forward,21,1.91,0,701,17.034386382832476,33,15,6,0,1,0,0,0,0.0,0.0,0.0,19.0,8.0,0,1,1,1,1,0,1,1,1,1,0,0,0,0,1,0,1,0,0,0,0,0
491,15.60727002719233,2014,Forward,29,1.89,0,0,16.213405830762646,25,8,1,0,1,0,1,0,6.0,3.0,0.0,6.0,0.0,0,1,1,1,1,0,0,0,0,1,0,0,1,0,1,0,0,1,0,0,0,0
492,14.457364444136669,2014,Defender,23,1.76,0,340,15.068273526459642,27,4,3,0,2,1,0,0,0.0,0.0,0.0,1.0,0.0,0,1,1,1,1,0,1,1,1,1,0,0,0,0,1,0,1,0,0,0,0,1
493,13.815510557964274,2014,Forward,30,1.86,1,546,15.761420707019587,10,1,0,0,1,0,1,0,3.0,0.0,0.0,66.0,29.0,0,1,1,1,1,0,0,1,0,1,0,0,1,0,1,0,1,0,0,0,0,0
494,15.990262279448435,2014,Midfielder,26,1.78,0,0,14.914122846632385,46,4,2,0,3,0,0,1,5.0,0.0,0.0,6.0,0.0,0,0,0,1,1,0,1,1,1,1,0,0,0,1,0,0,1,0,0,0,0,0
495,15.66238932641341,2014,Midfielder,23,1.84,1,1248,15.60727002719233,11,0,1,0,3,0,0,0,0.0,0.0,0.0,0.0,0.0,1,1,1,1,1,0,1,1,1,1,0,0,1,0,0,0,1,0,0,0,0,1
496,15.483217378522351,2014,Defender,24,1.78,1,149,15.068273526459642,17,0,0,0,6,0,0,1,5.0,0.0,0.0,5.0,0.0,0,0,1,0,1,0,1,1,1,1,0,0,0,0,0,0,0,1,0,0,0,0
497,15.150511624696614,2014,Defender,21,1.85,0,0,14.73180128983843,13,0,1,0,0,0,0,1,6.0,0.0,1.0,0.0,0.0,1,1,1,1,1,0,1,1,1,1,0,0,0,0,1,0,1,0,0,0,0,1
498,14.508657738524219,2014,Defender,24,1.91,0,0,15.068273526459642,5,0,0,0,0,0,0,0,0.0,0.0,0.0,0.0,0.0,1,1,1,1,1,0,1,1,1,1,0,0,1,0,1,0,1,0,0,0,0,1
499,13.946538820370678,2014,Forward,26,1.72,0,0,15.201804919084164,37,6,2,0,4,0,0,0,0.0,0.0,0.0,0.0,0.0,1,0,0,1,1,0,1,1,1,1,0,0,1,0,0,0,1,0,0,0,0,1
500,14.403297222866392,2014,Midfielder,21,1.79,0,1075,14.508657738524219,16,1,2,0,3,0,0,0,0.0,0.0,0.0,0.0,0.0,0,1,1,1,1,0,0,1,0,1,0,0,1,0,0,0,1,0,0,0,0,0
501,13.883169206438088,2014,Midfielder,23,1.73,1,153,13.815510557964274,7,0,0,0,1,0,0,0,0.0,0.0,0.0,0.0,0.0,1,1,1,1,1,0,0,0,1,1,0,0,1,0,0,0,1,0,0,0,0,1
502,15.38412647587812,2014,Midfielder,21,1.8,0,0,14.73180128983843,25,0,0,0,12,1,0,0,0.0,0.0,0.0,5.0,0.0,0,0,0,0,1,0,1,1,1,1,0,0,1,0,0,0,1,0,0,0,0,0
503,14.457364444136669,2014,Defender,22,1.93,0,302,14.22097566607244,37,1,2,0,7,0,0,0,0.0,0.0,0.0,1.0,0.0,0,1,1,1,1,0,0,0,1,1,0,0,1,0,0,0,1,0,0,0,0,1
504,16.300417207752275,2014,Forward,24,1.85,0,668,15.424948470398375,28,14,2,5,6,0,0,0,0.0,0.0,0.0,6.0,5.0,0,0,1,0,1,0,1,1,1,1,0,0,0,0,0,0,0,0,0,1,0,0
505,15.830413578506539,2014,Forward,26,1.82,0,0,15.520258650202699,30,6,2,0,6,0,0,0,0.0,0.0,0.0,6.0,2.0,0,0,0,1,1,0,1,1,1,1,0,0,0,0,0,0,1,0,0,0,0,0
506,15.761420707019587,2014,Midfielder,24,1.8,0,730,14.73180128983843,36,3,4,0,6,0,0,0,0.0,0.0,0.0,0.0,0.0,1,1,1,1,1,0,1,1,1,1,0,0,1,0,1,0,1,0,0,0,0,1
507,15.29711509888849,2014,Midfielder,27,1.84,0,0,15.761420707019587,35,4,2,0,4,0,0,0,0.0,0.0,0.0,11.0,0.0,0,1,1,1,1,0,1,1,1,1,0,0,1,0,0,0,0,1,0,0,0,0
508,15.29711509888849,2014,Defender,30,1.89,0,308,15.687312734865866,38,0,0,0,9,0,0,1,6.0,0.0,0.0,2.0,0.0,1,1,1,1,1,0,1,1,1,1,0,0,1,0,1,0,1,0,0,0,0,1
509,15.191754583230663,2014,Forward,29,1.86,1,148,16.11809565095832,14,4,0,0,3,0,0,0,0.0,0.0,0.0,9.0,2.0,0,0,0,0,1,0,1,1,1,1,0,0,1,0,0,0,0,1,0,0,0,0
510,15.096444403426338,2014,Defender,20,1.78,0,672,13.304684934198283,36,3,4,0,6,0,0,0,0.0,0.0,0.0,2.0,1.0,0,0,0,0,1,0,1,1,1,1,0,0,0,0,0,0,1,0,0,0,0,0
511,14.962913010801817,2014,Defender,21,1.94,0,0,13.527828485512494,41,5,2,0,12,0,0,0,0.0,0.0,0.0,0.0,0.0,1,0,0,1,1,0,1,1,1,1,0,0,1,0,0,0,1,0,0,0,0,1
512,14.48333993053993,2014,Forward,22,1.78,0,0,15.89495209964411,31,8,6,3,1,0,0,0,0.0,0.0,0.0,0.0,0.0,1,0,0,1,1,0,1,1,1,1,0,0,0,0,0,0,1,0,0,0,0,1
513,16.51687177091569,2014,Forward,27,1.8,0,0,15.60727002719233,30,7,2,0,2,0,0,0,0.0,0.0,0.0,25.0,2.0,0,1,1,1,1,0,1,1,1,1,0,0,0,1,0,0,1,0,0,0,0,1
514,16.12804598181149,2014,Forward,27,1.88,0,0,14.508657738524219,33,14,3,0,6,1,0,0,0.0,0.0,0.0,0.0,0.0,0,0,0,1,1,0,1,1,1,1,0,0,1,0,0,0,0,0,0,1,0,0
515,16.012735135300492,2014,Midfielder,23,1.77,1,896,15.319587954740548,24,26,3,4,1,0,0,1,6.0,5.0,1.0,1.0,0.0,0,0,0,0,1,0,1,1,1,1,0,0,1,0,0,0,1,0,0,0,0,0
516,14.73180128983843,2014,Defender,27,1.76,0,0,14.73180128983843,33,0,2,0,4,0,0,0,0.0,0.0,0.0,0.0,0.0,1,1,1,1,1,0,1,1,1,1,0,0,1,0,0,0,1,0,0,0,0,1
517,17.24949776244942,2014,Midfielder,26,1.72,0,0,15.830413578506539,38,9,6,0,3,0,0,0,0.0,0.0,0.0,8.0,0.0,1,1,1,1,1,0,1,1,1,1,0,0,0,1,0,1,1,0,0,0,0,1
518,17.04631495369775,2014,Defender,25,1.88,0,1069,16.300417207752275,31,2,1,0,7,0,0,0,0.0,0.0,0.0,19.0,2.0,0,1,1,1,1,0,1,1,1,1,0,0,1,0,0,1,1,0,0,0,0,0
519,17.034386382832476,2014,Forward,20,1.75,0,1446,16.11809565095832,39,6,5,0,2,1,1,1,13.0,1.0,0.0,12.0,1.0,0,0,0,0,1,0,1,1,1,1,0,0,1,0,0,1,1,0,0,0,0,0
520,16.811242831518264,2014,Forward,24,1.89,0,1040,17.111347423968603,38,16,6,4,13,1,1,0,8.0,2.0,0.0,20.0,11.0,0,0,1,0,1,0,1,1,1,1,0,0,1,0,0,1,1,0,0,0,0,0
521,16.70588231586044,2014,Defender,22,1.71,0,321,16.523560759066484,38,3,1,0,9,1,0,1,10.0,0.0,1.0,2.0,0.0,0,0,1,0,1,0,1,1,1,1,0,0,0,0,0,1,1,0,0,0,0,0
522,16.351585494326674,2014,Forward,19,1.89,0,702,13.815510557964274,30,5,0,0,1,0,0,0,0.0,0.0,0.0,10.0,2.0,0,0,1,0,1,0,1,1,1,1,0,0,1,0,0,1,1,0,0,0,0,0
523,16.300417207752275,2014,Midfielder,20,1.86,0,1095,15.830413578506539,36,3,4,0,13,1,1,0,7.0,0.0,1.0,0.0,0.0,0,0,1,0,1,0,1,1,1,1,0,0,1,0,0,1,1,0,0,0,0,0
524,15.520258650202699,2014,Forward,32,1.87,0,0,15.424948470398375,37,13,10,3,2,0,0,0,0.0,0.0,0.0,7.0,2.0,1,1,1,1,1,0,1,1,1,1,0,0,1,0,0,1,1,0,0,0,0,1
525,18.218809327913696,2014,Forward,27,1.82,0,1450,17.7667542765457,33,31,12,0,6,0,0,0,0.0,0.0,0.0,25.0,17.0,0,1,1,1,1,0,0,1,0,1,0,0,1,0,1,0,0,0,0,1,0,0
526,15.201804919084164,2014,Defender,29,1.91,0,0,16.523560759066484,20,2,1,0,0,0,0,0,0.0,0.0,0.0,38.0,7.0,0,1,1,1,1,0,0,0,0,1,0,0,0,0,1,0,1,0,0,0,0,0
527,14.914122846632385,2014,Goalkeeper,31,1.88,0,692,16.012735135300492,39,0,0,0,0,0,1,1,9.0,0.0,0.0,8.0,0.0,0,1,1,1,1,0,0,1,0,1,0,0,1,0,1,0,1,0,0,0,0,0
528,14.077874822431765,2014,Forward,21,1.77,1,164,15.60727002719233,1,1,0,0,0,0,0,0,0.0,0.0,0.0,0.0,0.0,0,1,1,1,1,0,0,1,0,1,0,0,0,0,1,0,1,0,0,0,0,1
529,14.038654109278484,2014,Defender,20,1.8,0,0,13.592367006650065,34,0,1,0,6,3,0,0,0.0,0.0,0.0,0.0,0.0,1,1,1,1,1,0,1,1,1,1,0,0,0,0,1,0,1,0,0,0,0,1
530,17.622173047734595,2014,Defender,23,1.87,0,689,17.14771506813948,33,5,1,0,12,1,1,1,12.0,3.0,1.0,4.0,0.0,0,0,0,0,1,0,1,1,1,1,0,0,0,0,0,1,1,0,0,0,0,0
531,17.290577757233134,2014,Forward,26,1.83,1,0,16.64872390202049,22,9,2,1,3,1,1,0,2.0,0.0,0.0,15.0,7.0,0,1,1,1,1,0,1,1,1,1,0,0,1,0,0,1,0,1,0,0,0,0
532,16.523560759066484,2014,Midfielder,26,1.83,0,0,16.67771143889374,36,0,2,0,11,2,1,1,11.0,0.0,2.0,0.0,0.0,0,0,0,0,1,0,1,1,1,1,0,0,1,0,0,1,0,0,0,1,0,0
533,15.89495209964411,2014,Goalkeeper,32,1.86,0,0,15.424948470398375,38,0,0,0,3,0,0,0,0.0,0.0,0.0,0.0,0.0,0,0,1,0,1,0,1,1,1,1,0,0,1,0,0,1,0,0,0,1,0,0
534,16.636889444373487,2014,Midfielder,27,1.87,0,0,16.300417207752275,33,0,0,0,7,0,1,0,4.0,0.0,0.0,0.0,0.0,0,1,1,1,1,0,0,0,0,1,0,0,1,0,1,0,1,0,0,0,0,0
535,16.34123920227253,2014,Defender,23,1.88,0,1060,16.300417207752275,6,0,0,0,0,0,1,0,1.0,0.0,0.0,0.0,0.0,1,1,1,1,1,0,1,1,1,1,0,0,1,0,1,0,1,0,0,0,0,1
536,18.132998671500584,2014,Forward,26,1.78,0,1404,17.72753356339242,45,7,23,0,7,0,1,0,11.0,3.0,6.0,28.0,5.0,0,0,1,0,1,0,1,1,1,1,0,0,0,0,0,1,0,0,0,1,0,0
537,17.43985149094064,2014,Defender,18,1.78,0,0,16.38045991542581,35,0,1,0,4,0,0,0,0.0,0.0,0.0,4.0,0.0,1,1,1,1,1,0,1,1,1,1,0,0,0,0,0,1,1,0,0,0,0,1
538,17.399029496420383,2014,Midfielder,24,1.82,0,730,16.811242831518264,33,5,5,0,7,0,0,0,0.0,0.0,0.0,0.0,0.0,0,0,1,0,1,0,1,1,1,1,0,0,1,0,0,1,1,0,0,0,0,0
539,16.811242831518264,2014,Defender,24,1.86,0,680,16.300417207752275,25,4,0,0,8,2,0,0,0.0,0.0,0.0,19.0,1.0,0,0,0,0,1,0,1,1,1,1,0,0,0,0,0,1,0,0,0,1,0,0
540,16.67771143889374,2014,Defender,24,1.8,0,0,16.300417207752275,38,1,1,0,6,0,1,1,8.0,0.0,0.0,15.0,2.0,0,0,0,0,1,0,1,1,1,1,0,0,0,0,0,1,1,0,0,0,0,0
541,15.89495209964411,2014,Midfielder,25,1.75,0,669,16.523560759066484,26,0,3,0,1,0,1,0,8.0,0.0,0.0,34.0,10.0,0,1,1,1,1,0,0,1,0,1,0,0,1,0,1,0,0,0,0,0,1,0
542,15.520258650202699,2014,Defender,25,1.74,0,1095,15.068273526459642,11,0,0,0,3,0,1,0,3.0,0.0,0.0,0.0,0.0,0,1,1,1,1,0,0,0,0,1,0,0,0,0,1,0,1,0,0,0,0,0
543,14.914122846632385,2014,Forward,24,1.9,0,340,13.815510557964274,32,11,1,1,4,0,0,1,5.0,0.0,0.0,0.0,0.0,0,1,1,1,1,0,0,0,0,1,0,0,1,0,1,0,0,1,0,0,0,0
544,14.457364444136669,2014,Defender,33,1.74,0,344,15.830413578506539,41,2,4,0,6,0,1,0,8.0,1.0,1.0,42.0,0.0,0,1,1,1,1,0,0,1,0,1,0,0,0,0,1,0,1,0,0,0,0,0
545,16.11809565095832,2014,Midfielder,24,1.72,0,0,16.11809565095832,37,14,5,3,2,0,0,0,0.0,0.0,0.0,4.0,0.0,0,0,1,0,1,0,1,1,1,1,0,0,1,0,0,0,1,0,0,0,0,0
546,15.978833583624812,2014,Midfielder,25,1.85,0,0,16.11809565095832,25,7,1,0,2,0,1,1,6.0,0.0,0.0,1.0,0.0,0,0,0,0,1,0,1,1,1,1,0,0,1,0,0,0,1,0,0,0,0,0
547,15.65922976612304,2014,Forward,24,1.82,0,1080,15.424948470398375,30,10,2,0,4,0,0,0,0.0,0.0,0.0,0.0,0.0,0,0,1,0,1,0,1,1,1,1,0,0,1,0,0,0,0,0,1,0,0,0
548,15.60727002719233,2014,Defender,24,1.85,0,0,15.424948470398375,30,2,4,0,2,0,0,0,0.0,0.0,0.0,15.0,0.0,0,0,0,0,1,0,1,1,1,1,0,0,1,0,0,0,1,0,0,0,0,0
549,15.424948470398375,2014,Defender,20,1.88,0,0,13.304684934198283,29,2,0,0,8,0,0,0,0.0,0.0,0.0,0.0,0.0,1,0,0,1,1,0,1,1,1,1,0,0,1,0,0,0,1,0,0,0,0,1
550,15.424948470398375,2014,Goalkeeper,23,1.9,0,0,13.815510557964274,43,0,0,0,4,0,0,0,0.0,0.0,0.0,0.0,0.0,0,0,0,1,1,0,1,1,1,1,0,0,1,0,0,0,1,0,0,0,0,1
551,14.508657738524219,2014,Forward,20,1.78,0,0,13.815510557964274,34,16,5,0,5,0,0,0,0.0,0.0,0.0,0.0,0.0,0,0,0,0,1,0,1,1,1,1,0,0,1,0,0,0,1,0,0,0,0,0
552,16.190416312537945,2014,Defender,22,1.91,0,0,15.830413578506539,38,5,0,0,1,0,0,0,0.0,0.0,0.0,0.0,0.0,0,0,0,1,1,0,1,1,1,1,0,0,1,0,0,0,0,1,0,0,0,1
553,16.11809565095832,2014,Midfielder,24,1.88,0,0,15.955576721460545,29,3,1,0,7,1,0,0,0.0,0.0,0.0,6.0,1.0,0,0,0,1,1,0,1,1,1,1,0,0,1,0,0,0,1,0,0,0,0,0
554,15.830413578506539,2014,Midfielder,25,1.88,0,0,16.213405830762646,23,1,0,0,8,0,0,1,6.0,0.0,0.0,0.0,0.0,0,1,1,1,1,0,1,1,1,1,0,0,1,0,1,0,0,0,0,1,0,0
555,15.150511624696614,2014,Goalkeeper,24,1.93,0,305,14.508657738524219,44,0,0,0,0,0,0,0,0.0,0.0,0.0,0.0,0.0,1,0,0,1,1,0,1,1,1,1,0,0,1,0,0,0,1,0,0,0,0,1
556,15.201804919084164,2014,Midfielder,27,1.8,0,704,15.424948470398375,6,0,1,0,2,0,1,0,1.0,0.0,0.0,0.0,0.0,0,1,1,1,1,0,0,1,0,1,0,0,1,0,0,0,1,0,0,0,0,0
557,16.951004773893423,2014,Forward,22,1.74,0,668,15.830413578506539,42,17,15,0,7,2,0,1,9.0,4.0,3.0,10.0,3.0,0,0,0,0,1,0,1,1,1,1,0,0,1,0,0,0,0,1,0,0,0,0
558,16.454567887579532,2014,Forward,25,1.81,0,0,16.11809565095832,33,16,13,7,3,0,0,0,0.0,0.0,0.0,15.0,3.0,0,0,0,0,1,0,1,1,1,1,0,0,0,0,0,0,1,0,0,0,0,0
559,16.34123920227253,2014,Goalkeeper,26,2.01,0,691,15.319587954740548,43,0,0,0,1,0,1,0,6.0,0.0,0.0,2.0,0.0,1,0,0,0,1,0,1,1,1,1,0,0,1,0,0,0,1,0,0,0,0,1
560,16.213405830762646,2014,Forward,28,1.94,0,0,15.687312734865866,28,23,6,2,4,1,0,0,0.0,0.0,0.0,0.0,0.0,0,0,0,0,1,0,1,1,1,1,0,0,1,0,0,0,1,0,0,0,0,0
561,15.732433170146335,2014,Defender,25,1.93,0,0,15.60727002719233,35,2,0,0,7,0,1,0,6.0,0.0,0.0,6.0,0.0,0,0,0,0,1,0,1,1,1,1,0,0,1,0,0,0,1,0,0,0,0,0
562,15.201804919084164,2014,Midfielder,25,1.85,1,0,15.068273526459642,15,3,0,0,0,0,0,0,0.0,0.0,0.0,0.0,0.0,1,1,1,1,1,0,1,1,1,1,0,0,1,0,0,0,1,0,0,0,0,1
563,12.611537753638338,2014,Forward,28,1.75,0,321,14.508657738524219,26,6,1,0,1,1,0,0,0.0,0.0,0.0,0.0,0.0,1,1,1,1,1,0,0,0,1,1,0,0,1,0,0,0,1,0,0,0,0,1
564,14.403297222866392,2014,Forward,23,1.7,0,343,15.424948470398375,28,4,4,0,2,0,1,1,4.0,0.0,1.0,1.0,0.0,0,0,1,0,1,0,1,1,1,1,0,0,1,0,0,0,1,0,0,0,0,0
565,14.457364444136669,2014,Forward,28,1.85,0,314,14.22097566607244,29,2,1,0,4,0,0,0,0.0,0.0,0.0,0.0,0.0,0,1,1,1,1,0,0,0,1,1,0,0,1,0,0,0,0,0,1,0,0,1
566,15.068273526459642,2014,Forward,32,1.71,1,0,15.60727002719233,19,11,2,3,5,0,0,0,0.0,0.0,0.0,28.0,11.0,1,0,0,0,0,0,1,1,1,1,0,0,1,0,0,0,1,0,0,0,0,1
567,15.068273526459642,2014,Midfielder,24,1.89,0,678,15.201804919084164,35,3,1,2,9,0,0,1,3.0,0.0,0.0,3.0,0.0,0,1,1,1,1,0,0,0,0,1,0,0,1,0,0,0,0,1,0,0,0,0
568,14.994165554305921,2014,Forward,29,1.76,0,708,15.319587954740548,6,0,0,0,0,0,0,0,0.0,0.0,0.0,0.0,0.0,0,1,1,1,1,0,0,0,0,0,1,0,1,0,0,0,0,0,0,1,0,0
569,13.122363377404328,2014,Forward,20,1.79,0,1052,13.815510557964274,4,0,0,0,1,0,0,0,0.0,0.0,0.0,0.0,0.0,0,1,1,1,1,0,0,0,0,1,0,0,0,0,0,0,1,0,0,0,0,0
570,16.12804598181149,2014,Midfielder,24,1.86,0,0,15.89495209964411,31,5,1,0,2,0,0,1,6.0,0.0,1.0,18.0,5.0,0,1,1,1,1,0,1,1,1,1,0,0,1,0,1,0,1,0,0,0,0,1
571,16.11809565095832,2014,Defender,25,1.89,0,680,15.424948470398375,32,0,1,0,8,1,1,1,6.0,0.0,0.0,18.0,1.0,0,0,1,0,1,0,1,1,1,1,0,0,1,0,0,0,0,0,0,1,0,0
572,15.702580206996654,2014,Defender,26,1.81,1,0,15.424948470398375,9,0,0,0,0,2,0,1,2.0,0.0,0.0,0.0,0.0,1,1,1,1,1,0,1,1,1,1,0,0,1,0,1,0,1,0,0,0,0,1
573,15.424948470398375,2014,Forward,24,1.7,0,0,15.009433026436708,25,5,4,0,5,0,0,0,0.0,0.0,0.0,15.0,2.0,0,0,0,0,0,0,1,1,1,1,0,0,1,0,0,0,0,0,0,1,0,0
574,14.621986423831222,2014,Midfielder,19,1.78,1,178,12.429216196844383,25,4,4,0,2,0,0,0,0.0,0.0,0.0,0.0,0.0,1,0,0,1,1,0,1,1,1,1,0,0,0,0,0,0,1,0,0,0,0,1
575,14.452087387035824,2014,Forward,21,1.76,0,852,12.429216196844383,19,10,6,0,4,0,0,0,0.0,0.0,0.0,0.0,0.0,0,0,0,0,1,0,1,1,1,1,0,0,0,0,0,0,0,1,0,0,0,0
576,14.346138809026444,2014,Forward,26,1.8,0,0,14.22097566607244,31,2,4,0,4,0,0,1,2.0,0.0,0.0,0.0,0.0,0,0,0,1,1,0,1,1,1,1,0,0,0,1,0,0,1,0,0,0,0,0
577,16.353167773137802,2014,Defender,21,1.81,0,0,15.520258650202699,39,2,1,0,4,0,0,1,5.0,0.0,0.0,7.0,0.0,0,1,1,1,1,0,1,1,1,1,0,0,0,0,0,1,1,0,0,0,0,1
578,15.555976732804778,2014,Goalkeeper,30,1.83,0,0,15.761420707019587,30,0,0,0,2,1,0,1,4.0,0.0,0.0,9.0,0.0,0,1,1,1,1,0,1,1,1,1,0,0,1,0,0,1,1,0,0,0,0,0
579,15.424948470398375,2014,Defender,27,1.87,0,0,15.687312734865866,38,3,0,0,8,2,0,1,7.0,0.0,0.0,0.0,0.0,0,1,1,1,1,0,0,0,0,0,0,0,1,0,0,0,1,0,0,0,0,0
580,15.424948470398375,2014,Forward,29,1.73,0,0,15.89495209964411,31,2,7,0,3,0,0,1,4.0,0.0,0.0,3.0,0.0,0,1,1,1,1,0,0,0,0,0,0,0,1,0,0,0,1,0,0,0,0,0
581,16.11809565095832,2014,Defender,27,1.95,0,0,15.89495209964411,38,3,2,0,12,0,0,1,11.0,1.0,1.0,1.0,0.0,0,0,1,0,1,0,1,1,1,1,0,0,1,0,0,1,0,0,0,1,0,0
582,15.590462908875947,2014,Midfielder,24,1.8,0,0,15.424948470398375,37,2,1,0,5,0,0,0,0.0,0.0,0.0,0.0,0.0,0,0,1,0,1,0,1,1,1,1,0,0,1,0,0,1,1,0,0,0,0,0
583,15.424948470398375,2014,Defender,20,1.91,0,334,15.068273526459642,13,0,0,0,0,0,0,0,0.0,0.0,0.0,0.0,0.0,1,0,0,0,1,0,1,1,1,1,0,0,1,0,0,1,1,0,0,0,0,0
584,14.77102200299171,2014,Defender,21,1.73,0,0,12.429216196844383,25,0,2,0,4,0,0,0,0.0,0.0,0.0,10.0,0.0,0,0,0,0,0,0,1,1,1,1,0,0,1,0,0,1,0,0,1,0,0,0
585,14.508657738524219,2014,Forward,24,1.74,0,333,14.403297222866392,28,3,2,0,2,0,0,0,0.0,0.0,0.0,0.0,0.0,0,1,1,1,1,0,0,1,0,1,0,0,0,0,1,0,1,0,0,0,0,0
586,12.429216196844383,2014,Forward,23,1.82,0,0,12.206072645530174,17,0,1,0,1,0,0,0,0.0,0.0,0.0,0.0,0.0,1,1,1,1,1,0,0,0,1,1,0,0,1,0,1,0,1,0,0,0,0,1
587,16.351585494326674,2014,Forward,25,1.81,0,713,15.761420707019587,24,5,3,1,0,1,0,1,5.0,0.0,1.0,13.0,1.0,0,0,0,0,1,0,1,1,1,1,0,0,1,0,0,0,0,1,0,0,0,0
588,15.663965370868874,2014,Forward,23,1.74,1,0,14.914122846632385,23,5,0,0,5,1,0,0,0.0,0.0,0.0,0.0,0.0,1,0,0,1,1,0,1,1,1,1,0,0,1,0,0,0,1,0,0,0,0,1
589,14.690979295318174,2014,Defender,24,1.75,0,0,13.815510557964274,2,0,0,0,0,0,0,0,0.0,0.0,0.0,20.0,1.0,0,0,0,0,1,0,1,1,1,1,0,0,1,0,0,0,0,0,1,0,0,0
590,14.508657738524219,2014,Midfielder,26,1.68,0,0,15.60727002719233,27,6,3,0,6,0,0,0,0.0,0.0,0.0,0.0,0.0,0,0,0,0,1,0,1,1,1,1,0,0,0,1,0,0,0,0,0,1,0,0
591,14.22097566607244,2014,Defender,26,1.81,0,719,14.73180128983843,19,0,0,0,4,0,0,0,0.0,0.0,0.0,4.0,0.0,0,0,1,0,1,0,1,1,1,1,0,0,0,0,0,0,1,0,0,0,0,0
592,14.648419680899378,2014,Midfielder,21,1.88,0,1077,13.815510557964274,17,1,2,0,5,0,0,0,0.0,0.0,0.0,0.0,0.0,1,1,1,1,1,0,0,0,1,1,0,0,1,0,0,0,1,0,0,0,0,1
593,17.111347423968603,2015,Forward,28,1.67,0,1410,16.811242831518264,50,11,8,1,5,0,1,0,9.0,0.0,2.0,31.0,6.0,0,0,1,0,1,0,1,1,1,1,0,0,0,1,0,1,1,0,0,0,0,0
594,17.073607095985757,2015,Defender,21,1.79,0,1414,16.11809565095832,33,2,4,0,4,0,0,0,0.0,0.0,0.0,8.0,0.0,0,0,1,0,1,0,1,1,1,1,0,0,0,0,0,1,0,1,0,0,0,0
595,16.213405830762646,2015,Goalkeeper,28,1.99,0,353,16.300417207752275,36,0,0,0,3,0,0,0,0.0,0.0,0.0,22.0,0.0,0,1,1,1,1,0,1,1,1,1,0,0,1,0,0,1,1,0,0,0,0,1
596,15.89495209964411,2015,Forward,19,1.8,0,1227,15.60727002719233,1,0,0,0,0,0,0,0,0.0,0.0,0.0,0.0,0.0,0,0,0,0,0,1,1,1,1,1,0,0,0,0,0,1,0,0,0,1,0,0
597,15.501909511534503,2015,Defender,23,1.93,0,1033,13.527828485512494,49,3,1,0,9,0,0,0,0.0,0.0,0.0,7.0,0.0,0,0,0,1,1,0,1,1,1,1,0,0,1,0,0,1,0,0,1,0,0,1
598,15.341566861459324,2015,Defender,20,1.93,1,0,11.918390573078392,26,1,1,0,5,2,0,0,0.0,0.0,0.0,0.0,0.0,0,0,0,0,0,0,1,1,1,1,0,0,1,0,0,1,0,0,1,0,0,0
599,15.068273526459642,2015,Defender,26,1.93,0,303,15.687312734865866,32,0,0,0,11,0,0,0,0.0,0.0,0.0,13.0,0.0,0,0,1,0,1,0,1,1,1,1,0,0,0,0,0,1,0,1,0,0,0,0
600,16.588099280204055,2015,Defender,29,1.82,0,704,16.523560759066484,26,1,0,0,4,0,1,0,5.0,0.0,0.0,13.0,1.0,0,1,1,1,1,0,0,1,0,1,0,0,0,0,1,0,0,0,0,1,0,0
601,16.454567887579532,2015,Goalkeeper,33,1.96,0,365,16.300417207752275,16,0,0,0,0,0,1,0,3.0,0.0,0.0,67.0,0.0,0,1,1,1,1,0,1,1,1,1,0,0,0,0,1,1,1,0,0,0,0,0
602,15.89495209964411,2015,Forward,22,1.75,0,365,16.11809565095832,39,3,9,0,3,0,0,1,7.0,1.0,2.0,0.0,0.0,0,1,1,1,1,0,0,1,0,1,0,0,1,0,1,0,1,0,0,0,0,0
603,15.761420707019587,2015,Midfielder,23,1.83,0,688,14.73180128983843,28,0,0,0,8,0,0,0,0.0,0.0,0.0,0.0,0.0,0,1,1,1,1,0,1,1,1,1,0,0,1,0,1,0,1,0,0,0,0,0
604,15.60727002719233,2015,Midfielder,24,1.73,0,0,15.068273526459642,35,5,7,0,1,0,0,0,0.0,0.0,0.0,0.0,0.0,0,1,1,1,1,0,0,1,0,1,0,0,0,0,1,0,0,1,0,0,0,0
605,13.854731271117556,2015,Midfielder,22,1.78,0,356,14.508657738524219,15,0,2,0,0,0,0,0,0.0,0.0,0.0,0.0,0.0,1,1,1,1,1,0,0,0,1,1,0,0,0,0,1,0,1,0,0,0,0,1
606,18.146243898250606,2015,Midfielder,24,1.81,0,1400,17.622173047734595,51,16,23,0,7,0,0,1,11.0,5.0,1.0,19.0,7.0,0,0,1,0,1,0,1,1,1,1,0,0,1,0,0,1,1,0,0,0,0,0
607,17.96969512054239,2015,Forward,20,1.7,0,717,17.50439001207821,52,11,9,0,7,0,1,1,8.0,0.0,1.0,11.0,0.0,1,1,1,1,1,0,1,1,1,1,0,0,1,0,1,1,1,0,0,0,0,1
608,17.610999747136468,2015,Defender,27,1.83,0,1410,17.034386382832476,38,6,0,0,9,1,0,0,0.0,0.0,0.0,15.0,0.0,0,0,1,0,1,0,1,1,1,1,0,0,1,0,0,1,0,0,0,1,0,0
609,16.25785759333348,2015,Midfielder,25,1.74,0,1444,16.11809565095832,32,2,3,0,3,1,0,0,0.0,0.0,0.0,3.0,0.0,1,1,1,1,1,0,1,1,1,1,0,0,0,0,0,1,1,0,0,0,0,1
610,15.789591583986283,2015,Forward,18,1.67,0,347,14.73180128983843,20,0,1,0,0,0,0,0,0.0,0.0,0.0,0.0,0.0,1,0,0,1,1,0,1,1,1,1,0,0,0,0,0,1,1,0,0,0,0,1
611,15.29711509888849,2015,Forward,18,1.87,0,360,14.978661367769956,19,1,0,0,1,0,0,0,0.0,0.0,0.0,1.0,0.0,0,0,0,0,1,0,1,1,1,1,0,0,1,0,0,1,0,0,0,0,1,0
612,13.217673557208654,2015,Forward,23,1.85,0,0,13.122363377404328,42,6,4,0,5,0,0,0,0.0,0.0,0.0,0.0,0.0,0,0,0,0,1,0,1,1,1,1,0,0,1,0,0,1,1,0,0,0,0,0
613,12.676076274775909,2015,Midfielder,23,1.73,1,532,12.765688433465597,12,0,0,0,1,0,0,0,0.0,0.0,0.0,0.0,0.0,0,0,0,0,0,0,1,1,1,1,0,0,1,0,0,1,0,0,0,0,0,0
614,12.611537753638338,2015,Defender,24,1.9,0,307,13.592367006650065,38,4,0,0,13,0,0,0,0.0,0.0,0.0,0.0,0.0,0,0,0,0,1,0,1,1,1,1,0,0,1,0,0,1,1,0,0,0,0,0
615,17.14771506813948,2015,Forward,29,1.86,0,730,16.70588231586044,34,6,4,2,4,0,0,0,0.0,0.0,0.0,9.0,7.0,0,1,1,1,1,0,0,1,0,1,0,0,0,0,1,0,1,0,0,0,0,0
616,16.300417207752275,2015,Forward,19,1.74,0,307,15.319587954740548,24,3,3,0,4,1,0,1,1.0,0.0,0.0,0.0,0.0,0,1,1,1,1,0,0,1,0,1,0,0,0,0,1,0,1,0,0,0,0,1
617,16.06680235657077,2015,Defender,22,1.87,0,730,16.454567887579532,18,0,0,0,3,0,1,0,2.0,0.0,0.0,11.0,0.0,0,1,1,1,1,0,0,1,0,1,0,0,0,0,1,0,1,0,0,0,0,0
618,15.424948470398375,2015,Defender,20,1.86,0,365,15.201804919084164,35,1,0,0,3,0,0,1,6.0,0.0,0.0,1.0,0.0,0,1,1,1,1,0,0,1,0,1,0,0,0,0,1,0,1,0,0,0,0,0
619,15.068273526459642,2015,Forward,26,1.77,0,365,15.068273526459642,15,3,0,0,0,0,0,0,0.0,0.0,0.0,0.0,0.0,1,1,1,1,1,0,1,1,1,1,0,0,1,0,1,0,1,0,0,0,0,1
620,14.508657738524219,2015,Defender,24,1.88,0,0,13.815510557964274,5,0,0,0,1,0,0,0,0.0,0.0,0.0,1.0,0.0,0,1,1,1,1,0,0,0,0,1,0,0,1,0,1,0,1,0,0,0,0,1
621,13.122363377404328,2015,Midfielder,19,1.71,0,304,13.122363377404328,4,1,0,0,0,0,0,0,0.0,0.0,0.0,0.0,0.0,0,1,1,1,1,0,0,0,0,1,0,0,0,0,1,0,1,0,0,0,0,1
622,16.34123920227253,2015,Midfielder,23,1.79,1,0,15.201804919084164,21,4,1,0,5,0,0,1,5.0,2.0,0.0,15.0,2.0,0,0,0,0,1,0,1,1,1,1,0,0,1,0,0,1,0,1,0,0,0,0
623,14.73180128983843,2015,Forward,30,1.82,0,358,15.830413578506539,31,4,1,0,4,0,1,0,5.0,3.0,0.0,68.0,31.0,0,1,1,1,1,0,0,0,0,1,0,0,0,0,1,0,1,0,0,0,0,0
624,17.909855120186375,2015,Forward,19,1.81,0,1398,15.89495209964411,44,11,4,2,2,0,1,0,7.0,0.0,1.0,6.0,0.0,0,0,1,0,1,0,1,1,1,1,0,0,1,0,0,1,1,0,0,0,0,0
625,17.37085861945369,2015,Midfielder,25,1.86,0,718,17.14771506813948,30,5,1,0,9,2,0,0,0.0,0.0,0.0,15.0,0.0,0,1,1,1,1,0,1,1,1,1,0,0,1,0,0,1,1,0,0,0,0,0
626,17.341871082580436,2015,Forward,21,1.78,0,1095,17.14771506813948,36,25,5,2,4,0,0,1,6.0,3.0,0.0,10.0,3.0,0,0,0,0,1,0,1,1,1,1,0,0,1,0,0,1,1,0,0,0,0,0
627,16.70588231586044,2015,Defender,25,1.83,0,720,16.300417207752275,44,4,4,0,4,0,0,1,10.0,2.0,3.0,9.0,0.0,0,0,1,0,1,0,1,1,1,1,0,0,1,0,0,1,1,0,0,0,0,0
628,17.958645284355807,2015,Forward,27,1.78,0,1424,17.72753356339242,32,4,11,0,3,1,0,0,0.0,0.0,0.0,37.0,9.0,0,1,1,1,1,0,0,1,0,1,0,0,0,0,1,0,0,0,0,1,0,0
629,16.300417207752275,2015,Forward,27,1.75,0,304,16.11809565095832,35,9,4,0,2,0,1,0,8.0,1.0,0.0,36.0,15.0,0,1,1,1,1,0,0,1,0,1,0,0,1,0,1,0,0,0,1,0,0,0
630,15.931766072766827,2015,Defender,27,1.88,0,0,15.60727002719233,17,0,0,0,1,0,0,0,0.0,0.0,0.0,31.0,1.0,0,1,1,1,1,0,1,1,1,1,0,0,0,1,1,0,1,0,0,0,0,1
631,15.687312734865866,2015,Forward,31,1.83,0,351,16.523560759066484,29,10,3,1,5,0,0,0,0.0,0.0,0.0,62.0,33.0,0,1,1,1,1,0,0,0,0,1,0,0,0,0,1,0,1,0,0,0,0,0
632,15.60727002719233,2015,Forward,28,1.77,0,1089,16.523560759066484,35,11,6,4,13,1,1,1,7.0,4.0,0.0,58.0,12.0,0,1,1,1,1,0,0,0,0,1,0,0,0,1,1,0,1,0,0,0,0,0
633,14.978661367769956,2015,Defender,25,1.72,0,332,16.11809565095832,11,0,0,0,2,0,0,0,0.0,0.0,0.0,0.0,0.0,0,1,1,1,1,0,0,1,0,1,0,0,1,0,1,0,0,0,0,1,0,1
634,14.328334184392938,2015,Forward,21,1.75,0,360,15.068273526459642,31,23,6,3,2,0,0,1,6.0,3.0,1.0,4.0,0.0,0,1,1,1,1,0,0,0,0,1,0,0,1,0,1,0,0,0,0,1,0,0
635,17.216707939626428,2015,Forward,23,1.84,0,1037,16.588099280204055,40,15,3,0,4,1,1,0,8.0,3.0,1.0,29.0,7.0,0,0,1,0,1,0,1,1,1,1,0,0,0,1,0,1,0,0,0,0,1,0
636,16.588099280204055,2015,Defender,26,1.87,0,723,16.523560759066484,28,1,0,0,3,0,0,0,0.0,0.0,0.0,27.0,0.0,0,0,1,0,1,0,1,1,1,1,0,0,1,0,0,1,1,0,0,0,0,0
637,16.461685355348397,2015,Forward,22,1.75,0,1415,15.424948470398375,30,7,7,0,1,0,0,0,0.0,0.0,0.0,4.0,1.0,0,0,1,0,1,0,1,1,1,1,0,0,1,0,0,1,0,1,0,0,0,0
638,15.60727002719233,2015,Defender,22,1.87,0,1460,15.830413578506539,34,0,0,0,5,1,0,0,0.0,0.0,0.0,1.0,0.0,0,0,1,0,1,0,1,1,1,1,0,0,0,0,0,1,1,0,0,0,0,0
639,15.404745763080856,2015,Defender,24,1.73,0,0,15.60727002719233,41,0,5,0,2,0,0,0,0.0,0.0,0.0,0.0,0.0,1,0,0,1,1,0,1,1,1,1,0,0,1,0,0,1,1,0,0,0,0,1
640,16.569171270318538,2015,Forward,24,1.81,1,155,15.89495209964411,7,0,1,0,0,0,0,1,3.0,0.0,1.0,5.0,2.0,1,1,1,1,1,0,1,1,1,1,0,0,0,0,1,0,1,0,0,0,0,1
641,16.454567887579532,2015,Midfielder,26,1.83,0,0,16.012735135300492,28,1,4,0,3,0,0,1,6.0,0.0,1.0,12.0,2.0,0,1,1,1,1,0,0,0,0,0,0,0,1,0,1,0,0,0,0,1,0,0
642,16.00156183470237,2015,Midfielder,26,1.89,0,725,15.830413578506539,18,1,0,0,2,0,0,1,3.0,0.0,0.0,1.0,1.0,0,1,1,1,1,0,1,1,1,1,0,0,1,0,1,0,1,0,0,0,0,0
643,15.967272761223736,2015,Midfielder,24,1.8,0,1440,15.424948470398375,27,1,0,0,6,0,0,1,6.0,1.0,0.0,0.0,0.0,0,1,1,1,1,0,0,1,0,1,0,0,1,0,1,0,1,0,0,0,0,0
644,15.761420707019587,2015,Defender,25,1.84,0,1066,15.60727002719233,18,1,0,0,6,1,0,1,4.0,0.0,0.0,14.0,0.0,0,1,1,1,1,0,0,1,0,1,0,0,1,0,1,0,1,0,0,0,0,0
645,15.687312734865866,2015,Midfielder,24,1.76,0,1095,15.201804919084164,24,0,2,0,5,0,0,0,0.0,0.0,0.0,1.0,0.0,0,1,1,1,1,0,0,1,0,1,0,0,0,0,1,0,1,0,0,0,0,0
646,15.60727002719233,2015,Forward,28,1.65,0,303,15.955576721460545,30,2,2,0,3,0,0,1,5.0,0.0,0.0,14.0,0.0,1,1,1,1,1,0,1,1,1,1,0,0,1,0,1,0,1,0,0,0,0,1
647,15.27412558066379,2015,Defender,29,1.92,0,350,15.319587954740548,14,0,0,0,2,0,0,1,1.0,0.0,0.0,2.0,0.0,0,1,1,1,1,0,1,1,1,1,0,0,1,0,1,0,1,0,0,0,0,0
648,12.429216196844383,2015,Defender,22,1.81,0,329,12.429216196844383,19,0,0,0,4,0,0,0,0.0,0.0,0.0,0.0,0.0,1,1,1,1,1,0,0,0,1,1,0,0,1,0,1,0,1,0,0,0,0,1
649,17.654962870557586,2015,Forward,24,1.9,0,709,16.811242831518264,34,15,3,1,1,1,0,0,0.0,0.0,0.0,11.0,2.0,0,1,1,1,1,0,1,1,1,1,0,0,1,0,0,1,1,0,0,0,0,0
650,17.529082624668582,2015,Forward,23,1.81,0,730,17.034386382832476,36,10,12,0,7,0,0,0,0.0,0.0,0.0,11.0,3.0,0,0,1,0,1,0,1,1,1,1,0,0,1,0,0,1,0,0,0,1,0,0
651,16.689075197544057,2015,Defender,24,1.75,0,365,16.64872390202049,41,3,0,0,6,0,0,0,0.0,0.0,0.0,3.0,0.0,1,1,1,1,1,0,1,1,1,1,0,0,1,0,0,1,1,0,0,0,0,1
652,15.931766072766827,2015,Forward,22,1.77,0,365,16.300417207752275,37,11,4,1,6,0,0,0,0.0,0.0,0.0,0.0,0.0,1,0,0,1,1,0,1,1,1,1,0,0,1,0,0,1,1,0,0,0,0,1
653,15.404745763080856,2015,Defender,18,1.88,0,730,14.73180128983843,24,0,0,0,2,0,0,0,0.0,0.0,0.0,0.0,0.0,1,0,0,1,1,0,1,1,1,1,0,0,1,0,0,1,1,0,0,0,0,1
654,16.185754299432134,2015,Forward,24,1.8,0,669,15.761420707019587,18,1,2,0,3,1,1,0,2.0,0.0,0.0,0.0,0.0,0,1,1,1,1,0,1,1,1,1,0,0,1,0,1,0,1,0,0,0,0,1
655,15.60727002719233,2015,Forward,27,1.76,0,1095,15.201804919084164,25,10,1,1,2,0,0,1,4.0,1.0,0.0,0.0,0.0,0,1,1,1,1,0,0,1,0,1,0,0,0,0,1,0,1,0,0,0,0,0
656,15.250595083253597,2015,Forward,33,1.87,0,335,14.914122846632385,36,3,2,0,2,0,1,1,4.0,1.0,0.0,7.0,2.0,1,1,1,1,1,0,1,1,1,1,0,0,1,0,1,0,1,0,0,0,0,1
657,14.845129975145433,2015,Defender,24,1.96,0,365,14.73180128983843,12,0,0,0,2,0,0,0,0.0,0.0,0.0,6.0,0.0,0,1,1,1,1,0,1,1,1,1,0,0,1,0,1,0,0,0,0,1,0,0
658,16.569171270318538,2015,Defender,24,1.95,0,668,15.424948470398375,43,4,5,0,5,1,0,1,8.0,0.0,0.0,1.0,0.0,0,0,0,0,1,0,1,1,1,1,0,0,1,0,0,0,1,0,0,0,0,0
659,16.523560759066484,2015,Midfielder,24,1.69,0,1081,16.11809565095832,39,2,5,0,12,0,0,1,8.0,0.0,0.0,11.0,0.0,0,0,0,0,1,0,1,1,1,1,0,0,1,0,0,0,1,0,0,0,0,0
660,15.761420707019587,2015,Forward,22,1.72,0,1095,15.761420707019587,38,8,0,0,4,0,0,0,0.0,0.0,0.0,1.0,0.0,0,0,1,0,1,0,1,1,1,1,0,0,1,0,0,0,1,0,0,0,0,0
661,15.761420707019587,2015,Defender,23,1.71,0,365,16.06680235657077,31,0,3,0,10,1,1,1,7.0,0.0,1.0,5.0,0.0,0,0,0,0,1,0,1,1,1,1,0,0,1,0,0,0,1,0,0,0,0,0
662,15.464169183551656,2015,Forward,26,1.88,1,166,16.38045991542581,16,9,1,1,4,0,0,0,0.0,0.0,0.0,0.0,0.0,1,0,0,1,1,0,1,1,1,1,0,0,1,0,0,0,1,0,0,0,0,1
663,14.22097566607244,2015,Defender,25,1.85,0,359,14.038654109278484,32,0,1,0,4,0,0,0,0.0,0.0,0.0,6.0,0.0,0,0,0,0,1,0,1,1,1,1,0,0,1,0,0,0,0,0,1,0,0,0
664,15.990262279448435,2015,Forward,26,1.83,1,1248,15.60727002719233,22,8,2,1,1,0,0,0,0.0,0.0,0.0,0.0,0.0,0,0,1,0,1,0,1,1,1,1,0,0,1,0,0,0,1,0,0,0,0,0
665,15.717618084361195,2015,Forward,27,1.9,0,365,15.60727002719233,29,10,2,2,3,0,0,0,0.0,0.0,0.0,12.0,1.0,0,0,0,0,1,0,1,1,1,1,0,0,0,1,0,0,1,0,0,0,0,0
666,15.404745763080856,2015,Defender,26,1.78,0,730,15.60727002719233,38,1,5,0,7,0,0,1,4.0,0.0,0.0,0.0,0.0,0,0,1,0,1,0,1,1,1,1,0,0,0,0,0,0,1,0,0,0,0,0
667,13.652991628466498,2015,Goalkeeper,26,1.9,0,365,14.914122846632385,34,0,0,0,2,0,0,0,0.0,0.0,0.0,2.0,0.0,0,0,0,0,1,0,1,1,1,1,0,0,1,0,0,0,1,0,0,0,0,0
668,12.765688433465597,2015,Forward,19,1.88,0,353,10.819778284410283,24,5,1,0,0,0,0,0,0.0,0.0,0.0,0.0,0.0,0,0,0,1,1,0,1,1,1,1,0,0,1,0,0,0,1,0,0,0,0,1
669,12.254862809699606,2015,Forward,19,1.88,0,653,10.126631103850338,22,3,0,0,1,0,0,0,0.0,0.0,0.0,0.0,0.0,0,0,0,0,1,0,1,1,1,1,0,0,1,0,0,0,1,0,0,0,0,0
670,16.588099280204055,2015,Midfielder,23,1.84,1,1265,16.300417207752275,19,1,3,1,6,0,0,0,0.0,0.0,0.0,3.0,0.0,1,1,1,1,1,0,1,1,1,1,0,0,1,0,0,0,1,0,0,0,0,1
671,13.465953081794405,2015,Defender,24,1.74,0,364,13.122363377404328,27,0,2,0,3,0,0,0,0.0,0.0,0.0,2.0,0.0,0,1,1,1,1,0,0,0,1,1,0,0,1,0,0,0,1,0,0,0,0,1
672,17.003927175347766,2015,Midfielder,23,1.86,1,1611,16.588099280204055,15,0,1,0,3,0,1,0,5.0,0.0,0.0,0.0,0.0,0,0,0,0,1,0,1,1,1,1,0,0,0,0,0,0,0,1,0,0,0,0
673,16.64872390202049,2015,Midfielder,23,1.69,0,1419,16.64872390202049,35,5,4,1,7,0,1,1,7.0,2.0,0.0,27.0,10.0,0,0,1,0,1,0,1,1,1,1,0,0,0,0,0,0,1,0,0,0,0,0
674,15.89495209964411,2015,Forward,25,1.91,0,1095,15.60727002719233,32,10,3,1,4,0,0,0,0.0,0.0,0.0,0.0,0.0,0,0,1,0,1,0,1,1,1,1,0,0,1,0,0,0,1,0,0,0,0,0
675,13.304684934198283,2015,Goalkeeper,23,1.99,0,183,13.527828485512494,23,0,0,0,1,0,0,0,0.0,0.0,0.0,0.0,0.0,0,0,0,0,1,0,1,1,1,1,0,0,1,0,0,0,1,0,0,0,0,0
676,15.89495209964411,2015,Midfielder,26,1.96,0,0,15.830413578506539,42,4,2,0,3,0,0,0,0.0,0.0,0.0,0.0,0.0,0,1,1,1,1,0,0,1,0,1,0,0,1,0,0,0,1,0,0,0,0,0
677,15.250595083253597,2015,Defender,30,1.91,0,365,15.424948470398375,18,1,0,0,3,0,0,0,0.0,0.0,0.0,6.0,1.0,0,1,1,1,1,0,1,1,1,1,0,0,1,0,0,0,1,0,0,0,0,1
678,16.44739939810092,2015,Midfielder,29,1.73,0,730,16.588099280204055,33,2,1,0,9,1,1,0,5.0,0.0,0.0,30.0,3.0,0,0,1,0,1,0,1,1,1,1,0,0,1,0,0,0,1,0,0,0,0,0
679,16.11809565095832,2015,Forward,22,1.89,0,1427,15.424948470398375,40,6,1,0,8,0,0,0,0.0,0.0,0.0,0.0,0.0,1,1,1,1,1,0,1,1,1,1,0,0,1,0,0,0,1,0,0,0,0,1
680,15.404745763080856,2015,Goalkeeper,25,1.93,0,1073,14.73180128983843,5,0,0,0,0,0,0,0,0.0,0.0,0.0,0.0,0.0,1,0,0,1,1,0,1,1,1,1,0,0,1,0,0,0,1,0,0,0,0,1
681,15.501909511534503,2015,Forward,31,1.86,0,303,14.73180128983843,38,15,4,1,9,1,0,0,0.0,0.0,0.0,0.0,0.0,1,1,1,1,1,0,1,1,1,1,0,0,1,0,0,0,1,0,0,0,0,1
682,16.70031127081098,2015,Forward,25,1.82,1,515,16.11809565095832,21,12,8,1,5,0,0,1,6.0,4.0,2.0,0.0,0.0,0,0,0,0,1,0,1,1,1,1,0,0,1,0,0,0,0,1,0,0,0,0
683,16.316946509703484,2015,Defender,24,1.87,0,668,15.60727002719233,23,3,0,0,6,0,0,0,12.0,1.0,0.0,2.0,0.0,0,0,0,0,0,1,1,1,1,1,0,0,0,0,0,0,0,0,0,1,0,0
684,15.60727002719233,2015,Forward,21,1.77,0,730,15.60727002719233,28,3,6,0,0,0,0,1,5.0,0.0,2.0,1.0,0.0,0,0,1,0,1,0,1,1,1,1,0,0,1,0,0,0,1,0,0,0,0,0
685,14.151982794585487,2015,Defender,18,1.87,0,322,11.225243392518447,22,1,1,0,2,1,0,0,0.0,0.0,0.0,0.0,0.0,0,0,0,1,1,0,1,1,1,1,0,0,1,0,0,0,0,0,1,0,0,1
686,13.458835614025542,2015,Forward,22,1.79,0,0,13.592367006650065,23,9,0,0,3,0,0,0,0.0,0.0,0.0,0.0,0.0,0,0,0,0,0,1,1,1,1,1,0,0,1,0,0,0,0,0,0,1,0,0
687,16.213405830762646,2015,Forward,29,1.78,1,1258,15.424948470398375,13,4,1,0,1,0,0,0,0.0,0.0,0.0,20.0,3.0,0,1,1,1,1,0,1,1,1,1,0,0,1,0,0,0,1,0,0,0,0,0
688,16.523560759066484,2015,Midfielder,28,1.75,0,730,16.38045991542581,36,7,17,0,3,0,0,0,0.0,0.0,0.0,11.0,1.0,0,0,1,0,1,0,1,1,1,1,0,0,1,0,0,0,1,0,0,0,0,0
689,16.213405830762646,2015,Defender,27,1.91,0,1086,16.012735135300492,30,0,0,0,4,0,1,0,1.0,0.0,0.0,2.0,0.0,0,0,1,0,1,0,1,1,1,1,0,0,0,0,0,0,1,0,0,0,0,0
690,16.06680235657077,2015,Forward,25,1.8,0,668,14.73180128983843,49,15,12,0,7,0,0,0,0.0,0.0,0.0,0.0,0.0,0,0,0,1,1,0,1,1,1,1,0,0,1,0,0,0,0,0,1,0,0,1
691,15.60727002719233,2015,Midfielder,23,1.86,0,0,15.89495209964411,36,3,1,0,13,0,0,0,0.0,0.0,0.0,0.0,0.0,0,0,1,0,1,0,1,1,1,1,0,0,1,0,0,0,0,1,0,0,0,0
692,15.38412647587812,2015,Defender,22,1.83,1,162,15.068273526459642,24,3,1,0,7,0,0,0,0.0,0.0,0.0,0.0,0.0,1,0,0,1,1,0,1,1,1,1,0,0,1,0,0,0,1,0,0,0,0,1
693,15.226497287772068,2015,Forward,30,1.88,0,668,15.687312734865866,26,8,1,0,3,0,0,0,0.0,0.0,0.0,24.0,3.0,0,0,0,1,1,0,1,1,1,1,0,0,0,1,0,0,1,0,0,0,0,0
694,15.88237331743725,2015,Midfielder,30,1.8,0,715,15.60727002719233,42,6,8,0,3,0,0,0,0.0,0.0,0.0,18.0,0.0,1,1,1,1,1,0,0,0,1,1,0,0,0,0,0,0,1,0,0,0,0,1
695,15.201804919084164,2015,Forward,27,1.85,0,311,14.508657738524219,26,9,0,2,5,0,0,0,0.0,0.0,0.0,20.0,2.0,0,1,1,1,1,0,0,0,0,0,0,1,0,0,0,0,0,1,0,0,0,0
696,14.557447902693651,2015,Forward,28,1.75,1,526,14.914122846632385,17,4,0,0,2,0,0,1,2.0,0.0,0.0,0.0,0.0,0,1,1,1,1,0,0,1,0,1,0,0,1,0,0,0,0,0,0,1,0,0
697,16.64872390202049,2015,Forward,25,1.89,0,1055,16.523560759066484,38,16,1,0,5,0,1,1,12.0,4.0,0.0,14.0,4.0,0,0,0,0,1,0,1,1,1,1,0,0,1,0,0,0,0,0,0,1,0,0
698,16.240313283682568,2015,Defender,26,1.77,0,0,14.508657738524219,24,2,0,0,5,1,0,0,0.0,0.0,0.0,1.0,0.0,0,0,0,1,1,0,1,1,1,1,0,0,1,0,0,0,1,0,0,0,0,1
699,14.557447902693651,2015,Midfielder,26,1.8,0,365,14.914122846632385,37,6,6,0,12,1,0,0,0.0,0.0,0.0,13.0,2.0,0,0,0,1,1,0,1,1,1,1,0,0,0,0,0,0,1,0,0,0,0,0
700,15.505606373415828,2015,Forward,26,1.81,0,669,15.60727002719233,30,7,2,0,2,0,0,0,0.0,0.0,0.0,13.0,1.0,0,1,1,1,1,0,0,0,0,1,0,0,1,0,0,0,0,1,0,0,0,0
701,15.226497287772068,2015,Midfielder,28,1.77,0,730,14.508657738524219,37,4,4,0,6,0,0,0,0.0,0.0,0.0,5.0,0.0,0,1,1,1,1,0,1,1,1,1,0,0,1,0,0,0,1,0,0,0,0,1
702,14.508657738524219,2015,Midfielder,27,1.68,0,365,15.424948470398375,5,0,0,0,1,0,0,0,5.0,0.0,1.0,0.0,0.0,0,1,1,1,1,0,0,0,0,0,1,0,0,1,0,0,0,0,0,1,0,0
703,14.151982794585487,2015,Defender,33,1.91,0,303,15.201804919084164,37,1,2,0,3,0,0,0,0.0,0.0,0.0,16.0,1.0,1,1,1,1,1,0,1,1,1,1,0,0,0,0,0,0,1,0,0,0,0,1
704,16.213405830762646,2015,Forward,29,1.75,0,365,15.89495209964411,33,13,3,0,4,0,0,0,0.0,0.0,0.0,59.0,28.0,0,0,1,0,1,0,1,1,1,1,0,0,1,0,0,0,0,0,0,0,1,0
705,16.012735135300492,2015,Midfielder,24,1.68,0,1062,15.319587954740548,37,2,5,0,4,1,0,0,0.0,0.0,0.0,0.0,0.0,0,0,1,0,1,0,1,1,1,1,0,0,1,0,0,0,1,0,0,0,0,0
706,15.761420707019587,2015,Midfielder,31,1.83,0,316,15.830413578506539,32,1,0,0,6,0,0,1,11.0,0.0,0.0,41.0,3.0,0,0,1,0,1,0,1,1,1,1,0,0,0,1,0,0,1,0,0,0,0,0
707,15.761420707019587,2015,Defender,28,1.85,0,1427,14.077874822431765,29,1,0,0,15,1,0,0,0.0,0.0,0.0,0.0,0.0,0,0,1,0,1,0,1,1,1,1,0,0,1,0,0,0,0,1,0,0,0,0
708,15.702580206996654,2015,Defender,21,1.86,1,1439,14.914122846632385,15,0,0,0,0,1,0,0,0.0,0.0,0.0,5.0,0.0,0,0,0,0,1,0,1,1,1,1,0,0,1,0,0,0,0,1,0,0,0,0
709,15.444751097694555,2015,Forward,19,1.83,1,908,15.201804919084164,26,1,5,0,1,0,0,0,0.0,0.0,0.0,0.0,0.0,0,0,0,1,1,0,1,1,1,1,0,0,1,0,0,0,0,0,1,0,0,1
710,15.538277155705378,2015,Forward,30,1.8,0,321,14.508657738524219,32,5,2,1,3,0,0,0,0.0,0.0,0.0,1.0,1.0,1,1,1,1,1,0,0,0,1,1,0,0,1,0,0,0,1,0,0,0,0,1
711,15.096444403426338,2015,Forward,23,1.91,0,0,13.815510557964274,17,1,0,0,0,0,0,0,0.0,0.0,0.0,8.0,3.0,0,1,1,1,1,0,0,0,1,1,0,0,1,0,0,0,0,0,0,0,0,1
712,16.811242831518264,2015,Midfielder,24,1.75,0,1085,16.523560759066484,40,16,4,0,1,0,0,1,7.0,2.0,1.0,14.0,2.0,0,0,0,0,1,0,1,1,1,1,0,0,1,0,0,0,1,0,0,0,0,0
713,16.733281290048552,2015,Forward,20,1.89,0,1075,16.213405830762646,44,23,4,0,10,0,1,1,7.0,3.0,0.0,10.0,2.0,0,0,0,0,1,0,1,1,1,1,0,0,1,0,0,0,1,0,0,0,0,0
714,16.725140132464855,2015,Forward,22,1.81,0,1046,16.300417207752275,36,5,4,0,3,0,0,0,0.0,0.0,0.0,0.0,0.0,0,0,1,0,1,0,1,1,1,1,0,0,0,0,0,0,1,0,0,0,0,0
715,16.300417207752275,2015,Defender,20,1.82,0,701,15.89495209964411,34,3,1,0,5,1,1,0,6.0,2.0,0.0,12.0,1.0,0,0,0,0,1,0,1,1,1,1,0,0,1,0,0,0,0,1,0,0,0,0
716,15.60727002719233,2015,Midfielder,25,1.75,1,0,14.73180128983843,24,4,0,0,5,1,0,1,5.0,1.0,0.0,8.0,0.0,0,0,1,0,1,0,1,1,1,1,0,0,1,0,0,0,0,1,0,0,0,0
717,12.793859310432293,2015,Forward,19,1.85,0,329,11.918390573078392,43,10,3,0,10,1,0,0,0.0,0.0,0.0,0.0,0.0,1,0,0,1,1,0,1,1,1,1,0,0,1,0,0,0,1,0,0,0,0,1
718,15.123843377614453,2015,Defender,24,1.87,0,365,15.761420707019587,15,0,0,0,1,0,0,1,4.0,0.0,0.0,2.0,0.0,0,1,1,1,1,0,0,1,0,1,0,0,1,0,0,0,1,0,0,0,0,0
719,13.304684934198283,2015,Midfielder,23,1.78,0,314,14.508657738524219,16,0,0,0,1,0,0,0,0.0,0.0,0.0,1.0,0.0,0,1,1,1,1,0,0,0,0,1,0,0,1,0,0,0,0,1,0,0,0,0
720,12.706847933442663,2015,Defender,32,1.94,1,153,14.73180128983843,2,1,0,0,0,0,0,0,0.0,0.0,0.0,0.0,0.0,1,1,1,1,1,0,0,0,1,1,0,0,1,0,0,0,1,0,0,0,0,1
721,16.283610089435893,2015,Forward,24,1.76,1,882,15.830413578506539,25,5,7,0,8,1,0,1,4.0,0.0,0.0,15.0,6.0,0,0,1,0,1,0,1,1,1,1,0,0,1,0,0,0,0,1,0,0,0,0
722,16.249123913364723,2015,Forward,27,1.78,0,716,16.300417207752275,31,8,9,0,5,1,0,1,10.0,3.0,1.0,16.0,5.0,0,0,0,0,1,0,1,1,1,1,0,0,1,0,0,0,1,0,0,0,0,0
723,16.166885815127753,2015,Midfielder,27,1.88,0,1095,16.11809565095832,17,1,0,0,4,0,0,0,0.0,0.0,0.0,4.0,0.0,0,0,1,0,1,0,1,1,1,1,0,0,0,0,0,0,0,0,0,1,0,0
724,15.687312734865866,2015,Defender,26,1.88,1,520,14.73180128983843,19,0,0,0,6,1,0,0,0.0,0.0,0.0,1.0,0.0,0,0,1,0,1,0,1,1,1,1,0,0,1,0,0,0,0,1,0,0,0,0
725,14.862829552244833,2015,Defender,26,1.91,0,0,14.508657738524219,37,0,0,0,6,0,0,0,0.0,0.0,0.0,2.0,0.0,0,0,0,0,0,1,1,1,1,1,0,0,1,0,0,0,0,0,0,1,0,0
726,14.845129975145433,2015,Defender,23,1.78,0,362,14.73180128983843,34,1,8,0,2,0,0,1,5.0,0.0,0.0,5.0,0.0,0,0,0,0,1,0,1,1,1,1,0,0,1,0,0,0,1,0,0,0,0,1
727,13.815510557964274,2015,Midfielder,25,1.95,1,175,14.508657738524219,1,0,0,0,0,0,0,0,0.0,0.0,0.0,0.0,0.0,0,0,1,0,1,0,1,1,1,1,0,0,1,0,0,0,1,0,0,0,0,0
728,13.122363377404328,2015,Midfielder,22,1.83,0,0,12.89921982609012,7,0,0,0,2,0,0,0,0.0,0.0,0.0,0.0,0.0,0,1,1,1,1,0,0,0,1,1,0,0,1,0,0,0,0,1,0,0,0,0
729,16.300417207752275,2015,Forward,23,1.82,0,1069,15.60727002719233,31,12,5,3,8,0,0,0,0.0,0.0,0.0,20.0,4.0,0,0,1,0,1,0,1,1,1,1,0,0,1,0,0,0,0,1,0,0,0,0
730,16.213405830762646,2015,Defender,21,1.76,0,713,15.201804919084164,36,4,0,0,11,0,0,0,0.0,0.0,0.0,0.0,0.0,0,0,1,0,1,0,1,1,1,1,0,0,0,0,0,0,1,0,0,0,0,0
731,16.11809565095832,2015,Forward,19,1.78,0,1051,15.424948470398375,39,4,12,0,11,0,0,0,0.0,0.0,0.0,0.0,0.0,0,0,0,0,1,0,1,1,1,1,0,0,1,0,0,0,1,0,0,0,0,0
732,16.11809565095832,2015,Midfielder,22,1.77,0,700,15.89495209964411,38,7,6,4,6,0,0,0,0.0,0.0,0.0,0.0,0.0,0,0,1,0,1,0,1,1,1,1,0,0,1,0,0,0,1,0,0,0,0,0
733,16.012735135300492,2015,Midfielder,25,1.74,0,1086,15.830413578506539,38,4,2,0,6,0,0,1,6.0,0.0,0.0,20.0,0.0,0,0,1,0,1,0,1,1,1,1,0,0,1,0,0,0,0,1,0,0,0,0
734,15.955576721460545,2015,Forward,26,1.93,0,700,15.068273526459642,44,22,6,1,3,0,0,0,0.0,0.0,0.0,6.0,3.0,0,0,0,1,1,0,1,1,1,1,0,0,1,0,0,0,0,1,0,0,0,0
735,13.592367006650065,2015,Defender,28,1.85,0,703,13.592367006650065,29,0,0,0,7,0,0,0,0.0,0.0,0.0,0.0,0.0,0,0,0,0,1,0,1,1,1,1,0,0,1,0,0,0,1,0,0,0,0,0
736,15.150511624696614,2015,Midfielder,23,1.79,0,365,15.319587954740548,35,4,2,0,5,0,0,0,0.0,0.0,0.0,9.0,0.0,0,1,1,1,1,0,0,0,1,1,0,0,1,0,0,0,1,0,0,0,0,1
737,14.22097566607244,2015,Midfielder,24,1.84,0,365,13.815510557964274,27,1,0,0,4,0,0,0,0.0,0.0,0.0,11.0,0.0,0,1,1,1,1,0,0,1,0,1,0,0,1,0,0,0,0,1,0,0,0,0
738,14.151982794585487,2015,Defender,26,1.8,0,730,14.508657738524219,13,0,0,0,2,0,0,0,0.0,0.0,0.0,0.0,0.0,1,1,1,1,1,0,0,0,1,1,0,0,1,0,0,0,1,0,0,0,0,1
739,16.40327459319198,2015,Forward,22,1.83,1,902,15.761420707019587,27,10,0,3,1,0,0,0,0.0,0.0,0.0,0.0,0.0,0,0,0,1,1,0,1,1,1,1,0,0,1,0,0,0,0,1,0,0,0,1
740,16.240313283682568,2015,Defender,22,1.96,0,730,15.60727002719233,42,1,4,0,11,0,0,0,0.0,0.0,0.0,0.0,0.0,1,0,0,1,1,0,1,1,1,1,0,0,0,0,0,0,1,0,0,0,0,1
741,16.11809565095832,2015,Forward,27,1.75,0,696,15.687312734865866,37,17,3,4,7,0,0,1,5.0,0.0,0.0,23.0,4.0,0,0,1,0,1,0,1,1,1,1,0,0,1,0,0,0,0,1,0,0,0,1
742,16.05088690126487,2015,Forward,27,1.83,1,536,14.914122846632385,8,1,0,0,0,0,0,0,0.0,0.0,0.0,0.0,0.0,0,1,1,1,1,0,1,1,1,1,0,0,1,0,0,0,0,0,1,0,0,1
743,15.27412558066379,2015,Forward,26,1.8,0,696,14.375126345899696,47,9,10,0,5,0,0,0,0.0,0.0,0.0,0.0,0.0,1,0,0,1,1,0,1,1,1,1,0,0,1,0,0,0,1,0,0,0,0,1
744,13.38472764187182,2015,Forward,34,1.84,1,527,13.527828485512494,11,1,0,0,0,0,0,0,0.0,0.0,0.0,0.0,0.0,0,1,1,1,1,0,0,0,1,1,0,0,1,0,0,0,1,0,0,0,0,0
745,16.176364559082295,2015,Midfielder,23,1.83,1,515,15.60727002719233,18,3,2,0,1,0,0,0,0.0,0.0,0.0,0.0,0.0,0,0,1,0,1,0,1,1,1,1,0,0,1,0,0,0,0,1,0,0,0,0
746,15.943742263813542,2015,Forward,23,1.8,0,0,15.520258650202699,45,16,5,2,2,0,0,0,0.0,0.0,0.0,7.0,4.0,0,0,1,0,1,0,1,1,1,1,0,0,1,0,0,0,1,0,0,0,0,0
747,15.943742263813542,2015,Forward,28,1.79,1,1259,15.60727002719233,14,0,1,0,5,1,0,0,0.0,0.0,0.0,15.0,1.0,0,0,1,0,1,0,1,1,1,1,0,0,1,0,0,0,0,1,0,0,0,0
748,15.687312734865866,2015,Forward,23,1.82,0,0,15.068273526459642,22,11,4,0,3,0,0,0,0.0,0.0,0.0,0.0,0.0,0,0,0,0,1,0,1,1,1,1,0,0,0,0,0,0,1,0,0,0,0,0
749,15.483217378522351,2015,Midfielder,28,1.89,1,1247,15.89495209964411,17,0,0,0,3,0,0,1,4.0,0.0,0.0,2.0,0.0,0,0,1,0,1,0,1,1,1,1,0,0,1,0,0,0,1,0,0,0,0,0
750,15.068273526459642,2015,Midfielder,30,1.84,0,720,15.068273526459642,23,0,0,0,7,1,0,0,0.0,0.0,0.0,34.0,1.0,0,0,1,0,1,0,1,1,1,1,0,0,1,0,0,0,1,0,0,0,0,0
751,15.231363721325708,2015,Forward,25,1.72,0,1036,14.508657738524219,26,5,4,0,4,0,0,0,0.0,0.0,0.0,0.0,0.0,0,1,1,1,1,0,0,0,1,1,0,0,1,0,0,0,1,0,0,0,0,0
752,14.508657738524219,2015,Forward,25,1.81,1,520,13.815510557964274,26,6,4,0,4,0,0,0,0.0,0.0,0.0,0.0,0.0,0,1,1,1,1,0,0,0,1,1,0,0,1,0,0,0,1,0,0,0,0,0
753,12.971540487669746,2015,Midfielder,26,1.84,0,350,14.22097566607244,29,3,3,0,2,0,0,0,0.0,0.0,0.0,0.0,0.0,1,1,1,1,1,0,0,0,1,1,0,0,1,0,0,0,1,0,0,0,0,1
754,17.24949776244942,2016,Forward,28,1.88,0,1399,16.90655301132259,40,28,3,2,8,0,0,1,7.0,1.0,0.0,21.0,9.0,0,0,0,0,1,0,1,1,1,1,0,0,1,0,0,0,0,1,0,0,0,0
755,16.785925023533974,2016,Forward,23,1.71,0,1087,16.70588231586044,36,14,5,0,3,0,1,0,6.0,1.0,0.0,28.0,6.0,0,0,0,0,1,0,1,1,1,1,0,0,1,0,0,0,0,1,0,0,0,0
756,16.68340946000838,2016,Midfielder,20,1.83,1,1274,15.89495209964411,25,1,0,0,6,0,0,1,6.0,1.0,0.0,3.0,0.0,0,0,0,0,1,0,1,1,1,1,0,0,1,0,0,0,0,1,0,0,0,0
757,16.556350581889475,2016,Midfielder,24,1.68,0,362,15.830413578506539,39,1,2,0,2,1,0,0,0.0,0.0,0.0,0.0,0.0,0,0,1,0,1,0,1,1,1,1,0,0,1,0,0,0,0,1,0,0,0,0
758,15.424948470398375,2016,Midfielder,19,1.79,0,696,15.424948470398375,33,4,8,0,7,0,0,0,0.0,0.0,0.0,12.0,2.0,0,0,0,0,1,0,1,1,1,1,0,0,1,0,0,0,1,0,0,0,0,0
759,15.068273526459642,2016,Goalkeeper,27,1.88,0,364,15.89495209964411,36,0,0,0,3,0,0,0,0.0,0.0,0.0,5.0,0.0,0,0,0,0,1,0,1,1,1,1,0,0,1,0,0,0,1,0,0,0,0,1
760,17.39345845137093,2016,Midfielder,25,1.68,0,1079,16.811242831518264,40,1,4,0,3,0,0,0,0.0,0.0,0.0,10.0,1.0,0,1,1,1,1,0,1,1,1,1,0,0,1,0,0,1,1,0,0,0,0,0
761,16.440179150127435,2016,Midfielder,24,1.78,1,898,15.89495209964411,11,1,0,0,0,0,1,0,3.0,0.0,0.0,4.0,0.0,0,1,1,1,1,0,1,1,1,1,0,0,0,0,0,0,0,1,0,0,0,1
762,16.213405830762646,2016,Midfielder,25,1.77,0,729,15.830413578506539,20,6,2,1,2,1,0,0,0.0,0.0,0.0,15.0,5.0,0,1,1,1,1,0,0,1,0,1,0,0,1,0,0,0,1,0,0,0,0,0
763,14.648419680899378,2016,Defender,27,1.84,0,676,14.508657738524219,25,1,1,0,1,0,0,0,0.0,0.0,0.0,0.0,0.0,0,1,1,1,1,0,0,0,1,1,0,0,1,0,0,0,1,0,0,0,0,0
764,14.508657738524219,2016,Defender,27,1.82,1,1253,14.914122846632385,9,0,0,0,2,0,1,0,4.0,0.0,0.0,0.0,0.0,0,1,1,1,1,0,0,1,0,1,0,0,1,0,0,0,1,0,0,0,0,0
765,13.955272500339433,2016,Defender,23,1.85,0,314,14.508657738524219,11,0,0,0,2,0,0,0,0.0,0.0,0.0,0.0,0.0,0,1,1,1,1,0,0,0,1,1,0,0,1,0,0,0,0,0,1,0,0,1
766,17.622173047734595,2016,Midfielder,23,1.86,0,1094,17.37085861945369,36,3,2,1,11,3,1,0,5.0,0.0,1.0,36.0,4.0,0,0,1,0,1,0,1,1,1,1,0,0,0,0,0,1,1,0,0,0,0,0
767,17.529082624668582,2016,Defender,24,1.84,0,1034,16.811242831518264,42,2,0,0,17,1,1,1,8.0,0.0,0.0,14.0,1.0,0,0,1,0,1,0,1,1,1,1,0,0,1,0,0,1,1,0,0,0,0,0
768,16.811242831518264,2016,Forward,27,1.8,0,1034,16.300417207752275,37,17,7,1,3,0,0,0,0.0,0.0,0.0,0.0,0.0,0,0,1,0,1,0,1,1,1,1,0,0,0,0,0,1,1,0,0,0,0,0
769,15.201804919084164,2016,Forward,21,1.73,0,0,13.997832114758229,14,4,1,0,0,0,0,0,0.0,0.0,0.0,1.0,0.0,0,0,0,0,0,0,1,1,1,1,0,0,1,0,0,1,0,0,0,0,1,0
770,14.914122846632385,2016,Defender,20,1.89,0,343,12.429216196844383,30,1,1,0,3,1,0,0,0.0,0.0,0.0,0.0,0.0,1,0,0,1,1,0,1,1,1,1,0,0,1,0,0,1,1,0,0,0,0,1
771,15.424948470398375,2016,Forward,21,1.76,0,303,14.73180128983843,3,0,0,0,0,0,0,0,0.0,0.0,0.0,1.0,0.0,0,1,1,1,1,0,0,1,0,1,0,0,1,0,1,0,1,0,0,0,0,1
772,14.914122846632385,2016,Forward,23,1.7,0,712,14.508657738524219,25,2,0,0,3,0,0,0,0.0,0.0,0.0,0.0,0.0,0,1,1,1,1,0,0,0,0,0,1,0,1,0,1,0,0,0,0,1,0,0
773,17.37085861945369,2016,Midfielder,27,1.87,0,1033,16.38045991542581,39,1,7,0,3,0,0,0,0.0,0.0,0.0,41.0,1.0,0,0,0,1,1,0,1,1,1,1,0,0,1,0,0,1,1,0,0,0,0,0
774,16.90655301132259,2016,Forward,22,1.85,0,1083,15.60727002719233,40,29,4,5,3,0,0,1,6.0,2.0,0.0,7.0,3.0,0,0,0,0,1,0,1,1,1,1,0,0,0,0,0,1,1,0,0,0,0,0
775,16.48273876454623,2016,Midfielder,25,1.84,0,364,16.523560759066484,32,1,1,0,8,3,0,0,0.0,0.0,0.0,13.0,2.0,0,1,1,1,1,0,1,1,1,1,0,0,1,0,0,1,0,1,0,0,0,0
776,16.213405830762646,2016,Forward,21,1.72,0,1399,15.761420707019587,40,10,5,0,1,0,0,1,7.0,4.0,2.0,0.0,0.0,0,0,1,0,1,0,1,1,1,1,0,0,1,0,0,1,0,1,0,0,0,0
777,16.549878067383858,2016,Midfielder,25,1.75,0,0,15.830413578506539,29,2,0,0,3,0,0,1,6.0,1.0,0.0,1.0,0.0,1,1,1,1,1,0,1,1,1,1,0,0,1,0,1,0,1,0,0,0,0,1
778,16.536805985816503,2016,Forward,27,1.87,0,670,16.38045991542581,40,7,3,0,1,0,0,1,6.0,1.0,0.0,25.0,3.0,0,1,1,1,1,0,1,1,1,1,0,0,1,0,1,0,1,0,0,0,0,0
779,16.056220247240233,2016,Midfielder,23,1.68,0,1060,14.914122846632385,4,0,0,0,0,0,0,0,0.0,0.0,0.0,0.0,0.0,1,1,1,1,1,0,0,0,1,1,0,0,1,0,1,0,1,0,0,0,0,1
780,15.590462908875947,2016,Defender,23,1.73,0,675,14.914122846632385,25,0,2,0,2,0,0,0,0.0,0.0,0.0,36.0,0.0,0,1,1,1,1,0,0,0,1,1,0,0,1,0,1,0,0,0,1,0,0,0
781,15.464169183551656,2016,Midfielder,24,1.77,1,894,15.424948470398375,5,0,0,0,1,0,0,0,0.0,0.0,0.0,0.0,0.0,1,1,1,1,1,0,1,1,1,1,0,0,0,0,1,0,1,0,0,0,0,1
782,17.83369375922081,2016,Defender,22,1.88,0,1055,17.14771506813948,41,0,0,0,4,0,0,0,0.0,0.0,0.0,11.0,0.0,1,1,1,1,1,0,1,1,1,1,0,0,1,0,0,1,1,0,0,0,0,1
783,17.7667542765457,2016,Forward,20,1.83,0,1062,17.216707939626428,42,9,7,0,5,0,0,1,7.0,1.0,1.0,4.0,0.0,0,0,1,0,1,0,1,1,1,1,0,0,0,0,0,1,1,0,0,0,0,0
784,17.281246460764002,2016,Forward,19,1.75,1,1094,16.588099280204055,32,16,6,0,12,1,0,0,5.0,4.0,0.0,0.0,0.0,0,0,0,0,0,1,1,1,1,1,0,0,1,0,0,1,0,0,0,1,0,0
785,17.111347423968603,2016,Midfielder,25,1.8,0,364,17.216707939626428,36,2,4,1,2,0,0,1,6.0,0.0,0.0,12.0,3.0,0,0,1,0,1,0,1,1,1,1,0,0,1,0,0,1,1,0,0,0,0,0
786,16.70588231586044,2016,Forward,29,1.75,0,364,16.523560759066484,29,12,6,1,9,0,0,0,0.0,0.0,0.0,14.0,5.0,0,0,1,0,1,0,1,1,1,1,0,0,1,0,0,1,1,0,0,0,0,0
787,16.70588231586044,2016,Goalkeeper,33,1.84,0,674,16.523560759066484,33,0,0,0,0,0,0,0,0.0,0.0,0.0,32.0,0.0,0,0,1,0,1,0,1,1,1,1,0,0,1,0,0,1,0,0,0,1,0,0
788,15.520258650202699,2016,Forward,19,1.73,0,0,13.815510557964274,22,3,5,0,2,0,0,0,13.0,3.0,5.0,5.0,1.0,0,0,0,0,0,1,1,1,1,1,0,0,1,0,0,1,0,0,0,1,0,0
789,15.363073066680286,2016,Goalkeeper,24,1.89,0,0,15.89495209964411,37,0,0,0,4,1,0,0,0.0,0.0,0.0,0.0,0.0,0,1,1,1,1,0,1,1,1,1,0,0,1,0,0,1,0,0,0,1,0,0
790,14.626440774180603,2016,Defender,19,1.75,0,910,15.201804919084164,24,2,4,0,3,0,0,0,0.0,0.0,0.0,7.0,1.0,0,0,0,0,1,0,1,1,1,1,0,0,0,0,0,1,1,0,0,0,0,0
791,12.206072645530174,2016,Defender,22,1.93,0,684,13.122363377404328,25,1,0,0,7,1,0,0,0.0,0.0,0.0,0.0,0.0,0,0,0,0,1,0,1,1,1,1,0,0,0,0,0,1,1,0,0,0,0,0
792,16.41820024340866,2016,Forward,27,1.83,1,543,16.11809565095832,24,7,5,0,5,0,1,0,2.0,0.0,1.0,30.0,9.0,0,1,1,1,1,0,0,1,0,1,0,0,1,0,1,0,1,0,0,0,0,0
793,16.213405830762646,2016,Forward,30,1.93,0,729,16.523560759066484,39,10,7,2,4,1,1,0,7.0,2.0,1.0,57.0,34.0,0,1,1,1,1,0,0,1,0,1,0,0,1,0,1,0,1,0,0,0,0,0
794,14.22097566607244,2016,Defender,25,1.9,0,1094,13.592367006650065,38,3,0,0,15,1,0,0,0.0,0.0,0.0,0.0,0.0,0,1,1,1,1,0,0,1,0,1,0,0,1,0,1,0,1,0,0,0,0,0
795,18.469470908121796,2016,Midfielder,23,1.91,0,1055,18.064005800013632,49,10,15,1,12,0,1,0,8.0,1.0,2.0,39.0,6.0,0,0,1,0,1,0,1,1,1,1,0,0,0,1,0,1,1,0,0,0,0,1
796,17.553180176247643,2016,Midfielder,27,1.77,0,359,17.216707939626428,48,18,22,0,6,0,0,1,11.0,2.0,5.0,41.0,16.0,0,0,1,0,1,0,1,1,1,1,0,0,0,1,0,1,0,0,0,0,1,0
797,17.45309671769066,2016,Defender,22,1.87,0,1460,15.89495209964411,35,1,1,0,14,1,0,1,7.0,1.0,0.0,12.0,0.0,0,0,1,0,1,0,1,1,1,1,0,0,1,0,0,1,0,1,0,0,0,0
798,16.951004773893423,2016,Midfielder,27,1.86,1,899,17.14771506813948,8,0,0,0,1,0,0,1,2.0,0.0,0.0,15.0,0.0,0,1,1,1,1,0,1,1,1,1,0,0,1,0,1,0,1,0,0,0,0,0
799,16.588099280204055,2016,Forward,22,1.78,1,891,17.034386382832476,8,0,0,0,1,0,0,1,3.0,0.0,0.0,22.0,3.0,0,1,1,1,1,0,0,1,0,1,0,0,1,0,1,0,1,0,0,0,0,0
800,15.473738634567807,2016,Defender,21,1.89,0,323,15.201804919084164,9,0,0,0,0,0,0,1,1.0,0.0,0.0,12.0,0.0,0,1,1,1,1,0,1,1,1,1,0,0,1,0,1,0,1,0,0,0,0,1
801,14.403297222866392,2016,Defender,22,1.83,0,312,13.815510557964274,6,0,0,0,0,0,0,1,3.0,0.0,0.0,0.0,0.0,1,1,1,1,1,0,0,0,1,1,0,0,0,0,1,0,1,0,0,0,0,1
802,13.997832114758229,2016,Forward,23,1.88,0,669,14.22097566607244,24,2,1,0,3,0,0,0,0.0,0.0,0.0,0.0,0.0,0,1,1,1,1,0,1,1,1,1,0,0,1,0,1,0,1,0,0,0,0,1
803,16.744034081824815,2016,Forward,22,1.75,0,1035,16.38045991542581,34,12,4,2,12,2,0,0,0.0,0.0,0.0,0.0,0.0,0,0,1,0,1,0,1,1,1,1,0,0,1,0,0,0,0,1,0,0,0,0
804,16.64872390202049,2016,Forward,25,1.86,1,880,16.523560759066484,19,5,0,2,0,1,1,0,5.0,1.0,0.0,5.0,1.0,0,0,1,0,1,0,1,1,1,1,0,0,0,0,0,0,1,0,0,0,0,0
805,16.523560759066484,2016,Midfielder,20,1.85,0,719,15.60727002719233,31,0,1,0,7,0,0,1,6.0,0.0,0.0,15.0,1.0,0,0,1,0,1,0,1,1,1,1,0,0,1,0,0,0,1,0,0,0,0,0
806,16.41820024340866,2016,Forward,22,1.73,0,364,15.830413578506539,37,6,3,0,0,0,0,0,0.0,0.0,0.0,0.0,0.0,1,0,0,1,1,0,1,1,1,1,0,0,1,0,0,0,1,0,0,0,0,1
807,15.363073066680286,2016,Goalkeeper,26,1.93,0,1063,14.914122846632385,7,0,0,0,0,0,0,0,0.0,0.0,0.0,0.0,0.0,1,1,1,1,1,0,1,1,1,1,0,0,1,0,0,0,1,0,0,0,0,1
808,17.533948814319753,2016,Forward,24,1.74,0,729,16.811242831518264,40,14,6,0,7,2,0,0,0.0,0.0,0.0,21.0,5.0,0,1,1,1,1,0,1,1,1,1,0,0,1,0,0,1,0,1,0,0,0,0
809,16.540090061017693,2016,Forward,30,1.94,0,354,16.213405830762646,32,12,6,0,6,0,0,0,0.0,0.0,0.0,18.0,8.0,0,1,1,1,1,0,0,0,0,0,0,0,1,0,0,0,1,0,0,0,0,0
810,16.034714042019267,2016,Defender,33,1.91,1,526,15.60727002719233,19,0,0,0,2,0,0,0,0.0,0.0,0.0,16.0,0.0,0,1,1,1,1,0,1,1,1,1,0,0,1,0,0,0,1,0,0,0,0,0
811,15.424948470398375,2016,Forward,23,1.72,0,1094,15.761420707019587,15,0,1,0,0,0,0,0,0.0,0.0,0.0,1.0,0.0,0,1,1,1,1,0,0,1,0,1,0,0,1,0,0,0,1,0,0,0,0,0
812,16.997722398460883,2016,Forward,26,1.75,0,1056,16.70588231586044,35,12,2,0,5,0,0,0,0.0,0.0,0.0,30.0,8.0,0,1,1,1,1,0,1,1,1,1,0,0,0,0,0,0,0,1,0,0,0,0
813,16.300417207752275,2016,Midfielder,23,1.7,0,729,16.012735135300492,30,6,3,0,3,0,0,0,0.0,0.0,0.0,0.0,0.0,0,0,0,0,0,0,1,1,1,1,0,0,1,0,0,0,0,0,0,1,0,0
814,16.300417207752275,2016,Forward,29,1.82,1,519,15.424948470398375,24,9,2,2,3,0,0,0,0.0,0.0,0.0,8.0,2.0,0,1,1,1,1,0,1,1,1,1,0,0,0,0,0,0,1,0,0,0,0,0
815,15.775605342011543,2016,Defender,22,1.79,0,3613,15.761420707019587,30,1,1,0,7,0,1,1,7.0,0.0,0.0,0.0,0.0,0,0,0,0,1,0,1,1,1,1,0,0,0,0,0,0,0,1,0,0,0,0
816,15.671808548329901,2016,Midfielder,20,1.87,0,1039,15.319587954740548,34,1,4,0,6,0,0,1,8.0,0.0,1.0,0.0,0.0,0,0,0,0,1,0,1,1,1,1,0,0,1,0,0,0,1,0,0,0,0,0
817,17.193098073987297,2016,Midfielder,29,1.75,1,1612,17.216707939626428,22,3,6,0,2,0,0,0,0.0,0.0,0.0,24.0,6.0,0,1,1,1,1,0,0,1,0,1,0,0,1,0,0,0,1,0,0,0,0,0
818,16.275099399767985,2016,Defender,27,1.92,0,0,15.60727002719233,28,1,0,0,3,0,0,0,0.0,0.0,0.0,0.0,0.0,1,1,1,1,1,0,1,1,1,1,0,0,1,0,0,0,1,0,0,0,0,1
819,17.1296965626368,2016,Midfielder,25,1.75,0,1439,16.811242831518264,40,11,5,1,1,0,0,0,0.0,0.0,0.0,29.0,7.0,0,0,0,1,1,0,1,1,1,1,0,0,1,0,0,1,1,0,0,0,0,0
820,15.64005985001532,2016,Goalkeeper,23,1.91,0,729,15.761420707019587,36,0,0,0,1,0,0,0,0.0,0.0,0.0,0.0,0.0,0,0,1,0,1,0,1,1,1,1,0,0,1,0,0,1,1,0,0,0,0,0
821,15.424948470398375,2016,Defender,30,1.87,0,345,15.068273526459642,40,0,0,0,2,0,0,1,6.0,0.0,0.0,64.0,0.0,0,0,1,0,1,0,1,1,1,1,0,0,0,0,0,1,1,0,0,0,0,0
822,17.255928652779712,2016,Forward,25,1.9,0,1410,17.111347423968603,42,10,3,1,3,0,0,1,7.0,1.0,0.0,20.0,3.0,0,1,1,1,1,0,1,1,1,1,0,0,1,0,1,0,1,0,0,0,0,0
823,16.70588231586044,2016,Forward,20,1.76,0,1447,15.761420707019587,41,4,3,0,1,0,0,1,6.0,1.0,0.0,0.0,0.0,1,1,1,1,1,0,1,1,1,1,0,0,1,0,1,0,1,0,0,0,0,1
824,16.556350581889475,2016,Midfielder,26,1.7,0,340,15.89495209964411,37,3,3,0,3,0,0,1,11.0,0.0,0.0,20.0,0.0,0,1,1,1,1,0,1,1,1,1,0,0,1,0,1,0,1,0,0,0,0,1
825,15.84365880525656,2016,Midfielder,23,1.83,0,668,15.201804919084164,31,6,7,0,3,0,0,0,0.0,0.0,0.0,0.0,0.0,0,1,1,1,1,0,0,1,0,1,0,0,1,0,1,0,1,0,0,0,0,0
826,15.60727002719233,2016,Defender,31,1.91,0,715,15.89495209964411,27,1,0,0,7,0,0,1,2.0,0.0,0.0,58.0,4.0,0,1,1,1,1,0,0,0,0,1,0,0,1,0,1,0,1,0,0,0,0,0
827,15.27412558066379,2016,Defender,23,1.9,1,528,14.914122846632385,10,0,1,0,1,0,0,0,0.0,0.0,0.0,0.0,0.0,0,1,1,1,1,0,0,0,1,1,0,0,1,0,1,0,1,0,0,0,0,0
828,15.096444403426338,2016,Defender,22,1.78,0,1068,11.512925464970229,10,1,2,0,3,1,0,1,1.0,0.0,0.0,7.0,0.0,0,1,1,1,1,0,1,1,1,1,0,0,0,0,1,0,0,0,0,0,0,1
829,13.081541382884074,2016,Goalkeeper,22,1.94,0,364,11.512925464970229,35,0,0,0,4,0,0,0,0.0,0.0,0.0,0.0,0.0,0,1,1,1,1,0,0,0,1,1,0,0,0,0,1,0,0,0,0,1,0,1
830,16.44739939810092,2016,Forward,23,1.8,1,161,16.523560759066484,5,0,0,0,1,0,0,0,0.0,0.0,0.0,0.0,0.0,0,1,1,1,1,0,1,1,1,1,0,0,1,0,0,0,0,1,0,0,0,1
831,12.594730635321957,2016,Defender,19,1.93,0,329,12.429216196844383,10,1,1,0,2,1,0,0,0.0,0.0,0.0,0.0,0.0,0,0,0,1,1,0,1,1,1,1,0,0,0,0,0,0,1,0,0,0,0,1
832,14.648419680899378,2016,Defender,28,1.88,0,684,14.914122846632385,10,0,0,0,2,0,0,0,0.0,0.0,0.0,19.0,1.0,0,1,1,1,1,0,1,1,1,1,0,0,0,1,0,0,1,0,0,0,0,1
833,17.47907220409392,2016,Forward,22,1.85,0,1458,16.523560759066484,48,23,9,2,9,0,0,1,7.0,4.0,0.0,7.0,3.0,0,0,1,0,1,0,1,1,1,1,0,0,1,0,0,1,1,0,0,0,0,0
834,17.37085861945369,2016,Defender,29,1.89,0,668,17.14771506813948,39,2,3,0,11,0,1,0,7.0,1.0,0.0,24.0,3.0,0,0,1,0,1,0,1,1,1,1,0,0,1,0,0,1,0,0,0,1,0,0
835,16.951004773893423,2016,Defender,25,1.88,0,1764,16.012735135300492,39,3,4,0,9,0,0,1,7.0,0.0,0.0,0.0,0.0,0,0,1,0,1,0,1,1,1,1,0,0,0,0,0,1,1,0,0,0,0,1
836,16.523560759066484,2016,Forward,24,1.75,0,1094,16.951004773893423,42,15,6,0,3,1,1,0,7.0,1.0,0.0,18.0,10.0,0,1,1,1,1,0,0,1,0,1,0,0,0,0,1,0,0,1,0,0,0,0
837,16.06680235657077,2016,Defender,27,1.93,0,1059,15.319587954740548,17,2,1,0,6,0,0,0,0.0,0.0,0.0,13.0,0.0,0,1,1,1,1,0,1,1,1,1,0,0,0,0,1,0,0,1,0,0,0,0
838,15.747031969567487,2016,Forward,23,1.85,1,528,15.424948470398375,6,0,0,0,0,0,0,0,0.0,0.0,0.0,0.0,0.0,1,1,1,1,1,0,1,1,1,1,0,0,0,0,1,0,1,0,0,0,0,1
839,15.319587954740548,2016,Forward,20,1.92,0,729,13.815510557964274,13,3,0,0,1,0,0,0,0.0,0.0,0.0,0.0,0.0,0,1,1,1,1,0,0,1,0,1,0,0,1,0,1,0,1,0,0,0,0,0
840,14.914122846632385,2016,Midfielder,27,1.7,0,311,14.914122846632385,24,2,4,0,3,0,0,0,0.0,0.0,0.0,7.0,0.0,0,1,1,1,1,0,0,0,0,1,0,0,1,0,1,0,1,0,0,0,0,0
841,17.17935215308266,2016,Forward,27,1.85,0,1049,16.454567887579532,31,6,4,0,4,0,0,0,0.0,0.0,0.0,15.0,2.0,0,1,1,1,1,0,1,1,1,1,0,0,1,0,0,0,0,1,0,0,0,1
842,16.454567887579532,2016,Defender,31,1.83,0,689,15.89495209964411,36,2,1,0,8,0,0,0,0.0,0.0,0.0,45.0,1.0,0,1,1,1,1,0,1,1,1,1,0,0,1,0,0,0,1,0,0,0,0,1
843,15.990262279448435,2016,Forward,19,1.74,1,1272,14.22097566607244,26,8,1,0,3,0,0,0,0.0,0.0,0.0,0.0,0.0,0,0,0,1,1,0,1,1,1,1,0,0,1,0,0,0,0,1,0,0,0,1
844,15.955576721460545,2016,Midfielder,26,1.74,0,1062,16.012735135300492,38,1,1,0,10,0,0,0,0.0,0.0,0.0,21.0,0.0,0,0,0,1,1,0,1,1,1,1,0,0,1,0,0,0,0,1,0,0,0,0
845,14.403297222866392,2016,Forward,19,1.89,0,668,11.512925464970229,33,7,0,0,3,0,0,0,0.0,0.0,0.0,0.0,0.0,1,0,0,1,1,0,1,1,1,1,0,0,1,0,0,0,1,0,0,0,0,1
846,13.815510557964274,2016,Goalkeeper,33,1.97,0,364,13.815510557964274,21,0,0,0,0,0,0,0,0.0,0.0,0.0,30.0,0.0,0,0,0,1,1,0,1,1,1,1,0,0,1,0,0,0,1,0,0,0,0,0
847,14.73180128983843,2016,Midfielder,29,1.83,1,516,14.22097566607244,1,0,0,0,0,0,0,0,0.0,0.0,0.0,16.0,0.0,0,1,1,1,1,0,1,1,1,1,0,0,1,0,0,0,1,0,0,0,0,1
848,14.508657738524219,2016,Defender,26,1.72,1,881,14.914122846632385,7,0,0,0,3,0,0,0,0.0,0.0,0.0,12.0,0.0,0,1,1,1,1,0,1,1,1,1,0,0,0,0,0,0,0,0,1,0,0,0
849,16.70588231586044,2016,Forward,23,1.86,0,323,15.424948470398375,39,19,3,3,4,0,0,0,0.0,0.0,0.0,0.0,0.0,0,0,1,0,1,0,1,1,1,1,0,0,1,0,0,0,1,0,0,0,0,0
850,15.590462908875947,2016,Forward,31,1.95,0,694,15.60727002719233,37,7,3,0,5,0,1,1,7.0,3.0,0.0,9.0,4.0,0,0,1,0,1,0,1,1,1,1,0,0,1,0,0,0,1,0,0,0,0,0
851,15.590462908875947,2016,Defender,22,1.89,0,669,12.611537753638338,48,6,0,0,3,0,0,0,0.0,0.0,0.0,0.0,0.0,1,0,0,1,1,0,1,1,1,1,0,0,1,0,0,0,1,0,0,0,0,1
852,15.573368475516649,2016,Forward,25,1.82,1,1246,15.830413578506539,22,3,5,1,6,0,0,0,0.0,0.0,0.0,21.0,4.0,0,0,0,1,1,0,1,1,1,1,0,0,1,0,0,0,0,1,0,0,0,0
853,15.538277155705378,2016,Midfielder,26,1.88,0,360,15.955576721460545,30,2,4,0,4,1,0,0,0.0,0.0,0.0,8.0,1.0,0,0,0,1,1,0,1,1,1,1,0,0,1,0,0,0,1,0,0,0,0,0
854,15.341566861459324,2016,Defender,28,1.78,1,164,15.068273526459642,20,1,0,0,3,1,0,0,0.0,0.0,0.0,30.0,3.0,0,0,0,1,1,0,1,1,1,1,0,0,0,0,0,0,1,0,0,0,0,1
855,15.341566861459324,2016,Forward,26,1.75,1,169,15.424948470398375,20,2,1,0,1,0,1,0,5.0,1.0,0.0,15.0,3.0,0,0,0,0,1,0,1,1,1,1,0,0,1,0,0,0,1,0,0,0,0,0
856,14.73180128983843,2016,Defender,23,1.9,0,359,14.508657738524219,20,2,2,0,2,1,0,1,1.0,0.0,0.0,0.0,0.0,0,0,0,0,1,0,1,1,1,1,0,0,1,0,0,0,1,0,0,0,0,0
857,15.717618084361195,2016,Forward,26,1.83,0,1094,15.60727002719233,32,10,2,1,3,0,0,0,0.0,0.0,0.0,0.0,0.0,0,1,1,1,1,0,0,1,0,1,0,0,1,0,0,0,1,0,0,0,0,0
858,15.319587954740548,2016,Forward,28,1.9,0,729,15.424948470398375,29,6,4,1,1,0,0,0,0.0,0.0,0.0,25.0,3.0,0,1,1,1,1,0,0,1,0,1,0,0,0,1,0,0,1,0,0,0,0,0
859,16.523560759066484,2016,Forward,20,1.82,0,364,14.914122846632385,33,6,3,0,12,1,0,0,0.0,0.0,0.0,0.0,0.0,0,0,1,0,1,0,1,1,1,1,0,0,1,0,0,0,0,1,0,0,0,0
860,16.41820024340866,2016,Midfielder,25,1.82,0,1045,16.588099280204055,16,0,1,0,1,0,1,0,2.0,0.0,0.0,9.0,0.0,0,0,1,0,1,0,1,1,1,1,0,0,0,1,0,0,0,0,0,1,0,0
861,16.012735135300492,2016,Midfielder,28,1.76,0,1035,15.830413578506539,47,15,7,9,6,0,1,0,8.0,2.0,2.0,0.0,0.0,0,0,0,0,1,0,1,1,1,1,0,0,1,0,0,0,1,0,0,0,0,0
862,16.00156183470237,2016,Defender,27,1.85,0,1407,15.830413578506539,35,3,4,0,7,1,0,0,0.0,0.0,0.0,20.0,0.0,0,0,0,1,1,0,1,1,1,1,0,0,1,0,0,0,1,0,0,0,0,0
863,15.754252217540975,2016,Defender,25,1.87,0,729,15.60727002719233,40,4,0,0,5,0,0,0,0.0,0.0,0.0,1.0,0.0,0,0,0,0,1,0,1,1,1,1,0,0,1,0,0,0,1,0,0,0,0,0
864,15.60727002719233,2016,Forward,27,1.86,0,1035,15.687312734865866,47,17,3,0,5,1,0,1,10.0,2.0,0.0,4.0,1.0,0,0,0,0,1,0,1,1,1,1,0,0,1,0,0,0,1,0,0,0,0,0
865,15.201804919084164,2016,Defender,30,1.92,0,1045,14.73180128983843,23,0,1,0,5,2,0,0,0.0,0.0,0.0,2.0,0.0,0,1,1,1,1,0,1,1,1,1,0,0,1,0,0,0,1,0,0,0,0,0
866,15.096444403426338,2016,Midfielder,25,1.76,0,709,15.068273526459642,23,0,0,0,2,0,0,1,3.0,0.0,0.0,1.0,0.0,0,0,1,0,1,0,1,1,1,1,0,0,1,0,0,0,0,1,0,0,0,0
867,14.827111469642754,2016,Forward,29,1.75,1,521,14.508657738524219,9,4,1,0,2,1,0,1,1.0,2.0,0.0,0.0,0.0,0,0,1,0,1,0,1,1,1,1,0,0,1,0,0,0,0,0,0,1,0,0
868,16.056220247240233,2016,Forward,24,1.8,0,1403,15.520258650202699,37,9,3,0,2,0,0,0,0.0,0.0,0.0,12.0,5.0,0,1,1,1,1,0,0,0,1,1,0,0,1,0,0,0,1,0,0,0,0,0
869,15.60727002719233,2016,Defender,28,1.8,0,1094,15.761420707019587,39,7,15,3,7,0,1,1,8.0,1.0,2.0,24.0,0.0,0,1,1,1,1,0,0,0,0,1,0,0,1,0,0,0,0,0,1,0,0,0
870,15.464169183551656,2016,Midfielder,31,1.78,1,515,13.815510557964274,14,0,0,0,2,0,0,0,0.0,0.0,0.0,12.0,0.0,0,1,1,1,1,0,1,1,1,1,0,0,1,0,0,0,0,1,0,0,0,0
871,15.363073066680286,2016,Midfielder,28,1.66,0,1399,14.914122846632385,33,0,1,0,0,0,0,0,0.0,0.0,0.0,19.0,3.0,0,1,1,1,1,0,0,0,1,1,0,0,0,1,0,0,1,0,0,0,0,1
872,15.363073066680286,2016,Defender,28,1.89,0,1399,15.201804919084164,36,0,1,0,8,0,0,0,0.0,0.0,0.0,6.0,0.0,0,1,1,1,1,0,1,1,1,1,0,0,1,0,0,0,0,1,0,0,0,0
873,15.096444403426338,2016,Midfielder,29,1.81,0,702,15.068273526459642,38,2,0,0,4,0,0,0,0.0,0.0,0.0,3.0,0.0,0,1,1,1,1,0,0,0,1,1,0,0,1,0,0,0,1,0,0,0,0,0
874,16.25785759333348,2016,Midfielder,27,1.8,1,526,15.319587954740548,25,1,0,0,4,1,0,0,0.0,0.0,0.0,0.0,0.0,1,1,1,1,1,0,1,1,1,1,0,0,1,0,0,0,1,0,0,0,0,1
875,15.687312734865866,2016,Forward,25,1.83,0,359,15.60727002719233,45,8,5,0,5,0,0,0,0.0,0.0,0.0,3.0,0.0,0,0,0,1,1,0,1,1,1,1,0,0,1,0,0,0,1,0,0,0,0,1
876,16.045524958123483,2016,Defender,27,1.77,0,1052,15.60727002719233,19,0,0,0,5,0,0,0,0.0,0.0,0.0,16.0,0.0,0,1,1,1,1,0,0,0,1,1,0,0,1,0,0,0,1,0,0,0,0,1
877,14.508657738524219,2016,Forward,34,1.87,0,303,14.73180128983843,24,1,2,1,2,0,0,0,0.0,0.0,0.0,9.0,2.0,1,1,1,1,1,0,0,0,1,1,0,0,1,0,0,0,1,0,0,0,0,1
878,13.997832114758229,2016,Defender,26,1.75,0,304,14.22097566607244,3,0,0,0,1,0,0,0,0.0,0.0,0.0,32.0,2.0,0,1,1,1,1,0,0,0,0,1,0,0,1,0,0,0,0,0,1,0,0,0
879,16.562781472219765,2016,Forward,24,1.81,0,1825,16.012735135300492,20,4,3,0,0,0,0,1,3.0,0.0,1.0,10.0,3.0,1,0,0,1,1,0,1,1,1,1,0,0,0,0,0,0,1,0,0,0,0,1
880,16.530205301785152,2016,Midfielder,25,1.86,1,880,15.89495209964411,21,6,1,0,8,0,0,1,4.0,0.0,0.0,12.0,0.0,0,0,0,0,1,0,1,1,1,1,0,0,1,0,0,0,1,0,0,0,0,0
881,16.166885815127753,2016,Defender,26,1.76,1,1247,15.60727002719233,26,3,1,0,2,0,0,0,0.0,0.0,0.0,5.0,0.0,0,1,1,1,1,0,1,1,1,1,0,0,0,0,0,0,1,0,0,0,0,1
882,16.300417207752275,2016,Forward,26,1.74,0,364,14.914122846632385,20,7,1,3,3,1,0,0,0.0,0.0,0.0,0.0,0.0,1,1,1,1,1,0,0,0,1,1,0,0,1,0,0,0,1,0,0,0,0,1
883,15.341566861459324,2016,Midfielder,32,1.87,0,317,15.424948470398375,35,0,0,0,7,0,0,0,0.0,0.0,0.0,37.0,8.0,0,1,1,1,1,0,0,0,1,1,0,0,1,0,0,0,0,0,0,0,0,0
884,15.761420707019587,2016,Midfielder,19,1.75,0,357,15.201804919084164,47,2,3,0,10,1,0,0,0.0,0.0,0.0,0.0,0.0,1,0,0,1,1,0,1,1,1,1,0,0,1,0,0,0,1,0,0,0,0,1
885,15.687312734865866,2016,Forward,20,1.86,0,1094,12.89921982609012,29,14,3,3,0,0,0,0,0.0,0.0,0.0,0.0,0.0,0,0,0,0,1,0,1,1,1,1,0,0,1,0,0,0,1,0,0,0,0,0
886,13.753635154246187,2016,Goalkeeper,18,1.9,1,0,10.819778284410283,2,0,0,0,0,0,0,0,0.0,0.0,0.0,0.0,0.0,1,0,0,1,1,0,1,1,1,1,0,0,1,0,0,0,1,0,0,0,0,1
887,16.300417207752275,2016,Midfielder,26,1.73,0,729,15.60727002719233,42,4,6,0,5,0,0,0,0.0,0.0,0.0,10.0,3.0,0,1,1,1,1,0,0,0,1,1,0,0,0,0,0,0,1,0,0,0,0,1
888,15.176487111099874,2016,Defender,28,1.88,0,364,14.22097566607244,14,1,0,0,1,0,0,0,0.0,0.0,0.0,0.0,0.0,1,1,1,1,1,0,0,0,1,1,0,0,1,0,0,0,1,0,0,0,0,1
889,15.068273526459642,2016,Forward,27,1.8,0,725,15.068273526459642,28,7,1,3,4,0,0,0,0.0,0.0,0.0,0.0,0.0,1,1,1,1,1,0,0,0,1,1,0,0,1,0,0,0,1,0,0,0,0,1
890,13.122363377404328,2016,Midfielder,26,1.68,0,303,14.22097566607244,20,0,2,0,3,0,0,0,0.0,0.0,0.0,4.0,0.0,0,1,1,1,1,0,0,0,1,1,0,0,1,0,0,0,1,0,0,0,0,1
891,12.577636201962656,2016,Midfielder,28,1.83,0,321,13.122363377404328,11,1,0,0,1,0,0,0,0.0,0.0,0.0,4.0,0.0,0,1,1,1,1,0,0,0,1,1,0,0,1,0,0,0,1,0,0,0,0,1
892,16.811242831518264,2016,Midfielder,22,1.79,0,1033,15.424948470398375,38,2,1,0,14,0,0,0,0.0,0.0,0.0,18.0,0.0,0,0,1,0,1,0,1,1,1,1,0,0,1,0,0,0,0,1,0,0,0,0
893,14.22097566607244,2016,Goalkeeper,25,1.95,0,296,14.508657738524219,26,0,0,0,2,0,0,0,0.0,0.0,0.0,0.0,0.0,0,0,0,0,1,0,1,1,1,1,0,0,0,0,0,0,1,0,0,0,0,0
894,14.22097566607244,2016,Midfielder,31,1.67,0,349,15.201804919084164,28,7,0,0,7,0,0,0,0.0,0.0,0.0,24.0,2.0,0,1,1,1,1,0,0,1,0,1,0,0,1,0,0,0,1,0,0,0,0,0
895,13.710150042306449,2016,Defender,27,1.91,0,361,14.73180128983843,28,1,0,0,10,1,0,0,0.0,0.0,0.0,2.0,0.0,0,1,1,1,1,0,0,0,0,0,1,0,1,0,0,0,0,0,0,1,0,0
896,16.530205301785152,2016,Midfielder,25,1.76,1,515,15.89495209964411,26,4,6,1,3,1,0,0,0.0,0.0,0.0,24.0,6.0,0,0,0,1,1,0,1,1,1,1,0,0,0,0,0,0,1,0,0,0,0,1
897,16.283610089435893,2016,Midfielder,24,1.85,0,668,14.22097566607244,34,2,3,0,4,0,0,0,0.0,0.0,0.0,22.0,0.0,0,0,0,1,1,0,1,1,1,1,0,0,1,0,0,0,1,0,0,0,0,1
898,15.967272761223736,2016,Midfielder,28,1.75,0,1048,15.60727002719233,41,2,9,1,15,0,0,1,9.0,0.0,3.0,32.0,2.0,0,0,0,0,1,0,1,1,1,1,0,0,1,0,0,0,1,0,0,0,0,0
899,15.573368475516649,2016,Midfielder,26,1.74,1,1246,15.201804919084164,23,0,0,0,3,0,0,0,0.0,0.0,0.0,0.0,0.0,1,0,0,1,1,0,1,1,1,1,0,0,1,0,0,0,1,0,0,0,0,1
900,14.914122846632385,2016,Forward,25,1.86,0,1076,14.508657738524219,42,6,12,0,5,0,0,0,0.0,0.0,0.0,40.0,3.0,0,0,0,1,1,0,1,1,1,1,0,0,0,0,0,0,1,0,0,0,0,0
901,14.077874822431765,2016,Goalkeeper,24,1.98,0,711,12.206072645530174,28,0,0,0,0,0,0,0,0.0,0.0,0.0,0.0,0.0,1,0,0,1,1,0,1,1,1,1,0,0,1,0,0,0,1,0,0,0,0,1
902,13.997832114758229,2016,Forward,27,1.85,1,178,13.815510557964274,3,0,0,0,0,0,0,0,0.0,0.0,0.0,0.0,0.0,1,1,1,1,1,0,0,0,1,1,0,0,0,0,0,0,1,0,0,0,0,1
903,16.166885815127753,2016,Midfielder,25,1.85,0,1091,15.424948470398375,37,2,2,0,11,1,0,0,0.0,0.0,0.0,0.0,0.0,0,0,1,0,1,0,1,1,1,1,0,0,1,0,0,0,1,0,0,0,0,0
904,15.925723758310864,2016,Forward,20,1.78,0,1399,15.89495209964411,11,1,1,0,1,0,0,0,0.0,0.0,0.0,0.0,0.0,0,0,0,1,1,0,1,1,1,1,0,0,1,0,0,0,1,0,0,0,0,0
905,15.775605342011543,2016,Forward,28,1.93,1,1273,15.761420707019587,19,4,0,1,3,0,0,0,0.0,0.0,0.0,6.0,3.0,0,0,0,1,1,0,1,1,1,1,0,0,1,0,0,0,0,1,0,0,0,0
906,15.424948470398375,2016,Forward,22,1.81,0,364,15.424948470398375,40,11,4,0,0,0,0,1,6.0,2.0,1.0,6.0,2.0,0,0,0,0,1,0,1,1,1,1,0,0,1,0,0,0,1,0,0,0,0,0
907,14.808762330974558,2016,Defender,29,1.86,0,350,15.201804919084164,33,0,0,0,8,1,1,1,4.0,0.0,0.0,0.0,0.0,0,0,1,0,1,0,1,1,1,1,0,0,1,0,0,0,1,0,0,0,0,0
908,14.648419680899378,2016,Defender,26,1.72,0,322,14.914122846632385,26,1,2,0,9,1,0,0,0.0,0.0,0.0,0.0,0.0,0,0,0,1,1,0,1,1,1,1,0,0,1,0,0,0,0,0,0,1,0,1
909,15.590462908875947,2016,Midfielder,23,1.85,0,1033,13.815510557964274,42,5,3,0,2,0,0,0,0.0,0.0,0.0,0.0,0.0,1,1,1,1,1,0,0,0,1,1,0,0,0,0,0,0,1,0,0,0,0,1
910,15.068273526459642,2016,Forward,28,1.85,0,303,14.508657738524219,47,8,7,0,1,0,0,0,0.0,0.0,0.0,10.0,1.0,0,1,1,1,1,0,0,0,1,1,0,0,1,0,0,0,0,1,0,0,0,1
911,14.880221294956703,2016,Forward,31,1.8,1,537,15.068273526459642,5,1,0,0,0,0,0,0,0.0,0.0,0.0,1.0,1.0,1,1,1,1,1,0,0,0,1,1,0,0,1,0,0,0,1,0,0,0,0,1
912,13.997832114758229,2016,Forward,27,1.81,1,163,14.508657738524219,5,0,0,0,0,0,0,0,0.0,0.0,0.0,9.0,4.0,0,1,1,1,1,0,0,0,1,1,0,0,1,0,0,0,0,1,0,0,0,0
913,18.0051652999907,2017,Forward,24,1.89,0,1440,17.50439001207821,41,20,7,0,8,0,1,0,10.0,3.0,1.0,18.0,8.0,0,0,1,0,1,0,1,1,1,1,0,0,1,0,0,1,1,0,0,0,0,0
914,17.50439001207821,2017,Midfielder,22,1.89,0,715,16.588099280204055,46,3,1,0,5,1,1,0,10.0,1.0,0.0,0.0,0.0,0,0,1,0,1,0,1,1,1,1,0,0,1,0,0,1,1,0,0,0,0,0
915,17.450461670052654,2017,Midfielder,27,1.78,0,1399,16.012735135300492,43,1,4,0,8,0,1,0,10.0,0.0,1.0,3.0,0.0,1,1,1,1,1,0,1,1,1,1,0,0,1,0,0,1,1,0,0,0,0,1
916,17.37085861945369,2017,Defender,24,1.9,0,1087,17.034386382832476,35,0,2,0,9,3,0,1,5.0,0.0,1.0,19.0,0.0,0,0,1,0,1,0,1,1,1,1,0,0,1,0,0,1,1,0,0,0,0,0
917,17.034386382832476,2017,Midfielder,25,1.82,0,668,15.955576721460545,29,1,5,0,1,0,0,0,0.0,0.0,0.0,2.0,0.0,0,0,1,0,1,0,1,1,1,1,0,0,1,0,0,1,1,0,0,0,0,0
918,16.811242831518264,2017,Defender,23,1.76,1,1247,16.454567887579532,2,0,0,0,0,0,0,0,0.0,0.0,0.0,0.0,0.0,0,0,1,0,1,0,1,1,1,1,0,0,0,0,0,1,1,0,0,0,0,0
919,16.64872390202049,2017,Forward,31,1.92,1,515,16.811242831518264,26,7,3,2,0,0,0,1,6.0,3.0,2.0,47.0,22.0,0,1,1,1,1,0,1,1,1,1,0,0,0,0,1,1,1,0,0,0,0,0
920,16.636889444373487,2017,Midfielder,24,1.89,1,176,17.034386382832476,1,0,1,0,0,0,0,0,0.0,0.0,0.0,20.0,2.0,1,1,1,1,1,0,1,1,1,1,0,0,1,0,0,1,1,0,0,0,0,1
921,17.615484059583796,2017,Midfielder,28,1.94,0,699,17.37085861945369,40,2,8,0,5,0,0,0,0.0,0.0,0.0,22.0,1.0,0,1,1,1,1,0,1,1,1,1,0,0,0,0,1,1,1,0,0,0,0,0
922,16.94227109392467,2017,Defender,22,1.8,0,1095,15.89495209964411,17,3,0,0,1,0,0,0,0.0,0.0,0.0,3.0,0.0,0,1,1,1,1,0,1,1,1,1,0,0,0,0,1,0,1,0,0,0,0,1
923,16.811242831518264,2017,Midfielder,29,1.76,0,729,17.034386382832476,45,2,9,0,11,2,1,0,12.0,0.0,1.0,29.0,2.0,0,1,1,1,1,0,0,1,0,1,0,0,1,0,1,0,0,0,0,1,0,0
924,16.25785759333348,2017,Goalkeeper,30,1.99,0,729,15.89495209964411,8,0,0,0,0,0,0,0,0.0,0.0,0.0,38.0,0.0,0,1,1,1,1,0,1,1,1,1,0,0,1,0,1,0,1,0,0,0,0,1
925,16.11809565095832,2017,Forward,21,1.81,0,729,15.89495209964411,37,13,5,0,6,0,0,1,13.0,4.0,4.0,26.0,2.0,0,1,1,1,1,0,0,1,0,1,0,0,0,0,1,0,0,1,0,0,0,0
926,15.830413578506539,2017,Forward,25,1.65,0,364,15.424948470398375,35,5,1,0,2,0,0,0,0.0,0.0,0.0,37.0,7.0,0,1,1,1,1,0,1,1,1,1,0,0,0,0,1,0,0,1,0,0,0,0
927,15.65606019136176,2017,Midfielder,22,1.85,0,352,15.424948470398375,15,0,0,0,3,0,0,0,0.0,0.0,0.0,0.0,0.0,1,1,1,1,1,0,1,1,1,1,0,0,1,0,1,0,1,0,0,0,0,1
928,17.553180176247643,2017,Defender,21,1.87,0,1407,17.034386382832476,45,6,2,0,6,0,0,1,12.0,0.0,0.0,3.0,0.0,0,0,0,0,1,0,1,1,1,1,0,0,1,0,0,1,0,0,0,1,0,0
929,17.161899703131436,2017,Forward,25,1.72,1,515,17.14771506813948,6,1,1,0,1,0,0,0,0.0,0.0,0.0,5.0,0.0,0,0,1,0,1,0,1,1,1,1,0,0,1,0,0,1,0,0,0,1,0,0
930,17.034386382832476,2017,Defender,24,1.76,0,668,16.523560759066484,31,0,4,0,6,1,1,0,5.0,0.0,1.0,26.0,0.0,0,0,1,0,1,0,1,1,1,1,0,0,1,0,0,1,0,1,0,0,0,0
931,16.530205301785152,2017,Forward,32,1.95,0,303,15.60727002719233,35,15,1,0,2,0,0,0,0.0,0.0,0.0,9.0,4.0,0,1,1,1,1,0,1,1,1,1,0,0,1,0,0,1,1,0,0,0,0,0
932,16.166885815127753,2017,Defender,19,1.87,0,0,15.424948470398375,7,0,0,0,0,0,0,0,0.0,0.0,0.0,0.0,0.0,0,0,0,0,0,1,1,1,1,1,0,0,1,0,0,1,0,0,0,1,0,0
933,17.78012601351159,2017,Defender,27,1.83,0,1447,17.216707939626428,39,0,5,0,10,0,1,1,5.0,0.0,0.0,18.0,0.0,1,1,1,1,1,0,1,1,1,1,0,0,1,0,1,1,1,0,0,0,0,1
934,16.780783624033557,2017,Defender,24,1.87,0,1401,15.761420707019587,10,0,0,0,4,0,1,0,1.0,0.0,0.0,4.0,0.0,0,1,1,1,1,0,1,1,1,1,0,0,0,0,1,0,1,0,0,0,0,0
935,16.759949537130716,2017,Midfielder,22,1.87,0,1095,16.70588231586044,44,7,5,2,13,0,0,1,9.0,2.0,0.0,16.0,2.0,0,1,1,1,1,0,0,1,0,1,0,0,0,0,1,0,0,1,0,0,0,1
936,15.761420707019587,2017,Forward,23,1.75,0,1095,15.761420707019587,22,4,1,0,1,0,0,0,0.0,0.0,0.0,8.0,1.0,0,1,1,1,1,0,0,1,0,1,0,0,1,0,1,0,0,1,0,0,0,0
937,14.978661367769956,2017,Defender,30,1.95,0,364,16.012735135300492,47,4,2,0,4,0,0,1,8.0,2.0,1.0,2.0,1.0,0,1,1,1,1,0,0,1,0,1,0,0,1,0,1,0,0,0,0,1,0,0
938,17.98989782785991,2017,Defender,23,1.91,1,882,17.034386382832476,26,0,1,0,6,0,0,1,6.0,0.0,0.0,0.0,0.0,0,0,1,0,1,0,1,1,1,1,0,0,0,0,0,1,1,0,0,0,0,0
939,17.86729550576758,2017,Defender,23,1.85,0,1437,16.38045991542581,35,0,8,0,8,2,1,0,7.0,0.0,3.0,2.0,0.0,0,0,1,0,1,0,1,1,1,1,0,0,0,0,0,1,1,0,0,0,0,0
940,17.72753356339242,2017,Midfielder,22,1.73,0,1095,17.50439001207821,52,10,9,0,4,0,1,0,11.0,2.0,1.0,14.0,2.0,0,0,1,0,1,0,1,1,1,1,0,0,0,0,0,1,1,0,0,0,0,0
941,17.50439001207821,2017,Goalkeeper,23,1.88,0,2190,16.90655301132259,34,0,0,0,4,1,1,0,7.0,0.0,0.0,0.0,0.0,0,0,0,0,1,0,1,1,1,1,0,0,0,0,0,1,0,0,0,1,0,0
942,17.216707939626428,2017,Defender,26,1.84,0,1438,16.588099280204055,25,1,2,0,4,0,1,0,3.0,0.0,0.0,9.0,0.0,0,0,1,0,1,0,1,1,1,1,0,0,1,0,0,1,0,0,0,1,0,0
943,15.201804919084164,2017,Forward,21,1.75,1,0,14.375126345899696,36,10,3,0,3,1,0,0,0.0,0.0,0.0,0.0,0.0,1,0,0,0,0,0,1,1,1,1,0,0,0,0,0,1,1,0,0,0,0,1
944,15.150511624696614,2017,Forward,24,1.76,0,682,15.201804919084164,39,19,3,0,7,0,0,1,6.0,2.0,1.0,3.0,0.0,0,0,0,0,1,0,1,1,1,1,0,0,1,0,0,1,0,1,0,0,0,0
945,17.136942971157566,2017,Forward,20,1.85,0,1427,16.523560759066484,28,7,3,0,1,0,1,0,3.0,2.0,0.0,7.0,6.0,0,1,1,1,1,0,1,1,1,1,0,0,0,0,1,0,0,1,0,0,0,1
946,16.454567887579532,2017,Forward,20,1.87,0,729,16.11809565095832,32,18,3,0,2,0,0,0,0.0,0.0,0.0,5.0,0.0,0,1,1,1,1,0,0,1,0,1,0,0,1,0,1,0,0,0,0,0,1,0
947,16.38045991542581,2017,Forward,28,1.83,0,668,16.70588231586044,11,2,0,0,1,0,0,0,0.0,0.0,0.0,30.0,10.0,0,1,1,1,1,0,1,1,1,1,0,0,1,0,1,0,0,1,0,0,0,0
948,16.02378497148708,2017,Midfielder,26,1.74,0,0,15.424948470398375,48,4,9,1,6,0,0,0,0.0,0.0,0.0,9.0,0.0,0,1,1,1,1,0,1,1,1,1,0,0,1,0,1,0,0,0,0,0,0,0
949,15.761420707019587,2017,Forward,30,1.75,0,1080,16.300417207752275,28,5,4,0,3,1,1,0,4.0,1.0,1.0,14.0,5.0,0,1,1,1,1,0,0,1,0,1,0,0,1,0,1,0,1,0,0,0,0,0
950,15.60727002719233,2017,Midfielder,30,1.83,0,695,16.11809565095832,25,0,0,0,4,0,1,0,4.0,0.0,0.0,0.0,0.0,0,1,1,1,1,0,0,0,0,1,0,0,1,0,1,0,0,0,0,1,0,0
951,15.424948470398375,2017,Defender,31,1.87,0,343,16.11809565095832,38,1,4,0,8,0,1,0,6.0,0.0,2.0,38.0,8.0,0,1,1,1,1,0,0,1,0,1,0,0,0,0,1,0,1,0,0,0,0,0
952,15.068273526459642,2017,Midfielder,30,1.77,0,678,16.588099280204055,31,3,4,0,8,2,1,0,5.0,1.0,0.0,24.0,4.0,0,1,1,1,1,0,0,0,0,1,0,0,1,0,1,0,1,0,0,0,0,0
953,14.508657738524219,2017,Forward,25,1.85,0,0,13.122363377404328,16,3,1,1,2,0,0,0,0.0,0.0,0.0,0.0,0.0,0,1,1,1,1,0,0,1,0,1,0,0,1,0,1,0,1,0,0,0,0,0
954,14.038654109278484,2017,Midfielder,24,1.82,0,719,13.997832114758229,27,1,1,0,9,0,0,0,0.0,0.0,0.0,0.0,0.0,0,1,1,1,1,0,0,1,0,1,0,0,1,0,1,0,0,0,0,1,0,0
955,18.25403566654342,2017,Defender,26,1.95,1,1641,17.216707939626428,14,1,0,0,0,0,1,0,6.0,0.0,0.0,10.0,0.0,0,1,1,1,1,0,1,1,1,1,0,0,1,0,0,1,1,0,0,0,0,0
956,17.553180176247643,2017,Forward,25,1.75,0,729,17.37085861945369,39,19,12,0,2,0,0,1,6.0,2.0,1.0,29.0,16.0,0,0,1,0,1,0,1,1,1,1,0,0,0,0,0,1,0,1,0,0,0,0
957,17.45309671769066,2017,Midfielder,24,1.8,0,303,16.90655301132259,45,6,10,0,2,0,1,0,7.0,1.0,1.0,20.0,4.0,1,1,1,1,1,0,1,1,1,1,0,0,1,0,1,1,1,0,0,0,0,1
958,16.012735135300492,2017,Defender,23,1.78,0,344,15.761420707019587,39,1,3,0,6,0,0,0,0.0,0.0,0.0,11.0,1.0,0,0,0,1,1,0,1,1,1,1,0,0,0,0,0,1,1,0,0,0,0,0
959,18.720785336402702,2017,Midfielder,25,1.72,1,1634,18.31532022829454,20,12,8,1,0,0,1,0,5.0,5.0,2.0,17.0,4.0,0,1,1,1,1,0,0,1,0,1,0,0,1,0,1,0,0,0,0,1,0,0
960,17.15483253590834,2017,Defender,27,1.87,0,1034,16.523560759066484,14,1,0,0,0,0,0,0,0.0,0.0,0.0,18.0,2.0,0,1,1,1,1,0,1,1,1,1,0,0,0,0,1,0,1,0,0,0,0,0
961,15.555976732804778,2017,Midfielder,30,1.79,0,347,15.761420707019587,32,1,2,0,4,0,0,0,0.0,0.0,0.0,0.0,0.0,0,1,1,1,1,0,0,1,0,1,0,0,1,0,1,0,0,0,0,1,0,0
962,14.648419680899378,2017,Defender,24,1.86,0,729,14.827111469642754,22,0,0,0,2,0,0,1,5.0,0.0,0.0,0.0,0.0,1,1,1,1,1,0,0,0,1,1,0,0,1,0,1,0,1,0,0,0,0,1
963,17.97047974200281,2017,Forward,28,1.87,1,1246,17.98989782785991,24,21,3,4,1,1,1,0,6.0,4.0,0.0,30.0,17.0,0,0,1,0,1,0,1,1,1,1,0,0,1,0,0,1,0,1,0,0,0,0
964,17.785802471516394,2017,Forward,26,1.75,0,725,17.50439001207821,44,36,4,11,6,0,1,1,12.0,7.0,1.0,11.0,3.0,0,0,1,0,1,0,1,1,1,1,0,0,1,0,0,1,1,0,0,0,0,0
965,17.341871082580436,2017,Midfielder,29,1.77,1,890,17.37085861945369,22,2,5,0,2,0,1,0,5.0,1.0,0.0,44.0,20.0,0,1,1,1,1,0,1,1,1,1,0,0,0,1,1,1,0,0,0,0,1,0
966,14.557447902693651,2017,Defender,20,1.94,1,542,13.017002861746503,17,3,1,0,6,1,0,0,0.0,0.0,0.0,0.0,0.0,0,0,0,0,1,0,1,1,1,1,0,0,1,0,0,1,1,0,0,0,0,0
967,17.341871082580436,2017,Forward,29,1.69,1,159,18.064005800013632,22,8,4,1,4,0,0,1,1.0,1.0,0.0,43.0,11.0,0,1,1,1,1,0,1,1,1,1,0,0,1,0,1,1,0,0,0,1,0,0
968,16.929025867174648,2017,Forward,28,1.75,1,529,16.811242831518264,16,4,2,0,0,0,0,1,5.0,3.0,2.0,27.0,7.0,1,1,1,1,1,0,1,1,1,1,0,0,0,1,1,0,1,0,0,0,0,1
969,16.727861222579214,2017,Goalkeeper,27,1.95,0,346,16.64872390202049,38,0,0,0,0,0,0,0,0.0,0.0,0.0,14.0,0.0,0,1,1,1,1,0,0,1,0,1,0,0,1,0,1,0,1,0,0,0,0,1
970,16.454567887579532,2017,Midfielder,26,1.77,1,0,16.300417207752275,15,0,1,0,2,0,0,1,4.0,0.0,0.0,0.0,0.0,0,1,1,1,1,0,0,1,0,1,0,0,1,0,1,0,1,0,0,0,0,1
971,16.213405830762646,2017,Defender,26,1.85,0,681,16.38045991542581,27,0,0,0,7,0,1,0,2.0,0.0,0.0,0.0,0.0,0,1,1,1,1,0,0,1,0,1,0,0,1,0,1,0,0,0,0,1,0,0
972,15.830413578506539,2017,Defender,27,1.81,0,0,16.11809565095832,22,0,4,0,4,0,1,0,6.0,0.0,1.0,7.0,0.0,1,1,1,1,1,0,1,1,1,1,0,0,0,0,1,0,1,0,0,0,0,1
973,18.254626159622283,2017,Forward,24,1.91,0,720,17.72753356339242,39,26,7,1,3,0,0,0,0.0,0.0,0.0,41.0,17.0,0,1,1,1,1,0,1,1,1,1,0,0,0,0,0,1,1,0,0,0,0,0
974,17.37085861945369,2017,Defender,22,1.87,0,1460,16.90655301132259,40,1,0,0,1,0,1,0,8.0,0.0,0.0,7.0,0.0,0,0,0,0,1,0,1,1,1,1,0,0,1,0,0,1,1,0,0,0,0,0
975,15.955576721460545,2017,Forward,22,1.86,0,353,15.761420707019587,29,2,2,0,5,1,0,0,0.0,0.0,0.0,6.0,0.0,0,1,1,1,1,0,0,1,0,1,0,0,0,0,1,0,1,0,0,0,0,1
976,17.715460982158152,2017,Midfielder,27,1.86,0,1049,17.034386382832476,40,10,13,3,2,0,0,0,0.0,0.0,0.0,39.0,14.0,0,1,1,1,1,0,1,1,1,1,0,0,1,0,0,0,1,0,0,0,0,1
977,17.16541464523888,2017,Goalkeeper,23,1.85,0,1095,16.523560759066484,33,0,0,0,0,0,0,0,0.0,0.0,0.0,1.0,0.0,1,0,0,1,1,0,1,1,1,1,0,0,0,0,0,0,1,0,0,0,0,1
978,17.16541464523888,2017,Defender,24,1.88,0,362,16.70588231586044,39,2,1,0,4,0,0,0,0.0,0.0,0.0,1.0,0.0,1,1,1,1,1,0,1,1,1,1,0,0,1,0,0,0,1,0,0,0,0,1
979,17.111347423968603,2017,Midfielder,24,1.79,0,729,16.70588231586044,46,16,10,2,11,0,0,1,13.0,2.0,1.0,9.0,3.0,0,0,0,0,1,0,1,1,1,1,0,0,1,0,0,0,1,0,0,0,0,0
980,16.929025867174648,2017,Forward,26,1.83,1,541,16.166885815127753,22,12,2,4,2,0,1,0,6.0,4.0,1.0,16.0,3.0,0,0,0,0,1,0,1,1,1,1,0,0,1,0,0,0,0,0,0,0,1,0
981,16.195056692094447,2017,Midfielder,19,1.79,0,303,15.201804919084164,30,4,7,1,2,0,0,0,0.0,0.0,0.0,1.0,0.0,0,0,0,0,1,0,1,1,1,1,0,0,1,0,0,0,1,0,0,0,0,0
982,15.89495209964411,2017,Forward,20,1.75,0,1095,15.761420707019587,38,23,5,2,4,0,0,0,0.0,0.0,0.0,1.0,0.0,0,0,0,0,1,0,1,1,1,1,0,0,1,0,0,0,0,1,0,0,0,0
983,15.60727002719233,2017,Forward,21,1.74,0,727,16.11809565095832,31,16,4,0,4,0,0,0,0.0,0.0,0.0,0.0,0.0,0,0,1,0,1,0,1,1,1,1,0,0,1,0,0,0,1,0,0,0,0,0
984,16.300417207752275,2017,Forward,23,1.77,0,364,16.300417207752275,31,4,4,0,5,0,0,0,0.0,0.0,0.0,3.0,1.0,0,1,1,1,1,0,0,1,0,1,0,0,1,0,0,0,1,0,0,0,0,0
985,16.045524958123483,2017,Midfielder,27,1.75,0,1095,15.89495209964411,29,0,3,0,4,0,0,0,0.0,0.0,0.0,7.0,0.0,1,1,1,1,1,0,1,1,1,1,0,0,1,0,0,0,1,0,0,0,0,1
986,14.346138809026444,2017,Forward,30,1.65,1,158,15.424948470398375,18,0,0,0,0,0,0,1,1.0,0.0,0.0,14.0,0.0,1,1,1,1,1,0,1,1,1,1,0,0,1,0,0,0,1,0,0,0,0,1
987,13.9108207377686,2017,Midfielder,36,1.84,0,319,14.22097566607244,34,2,1,0,10,0,0,0,0.0,0.0,0.0,22.0,1.0,1,1,1,1,1,0,1,1,1,1,0,0,0,0,0,0,1,0,0,0,0,1
988,12.542544882151386,2017,Forward,31,1.8,0,352,15.068273526459642,35,8,9,1,7,0,0,0,0.0,0.0,0.0,64.0,4.0,0,1,1,1,1,0,0,0,1,1,0,0,0,1,0,0,1,0,0,0,0,0
989,16.90655301132259,2017,Forward,26,1.87,1,887,15.60727002719233,24,8,0,0,0,0,1,0,5.0,0.0,0.0,0.0,0.0,0,0,1,0,1,0,1,1,1,1,0,0,1,0,0,0,0,0,0,1,0,0
990,16.663322701441643,2017,Midfielder,23,1.84,0,1057,15.830413578506539,29,1,1,0,3,2,1,0,7.0,0.0,0.0,6.0,3.0,0,0,1,0,1,0,1,1,1,1,0,0,1,0,0,0,0,1,0,0,0,0
991,16.588099280204055,2017,Defender,23,1.93,0,677,15.830413578506539,26,3,0,0,6,0,0,0,0.0,0.0,0.0,2.0,0.0,0,0,1,0,1,0,1,1,1,1,0,0,0,0,0,0,1,0,0,0,0,0
992,15.60727002719233,2017,Defender,21,1.89,0,1095,13.122363377404328,27,1,1,0,9,0,0,0,0.0,0.0,0.0,0.0,0.0,0,0,0,0,1,0,1,1,1,1,0,0,1,0,0,0,1,0,0,0,0,0
993,16.432906390798355,2017,Forward,27,1.85,0,728,16.11809565095832,35,6,3,0,1,0,0,1,4.0,1.0,0.0,0.0,0.0,1,1,1,1,1,0,1,1,1,1,0,0,1,0,0,0,1,0,0,0,0,1
994,16.536805985816503,2017,Forward,20,1.88,0,1405,15.761420707019587,32,5,4,0,2,0,0,0,0.0,0.0,0.0,3.0,0.0,0,0,1,0,1,0,1,1,1,1,0,0,1,0,0,0,1,0,0,0,0,1
995,15.789591583986283,2017,Forward,20,1.85,0,362,13.458835614025542,16,1,0,0,3,0,0,0,0.0,0.0,0.0,3.0,2.0,0,0,0,0,1,0,1,1,1,1,0,0,1,0,0,0,0,0,0,0,1,0
996,14.375126345899696,2017,Midfielder,30,1.76,0,364,15.068273526459642,29,2,1,1,4,2,0,0,0.0,0.0,0.0,0.0,0.0,1,1,1,1,1,0,0,0,1,1,0,0,1,0,0,0,1,0,0,0,0,1
997,16.920097236430347,2017,Forward,28,1.9,0,1074,16.523560759066484,35,7,6,0,9,1,0,0,0.0,0.0,0.0,44.0,9.0,0,1,1,1,1,0,1,1,1,1,0,0,0,1,0,0,1,0,0,0,0,0
998,16.694709015262312,2017,Forward,29,1.75,0,341,16.70588231586044,36,13,3,0,4,0,1,0,8.0,1.0,0.0,48.0,19.0,0,0,1,0,1,0,1,1,1,1,0,0,1,0,0,0,0,0,1,0,0,0
999,16.1378982782545,2017,Forward,25,1.83,1,0,14.914122846632385,29,10,2,0,8,0,0,0,0.0,0.0,0.0,0.0,0.0,1,0,0,1,1,0,1,1,1,1,0,0,1,0,0,0,1,0,0,0,0,1
1000,14.914122846632385,2017,Forward,18,1.74,0,876,12.89921982609012,18,4,0,0,2,0,0,0,0.0,0.0,0.0,0.0,0.0,0,0,0,0,1,0,1,1,1,1,0,0,1,0,0,0,1,0,0,0,0,0
1001,16.94227109392467,2017,Forward,28,1.75,1,515,16.70588231586044,24,6,3,0,2,0,0,0,0.0,0.0,0.0,38.0,11.0,0,1,1,1,1,0,1,1,1,1,0,0,0,0,0,0,0,1,0,0,0,0
1002,15.89495209964411,2017,Midfielder,27,1.88,0,1460,15.424948470398375,18,0,1,0,2,0,0,0,0.0,0.0,0.0,25.0,1.0,0,1,1,1,1,0,0,1,0,1,0,0,1,0,0,0,1,0,0,0,0,0
1003,15.80338490611862,2017,Forward,21,1.85,0,1068,13.815510557964274,18,1,0,0,2,0,0,0,0.0,0.0,0.0,0.0,0.0,1,1,1,1,1,0,0,0,1,1,0,0,1,0,0,0,1,0,0,0,0,1
1004,15.538277155705378,2017,Goalkeeper,30,1.87,0,1074,14.73180128983843,24,0,0,0,1,0,0,0,0.0,0.0,0.0,14.0,0.0,0,1,1,1,1,0,0,0,1,1,0,0,1,0,0,0,1,0,0,0,0,1
1005,15.520258650202699,2017,Forward,27,1.78,0,717,16.11809565095832,26,3,1,0,1,0,0,0,0.0,0.0,0.0,21.0,11.0,0,1,1,1,1,0,0,0,0,0,0,0,1,0,0,0,0,0,0,1,0,0
1006,15.424948470398375,2017,Forward,28,1.83,1,152,15.89495209964411,17,4,1,0,2,0,0,0,0.0,0.0,0.0,4.0,0.0,0,1,1,1,1,0,0,1,0,1,0,0,1,0,0,0,0,1,0,0,0,0
1007,15.2624295409006,2017,Midfielder,27,1.77,0,685,16.300417207752275,25,3,2,0,1,1,0,0,0.0,0.0,0.0,24.0,9.0,0,1,1,1,1,0,0,0,0,1,0,0,1,0,0,0,0,1,0,0,0,0
1008,16.835935444108635,2017,Midfielder,28,1.75,0,1034,17.034386382832476,32,5,3,3,8,0,1,0,5.0,1.0,1.0,19.0,1.0,0,0,0,0,1,0,1,1,1,1,0,0,1,0,0,0,1,0,0,0,0,0
1009,16.523560759066484,2017,Midfielder,29,1.9,0,1090,16.012735135300492,44,8,2,1,13,0,1,0,8.0,0.0,0.0,0.0,0.0,0,0,1,0,1,0,1,1,1,1,0,0,1,0,0,0,1,0,0,0,0,0
1010,16.432906390798355,2017,Defender,24,1.94,0,364,15.89495209964411,36,3,1,0,7,0,0,0,0.0,0.0,0.0,2.0,0.0,1,0,0,1,1,0,1,1,1,1,0,0,1,0,0,0,1,0,0,0,0,1
1011,14.648419680899378,2017,Goalkeeper,32,1.91,0,346,13.815510557964274,27,0,0,0,0,0,0,0,0.0,0.0,0.0,0.0,0.0,0,0,0,1,1,0,1,1,1,1,0,0,1,0,0,0,1,0,0,0,0,0
1012,15.520258650202699,2017,Midfielder,23,1.75,0,319,14.73180128983843,39,11,10,0,12,0,0,0,0.0,0.0,0.0,6.0,1.0,0,1,1,1,1,0,0,0,1,1,0,0,1,0,0,0,1,0,0,0,0,1
1013,15.201804919084164,2017,Goalkeeper,28,1.88,0,1085,15.761420707019587,13,0,0,0,2,0,1,0,1.0,0.0,0.0,5.0,0.0,0,1,1,1,1,0,0,1,0,1,0,0,1,0,0,0,1,0,0,0,0,1
1014,16.588099280204055,2017,Midfielder,27,1.8,1,1246,15.761420707019587,13,2,1,0,5,0,0,0,0.0,0.0,0.0,9.0,1.0,0,0,0,0,1,0,1,1,1,1,0,0,1,0,0,0,0,1,0,0,0,0
1015,15.856730886823913,2017,Defender,25,1.85,0,324,16.213405830762646,37,1,0,0,6,0,0,0,0.0,0.0,0.0,27.0,2.0,0,0,0,0,1,0,1,1,1,1,0,0,0,0,0,0,1,0,0,0,0,0
1016,15.64005985001532,2017,Defender,25,1.81,1,1268,14.914122846632385,16,0,0,0,4,0,0,0,0.0,0.0,0.0,1.0,0.0,0,0,0,0,1,0,1,1,1,1,0,0,1,0,0,0,1,0,0,0,0,0
1017,15.520258650202699,2017,Forward,27,1.91,0,683,15.068273526459642,24,6,1,0,9,0,0,0,0.0,0.0,0.0,0.0,0.0,0,1,1,1,1,0,1,1,1,1,0,0,1,0,0,0,1,0,0,0,0,0
1018,14.648419680899378,2017,Forward,33,1.83,0,358,14.73180128983843,24,4,3,1,1,0,0,0,0.0,0.0,0.0,32.0,13.0,0,1,1,1,1,0,1,1,1,1,0,0,1,0,0,0,1,0,0,0,0,1
1019,14.346138809026444,2017,Midfielder,33,1.8,0,345,14.73180128983843,31,0,1,0,5,0,0,0,0.0,0.0,0.0,52.0,2.0,0,1,1,1,1,0,0,0,1,1,0,0,1,0,0,0,1,0,0,0,0,1
1020,13.641157170819497,2017,Defender,32,1.8,0,340,14.22097566607244,16,1,0,0,6,2,0,0,0.0,0.0,0.0,6.0,0.0,0,1,1,1,1,0,1,1,1,1,0,0,1,0,0,0,1,0,0,0,0,1
1021,16.588099280204055,2017,Forward,22,1.95,1,1246,14.508657738524219,19,10,4,0,3,0,0,0,0.0,0.0,0.0,6.0,1.0,0,0,0,0,1,0,1,1,1,1,0,0,0,0,0,0,1,0,0,0,0,0
1022,16.012735135300492,2017,Midfielder,20,1.82,0,1072,15.424948470398375,27,1,2,0,2,0,0,1,7.0,1.0,1.0,3.0,0.0,0,0,0,0,1,0,1,1,1,1,0,0,0,0,0,0,1,0,0,0,0,0
1023,14.827111469642754,2017,Defender,23,1.92,1,0,14.508657738524219,17,1,0,0,4,0,0,0,0.0,0.0,0.0,2.0,0.0,0,0,0,0,1,0,1,1,1,1,0,0,0,0,0,0,1,0,0,0,0,0
1024,14.914122846632385,2017,Goalkeeper,32,1.87,0,719,15.89495209964411,10,0,0,0,0,0,0,0,0.0,0.0,0.0,16.0,0.0,0,1,1,1,1,0,0,1,0,1,0,0,1,0,0,0,1,0,0,0,0,0
1025,16.60667566577699,2017,Midfielder,26,1.78,0,676,14.73180128983843,41,3,1,0,10,1,0,0,0.0,0.0,0.0,0.0,0.0,1,0,0,1,1,0,1,1,1,1,0,0,0,0,0,0,1,0,0,0,0,1
1026,16.34123920227253,2017,Midfielder,28,1.72,0,1090,16.300417207752275,36,1,2,0,14,0,0,0,0.0,0.0,0.0,0.0,0.0,0,0,1,0,1,0,1,1,1,1,0,0,1,0,0,0,1,0,0,0,0,0
1027,12.560244459250788,2017,Defender,20,1.85,0,0,11.225243392518447,12,0,0,0,2,0,0,0,0.0,0.0,0.0,0.0,0.0,0,0,0,1,1,0,1,1,1,1,0,0,0,0,0,0,1,0,0,0,0,1
1028,16.02378497148708,2017,Midfielder,28,1.85,0,354,15.424948470398375,32,0,0,0,7,0,0,0,0.0,0.0,0.0,1.0,0.0,1,1,1,1,1,0,1,1,1,1,0,0,1,0,0,0,1,0,0,0,0,1
1029,15.009433026436708,2017,Defender,23,1.78,0,0,13.527828485512494,14,0,1,0,0,0,0,0,0.0,0.0,0.0,1.0,0.0,0,1,1,1,1,0,0,0,1,1,0,0,0,0,0,0,1,0,0,0,0,0
1030,14.73180128983843,2017,Forward,31,1.84,0,364,15.424948470398375,33,21,4,3,6,0,0,0,0.0,0.0,0.0,5.0,0.0,0,1,1,1,1,0,0,0,0,1,0,0,1,0,0,0,1,0,0,0,0,0
1031,14.346138809026444,2017,Forward,24,1.76,0,696,14.914122846632385,24,0,3,0,2,0,0,0,0.0,0.0,0.0,5.0,1.0,0,1,1,1,1,0,0,0,1,1,0,0,0,0,0,0,0,1,0,0,0,0
1032,16.612791831818814,2017,Forward,25,1.91,0,678,15.60727002719233,48,30,4,6,2,0,0,0,0.0,0.0,0.0,16.0,5.0,0,0,0,1,1,0,1,1,1,1,0,0,1,0,0,0,0,0,0,0,0,1
1033,15.501909511534503,2017,Forward,27,1.7,0,303,15.424948470398375,44,10,2,0,4,0,0,0,0.0,0.0,0.0,5.0,2.0,0,1,1,1,1,0,1,1,1,1,0,0,1,0,0,0,0,0,1,0,0,0
1034,16.831045458814444,2017,Forward,26,1.78,0,325,16.11809565095832,36,10,3,2,2,0,0,0,0.0,0.0,0.0,0.0,0.0,0,1,1,1,1,0,1,1,1,1,0,0,1,0,0,0,0,0,1,0,0,1
1035,13.9108207377686,2017,Defender,25,1.88,0,339,13.122363377404328,5,0,1,0,2,0,0,0,0.0,0.0,0.0,1.0,0.0,0,1,1,1,1,0,0,0,1,1,0,0,1,0,0,0,0,1,0,0,0,1
1036,16.333207030575267,2017,Forward,20,1.84,0,1241,14.508657738524219,18,7,2,1,5,0,0,0,4.0,2.0,1.0,0.0,0.0,0,0,0,0,0,1,1,1,1,1,0,0,1,0,0,0,0,0,0,1,0,0
1037,16.02378497148708,2017,Midfielder,22,1.85,0,1095,15.89495209964411,42,2,4,0,11,0,0,0,0.0,0.0,0.0,0.0,0.0,1,0,0,1,1,0,1,1,1,1,0,0,0,0,0,0,1,0,0,0,0,1
1038,15.424948470398375,2017,Forward,20,1.87,1,0,14.914122846632385,19,3,4,0,4,0,0,0,0.0,0.0,0.0,1.0,0.0,0,0,0,0,1,0,1,1,1,1,0,0,0,0,0,0,1,0,0,0,0,0
1039,14.914122846632385,2017,Defender,27,1.86,0,1034,15.068273526459642,25,0,2,0,8,0,1,0,5.0,0.0,0.0,0.0,0.0,0,0,0,0,1,0,1,1,1,1,0,0,0,0,0,0,1,0,0,0,0,0
1040,14.508657738524219,2017,Defender,24,1.83,0,674,14.508657738524219,22,0,2,0,4,0,0,0,0.0,0.0,0.0,0.0,0.0,0,0,0,0,1,0,1,1,1,1,0,0,1,0,0,0,0,0,1,0,0,0
1041,15.687312734865866,2017,Forward,25,1.82,0,699,15.520258650202699,33,7,5,0,4,0,0,1,3.0,0.0,0.0,9.0,0.0,0,1,1,1,1,0,0,0,0,1,0,0,0,0,0,0,1,0,0,0,0,0
1042,15.687312734865866,2017,Midfielder,29,1.76,0,1460,15.424948470398375,34,0,1,0,3,0,0,0,0.0,0.0,0.0,0.0,0.0,0,1,1,1,1,0,0,0,0,1,0,0,1,0,0,0,1,0,0,0,0,0
1043,14.73180128983843,2017,Midfielder,21,1.86,0,1450,14.914122846632385,32,0,0,0,13,2,0,0,0.0,0.0,0.0,1.0,0.0,0,1,1,1,1,0,0,0,0,1,0,0,1,0,0,0,0,1,0,0,0,0
1044,14.508657738524219,2017,Midfielder,32,1.84,0,318,14.73180128983843,27,0,2,0,7,0,0,0,0.0,0.0,0.0,49.0,1.0,0,1,1,1,1,0,0,1,0,1,0,0,1,0,0,0,1,0,0,0,0,0
1045,13.815510557964274,2017,Defender,28,1.79,0,0,15.424948470398375,38,0,7,0,3,1,0,0,0.0,0.0,0.0,0.0,0.0,0,1,1,1,1,0,0,1,0,1,0,0,1,0,0,0,1,0,0,0,0,0
1046,16.240313283682568,2017,Forward,22,1.79,0,0,13.815510557964274,41,10,7,0,1,0,0,0,0.0,0.0,0.0,0.0,0.0,1,0,0,1,1,0,1,1,1,1,0,0,1,0,0,0,1,0,0,0,0,1
1047,16.11809565095832,2017,Defender,26,1.9,0,1092,15.424948470398375,37,1,1,0,7,1,0,0,0.0,0.0,0.0,0.0,0.0,0,0,1,0,1,0,1,1,1,1,0,0,1,0,0,0,1,0,0,0,0,0
1048,15.424948470398375,2017,Defender,23,1.78,0,344,15.201804919084164,22,1,0,0,2,0,0,0,0.0,0.0,0.0,0.0,0.0,0,0,1,0,1,0,1,1,1,1,0,0,1,0,0,0,1,0,0,0,0,0
1049,16.213405830762646,2017,Forward,24,1.81,0,1095,16.70588231586044,40,15,9,1,3,0,0,0,0.0,0.0,0.0,2.0,0.0,0,1,1,1,1,0,0,1,0,1,0,0,0,0,0,0,1,0,0,0,0,0
1050,15.150511624696614,2017,Defender,25,1.88,0,1400,15.319587954740548,16,1,0,0,2,0,0,0,0.0,0.0,0.0,16.0,1.0,0,1,1,1,1,0,0,0,1,1,0,0,1,0,0,0,1,0,0,0,0,1
1051,14.648419680899378,2017,Midfielder,28,1.85,0,1037,15.520258650202699,24,7,2,2,0,0,1,0,3.0,0.0,0.0,1.0,0.0,0,1,1,1,1,0,0,0,0,1,0,0,1,0,0,0,1,0,0,0,0,0
1052,14.648419680899378,2017,Forward,34,1.89,0,344,14.22097566607244,22,6,2,0,0,0,0,0,0.0,0.0,0.0,18.0,0.0,0,1,1,1,1,0,0,0,1,1,0,0,0,0,0,0,1,0,0,0,0,1
1053,13.9108207377686,2017,Forward,27,1.82,0,309,14.22097566607244,17,0,1,0,3,1,0,0,0.0,0.0,0.0,0.0,0.0,0,1,1,1,1,0,0,1,0,1,0,0,1,0,0,0,0,0,1,0,0,0
1054,11.695247021764184,2017,Defender,22,1.84,0,364,13.527828485512494,22,1,2,0,10,1,0,1,1.0,0.0,0.0,0.0,0.0,0,1,1,1,1,0,0,0,0,1,0,0,1,0,0,0,1,0,0,0,0,0
1055,16.70588231586044,2017,Forward,25,1.71,0,679,16.454567887579532,32,15,0,0,5,0,1,0,4.0,1.0,0.0,2.0,1.0,0,0,0,0,1,0,1,1,1,1,0,0,1,0,0,0,0,0,0,1,0,0
1056,16.64872390202049,2017,Forward,24,1.93,1,893,15.955576721460545,15,9,2,1,1,0,0,0,0.0,0.0,0.0,0.0,0.0,0,0,0,0,1,0,1,1,1,1,0,0,1,0,0,0,0,0,1,0,0,0
1057,16.38045991542581,2017,Midfielder,25,1.85,0,1058,16.11809565095832,40,7,7,0,2,0,1,0,6.0,1.0,0.0,4.0,0.0,0,0,0,0,1,0,1,1,1,1,0,0,1,0,0,0,1,0,0,0,0,0
1058,15.60727002719233,2017,Goalkeeper,25,1.84,0,1460,15.068273526459642,23,0,0,0,0,0,0,1,6.0,0.0,0.0,22.0,0.0,0,0,1,0,1,0,1,1,1,1,0,0,1,0,0,0,0,0,0,0,0,0
1059,15.319587954740548,2017,Defender,30,1.79,0,352,14.508657738524219,33,4,5,0,10,0,0,0,0.0,0.0,0.0,8.0,0.0,0,0,0,0,1,0,1,1,1,1,0,0,0,0,0,0,1,0,0,0,0,0
1060,14.914122846632385,2017,Midfielder,26,1.81,0,729,15.201804919084164,35,5,3,3,7,0,0,0,0.0,0.0,0.0,0.0,0.0,0,0,0,0,1,0,1,1,1,1,0,0,1,0,0,0,1,0,0,0,0,0
1061,14.914122846632385,2017,Midfielder,28,1.87,0,668,15.319587954740548,26,0,5,0,5,0,1,0,3.0,0.0,0.0,0.0,0.0,0,0,0,0,1,0,1,1,1,1,0,0,1,0,0,0,1,0,0,0,0,0
1062,14.73180128983843,2017,Defender,21,1.85,0,695,14.038654109278484,21,0,1,0,6,0,0,1,3.0,0.0,0.0,0.0,0.0,0,0,0,0,1,0,1,1,1,1,0,0,1,0,0,0,1,0,0,0,0,0
1063,14.151982794585487,2017,Midfielder,21,1.79,0,1260,12.89921982609012,5,0,1,0,2,0,0,0,0.0,0.0,0.0,0.0,0.0,0,0,0,0,1,0,1,1,1,1,0,0,1,0,0,0,1,0,0,0,0,0
1064,13.815510557964274,2017,Forward,19,1.89,1,0,13.122363377404328,29,13,5,0,4,0,0,0,0.0,0.0,0.0,0.0,0.0,0,0,0,0,1,0,1,1,1,1,0,0,1,0,0,0,1,0,0,0,0,0
1065,13.304684934198283,2017,Forward,21,1.79,0,324,12.611537753638338,38,18,13,0,0,0,0,0,0.0,0.0,0.0,0.0,0.0,0,0,0,0,1,0,1,1,1,1,0,0,1,0,0,0,1,0,0,0,0,0
1066,12.89921982609012,2017,Defender,22,1.71,0,0,11.512925464970229,15,0,0,0,0,0,0,0,0.0,0.0,0.0,0.0,0.0,1,1,1,1,1,0,0,0,1,1,0,0,1,0,0,0,1,0,0,0,0,1
1067,18.032072752910626,2018,Forward,27,1.79,0,721,17.72753356339242,41,13,12,0,2,0,0,0,0.0,0.0,0.0,27.0,4.0,0,1,1,1,1,0,1,1,1,1,0,0,0,0,0,1,0,1,0,0,0,0
1068,14.73180128983843,2018,Defender,21,1.9,0,334,14.73180128983843,23,0,0,0,4,0,0,0,0.0,0.0,0.0,0.0,0.0,0,0,0,0,1,0,1,1,1,1,0,0,1,0,0,1,1,0,0,0,0,0
1069,13.9108207377686,2018,Defender,21,1.88,1,382,13.458835614025542,24,3,0,0,5,0,0,0,0.0,0.0,0.0,0.0,0.0,0,0,0,0,0,0,1,1,1,1,0,0,1,0,0,1,0,0,0,0,1,0
1070,13.698976741708323,2018,Forward,19,1.75,0,0,14.22097566607244,16,2,3,1,3,0,0,0,0.0,0.0,0.0,6.0,1.0,0,0,0,0,0,0,1,1,1,1,0,0,1,0,0,1,0,0,0,0,0,0
1071,16.64872390202049,2018,Forward,19,1.7,1,175,15.424948470398375,4,2,0,0,0,0,0,0,0.0,0.0,0.0,0.0,0.0,0,1,1,1,1,0,0,1,0,1,0,0,0,1,1,0,0,1,0,0,0,1
1072,16.240313283682568,2018,Goalkeeper,22,1.96,0,721,14.508657738524219,51,0,0,0,1,0,0,0,0.0,0.0,0.0,0.0,0.0,0,1,1,1,1,0,1,1,1,1,0,0,1,0,1,0,1,0,0,0,0,1
1073,16.11809565095832,2018,Defender,23,1.84,0,679,14.914122846632385,22,0,1,0,1,0,0,0,0.0,0.0,0.0,10.0,0.0,0,1,1,1,1,0,0,1,0,1,0,0,1,0,1,0,1,0,0,0,0,0
1074,16.012735135300492,2018,Defender,20,1.72,0,364,16.11809565095832,34,0,1,0,10,0,0,0,0.0,0.0,0.0,0.0,0.0,0,1,1,1,1,0,0,1,0,1,0,0,1,0,1,0,0,0,0,1,0,0
1075,15.176487111099874,2018,Goalkeeper,31,1.96,0,327,16.11809565095832,23,0,1,0,1,0,0,0,0.0,0.0,0.0,59.0,0.0,1,1,1,1,1,0,1,1,1,1,0,0,1,0,1,0,1,0,0,0,0,1
1076,14.914122846632385,2018,Forward,25,1.76,0,1095,14.914122846632385,19,2,0,0,3,0,0,0,0.0,0.0,0.0,3.0,0.0,0,1,1,1,1,0,0,0,0,1,0,0,1,0,1,0,0,1,0,0,0,0
1077,17.893048001869992,2018,Midfielder,25,1.69,0,1825,17.281246460764002,34,4,6,0,13,2,1,0,8.0,1.0,1.0,11.0,0.0,0,0,0,0,1,0,1,1,1,1,0,0,0,1,0,1,0,0,0,1,0,0
1078,16.90655301132259,2018,Defender,19,1.83,0,364,16.523560759066484,7,0,2,0,1,0,1,0,1.0,0.0,0.0,0.0,0.0,0,0,0,0,1,0,1,1,1,1,0,0,1,0,0,1,1,0,0,0,0,0
1079,14.346138809026444,2018,Goalkeeper,35,1.93,0,362,13.815510557964274,5,0,0,0,0,0,0,0,0.0,0.0,0.0,0.0,0.0,1,0,0,1,1,0,1,1,1,1,0,0,1,0,0,1,1,0,0,0,0,1
1080,16.588099280204055,2018,Defender,28,1.8,0,348,16.70588231586044,17,1,2,1,2,0,1,0,6.0,1.0,1.0,56.0,2.0,0,1,1,1,1,0,0,0,0,1,0,0,0,0,1,0,1,0,0,0,0,0
1081,15.81021087118902,2018,Goalkeeper,25,1.93,0,362,14.73180128983843,45,0,0,0,1,0,0,0,0.0,0.0,0.0,0.0,0.0,1,1,1,1,1,0,0,0,1,1,0,0,1,0,1,0,1,0,0,0,0,1
1082,17.95067711470663,2018,Goalkeeper,25,1.93,0,1077,17.909855120186375,49,0,0,0,1,0,1,0,12.0,0.0,0.0,33.0,0.0,0,0,1,0,1,0,1,1,1,1,0,0,1,0,0,1,0,0,0,1,0,0
1083,17.909855120186375,2018,Midfielder,23,1.72,0,730,17.98989782785991,39,9,7,0,11,3,1,1,10.0,2.0,2.0,17.0,4.0,0,0,1,0,1,0,1,1,1,1,0,0,1,0,0,1,0,1,0,0,0,0
1084,17.622173047734595,2018,Midfielder,24,1.88,0,1095,17.622173047734595,46,8,4,5,13,0,1,0,5.0,0.0,0.0,6.0,0.0,0,0,1,0,1,0,1,1,1,1,0,0,1,0,0,1,0,0,0,1,0,0
1085,16.503358051748965,2018,Midfielder,26,1.69,0,718,16.70588231586044,38,8,7,0,5,0,0,0,0.0,0.0,0.0,67.0,19.0,0,0,0,1,1,0,1,1,1,1,0,0,0,0,0,1,1,0,0,0,0,0
1086,16.869511739642242,2018,Forward,21,1.86,1,1273,16.11809565095832,2,2,0,0,0,0,0,0,0.0,0.0,0.0,1.0,0.0,1,1,1,1,1,0,1,1,1,1,0,0,1,0,1,0,1,0,0,0,0,0
1087,16.454567887579532,2018,Goalkeeper,25,1.91,0,1076,14.73180128983843,19,4,0,0,0,0,0,0,0.0,0.0,0.0,0.0,0.0,0,1,1,1,1,0,1,1,1,1,0,0,1,0,1,0,1,0,0,0,0,1
1088,14.234220892822458,2018,Defender,32,1.87,0,317,15.068273526459642,27,1,0,0,1,0,1,0,7.0,0.0,0.0,77.0,0.0,0,1,1,1,1,0,0,1,0,1,0,0,0,0,1,0,1,0,0,0,0,0
1089,18.197537192638155,2018,Goalkeeper,23,1.88,0,2518,16.811242831518264,31,0,0,0,3,0,0,0,0.0,0.0,0.0,3.0,0.0,0,0,1,0,1,0,1,1,1,1,0,0,1,0,0,1,1,0,0,0,0,0
1090,17.858561825798823,2018,Midfielder,26,1.78,0,717,17.72753356339242,37,3,4,2,5,0,1,1,3.0,1.0,1.0,13.0,1.0,0,0,1,0,1,0,1,1,1,1,0,0,1,0,0,1,1,0,0,0,0,0
1091,17.37085861945369,2018,Goalkeeper,26,2.0,0,0,17.98989782785991,46,0,0,0,3,0,1,0,8.0,0.0,0.0,66.0,0.0,0,1,1,1,1,0,0,1,0,1,0,0,0,0,1,0,1,0,0,0,0,0
1092,16.012735135300492,2018,Midfielder,31,1.79,1,170,17.034386382832476,16,1,2,0,2,0,0,1,5.0,0.0,2.0,74.0,8.0,0,1,1,1,1,0,0,1,0,1,0,0,1,0,1,0,1,0,0,0,0,1
1093,17.170664001125022,2018,Midfielder,22,1.66,0,1451,17.216707939626428,38,4,1,0,6,0,0,0,0.0,0.0,0.0,11.0,0.0,0,0,1,0,1,0,1,1,1,1,0,0,1,0,0,1,0,0,0,1,0,0
1094,17.034386382832476,2018,Goalkeeper,26,1.9,0,730,16.811242831518264,38,0,0,0,1,0,0,0,0.0,0.0,0.0,6.0,0.0,0,0,1,0,1,0,1,1,1,1,0,0,1,0,0,1,1,0,0,0,0,0
1095,16.588099280204055,2018,Defender,30,1.86,0,363,16.811242831518264,43,3,0,0,10,1,1,1,9.0,1.0,0.0,66.0,3.0,0,0,1,0,1,0,1,1,1,1,0,0,1,0,0,1,1,0,0,0,0,0
1096,15.89495209964411,2018,Midfielder,19,1.85,0,354,14.73180128983843,21,0,1,0,3,1,0,0,0.0,0.0,0.0,0.0,0.0,0,0,0,0,1,0,1,1,1,1,0,0,1,0,0,1,1,0,0,0,0,0
1097,15.29711509888849,2018,Forward,29,1.8,0,691,15.830413578506539,37,9,7,3,3,0,0,0,0.0,0.0,0.0,0.0,0.0,0,1,1,1,1,0,1,1,1,1,0,0,0,0,1,0,1,0,0,0,0,0
1098,14.603967918328545,2018,Forward,22,1.83,0,331,13.997832114758229,24,3,2,0,2,0,0,0,0.0,0.0,0.0,0.0,0.0,1,1,1,1,1,0,0,0,0,1,0,0,1,0,1,0,1,0,0,0,0,1
1099,14.22097566607244,2018,Forward,26,1.78,0,317,14.914122846632385,9,2,1,0,1,0,0,0,0.0,0.0,0.0,64.0,12.0,0,1,1,1,1,0,0,1,0,1,0,0,0,0,1,0,0,0,1,0,0,0
1100,16.642824179893303,2018,Defender,25,1.85,0,1060,16.11809565095832,48,1,3,0,5,0,0,0,0.0,0.0,0.0,0.0,0.0,1,0,0,1,1,0,1,1,1,1,0,0,0,0,0,0,1,0,0,0,0,1
1101,16.316946509703484,2018,Forward,26,1.8,0,693,15.89495209964411,42,22,4,7,2,0,0,0,0.0,0.0,0.0,17.0,5.0,0,0,0,1,1,0,1,1,1,1,0,0,1,0,0,0,1,0,0,0,0,0
1102,15.89495209964411,2018,Forward,29,1.86,1,881,15.60727002719233,22,3,0,0,0,0,0,0,0.0,0.0,0.0,41.0,5.0,0,1,1,1,1,0,0,0,1,1,0,0,1,0,0,0,1,0,0,0,0,1
1103,17.48418730476069,2018,Forward,21,1.84,0,1437,17.034386382832476,41,5,4,0,4,0,0,0,0.0,0.0,0.0,5.0,3.0,0,1,1,1,1,0,1,1,1,1,0,0,1,0,0,0,0,0,0,1,0,0
1104,17.225006742441124,2018,Defender,23,1.95,0,1786,16.811242831518264,6,0,1,0,2,0,0,0,0.0,0.0,0.0,15.0,6.0,0,0,1,0,1,0,1,1,1,1,0,0,1,0,0,0,0,0,0,1,0,0
1105,16.821193162371433,2018,Defender,25,1.78,0,1064,16.523560759066484,20,1,2,0,3,0,1,0,3.0,1.0,0.0,23.0,0.0,0,0,1,0,1,0,1,1,1,1,0,0,0,0,0,0,1,0,0,0,0,0
1106,16.41820024340866,2018,Midfielder,25,1.79,0,1434,16.523560759066484,14,0,0,0,1,0,0,1,5.0,0.0,0.0,16.0,4.0,0,1,1,1,1,0,0,1,0,1,0,0,1,0,0,0,1,0,0,0,0,0
1107,16.012735135300492,2018,Defender,27,1.87,0,730,16.11809565095832,6,0,0,0,1,0,0,0,0.0,0.0,0.0,24.0,2.0,0,1,1,1,1,0,0,1,0,1,0,0,0,0,0,0,0,0,0,1,0,0
1108,15.341566861459324,2018,Defender,24,1.88,1,130,13.815510557964274,14,1,1,0,0,0,0,0,0.0,0.0,0.0,0.0,0.0,0,1,1,1,1,0,0,0,0,0,0,0,1,0,0,0,0,0,0,0,1,1
1109,17.034386382832476,2018,Midfielder,21,1.75,0,364,16.11809565095832,49,15,11,3,8,0,0,0,0.0,0.0,0.0,0.0,0.0,1,0,0,1,1,0,1,1,1,1,0,0,1,0,0,0,1,0,0,0,0,1
1110,16.90655301132259,2018,Defender,24,1.75,0,364,16.811242831518264,34,2,5,0,4,0,1,0,7.0,0.0,2.0,5.0,0.0,0,0,0,0,1,0,1,1,1,1,0,0,1,0,0,0,1,0,0,0,0,0
1111,16.864783598446294,2018,Defender,22,1.85,0,1056,16.70588231586044,28,1,0,0,5,2,0,0,0.0,0.0,0.0,22.0,1.0,0,0,1,0,1,0,1,1,1,1,0,0,0,1,0,0,0,0,0,0,1,0
1112,16.489659207390805,2018,Defender,21,1.94,0,1421,16.213405830762646,25,4,0,0,2,0,0,0,0.0,0.0,0.0,0.0,0.0,0,0,0,0,1,0,1,1,1,1,0,0,1,0,0,0,1,0,0,0,0,0
1113,16.454567887579532,2018,Forward,26,1.82,0,1060,15.201804919084164,35,2,3,0,2,2,1,0,4.0,0.0,0.0,11.0,1.0,0,0,1,0,1,0,1,1,1,1,0,0,0,0,0,0,0,1,0,0,0,0
1114,15.201804919084164,2018,Defender,30,1.88,0,364,16.523560759066484,31,2,2,0,7,0,0,0,0.0,0.0,0.0,66.0,2.0,0,0,0,1,1,0,1,1,1,1,0,0,0,1,0,0,1,0,0,0,0,1
1115,16.61887093887081,2018,Forward,25,1.71,0,698,16.523560759066484,22,8,6,0,3,0,0,1,6.0,1.0,0.0,50.0,10.0,0,1,1,1,1,0,0,0,0,0,0,1,1,0,0,0,0,1,0,0,0,0
1116,16.11809565095832,2018,Midfielder,30,1.9,1,905,16.012735135300492,11,1,1,0,1,0,0,1,5.0,1.0,0.0,0.0,0.0,0,1,1,1,1,0,0,1,0,1,0,0,1,0,0,0,1,0,0,0,0,0
1117,16.99356438831222,2018,Forward,24,1.74,1,700,16.523560759066484,32,12,11,4,4,0,0,0,0.0,0.0,0.0,14.0,0.0,0,0,0,0,0,0,1,1,1,1,0,0,0,0,0,0,0,0,0,1,0,0
1118,16.185754299432134,2018,Forward,26,1.79,0,332,15.60727002719233,30,10,2,0,2,0,0,0,0.0,0.0,0.0,25.0,2.0,0,0,1,0,1,0,1,1,1,1,0,0,1,0,0,0,0,0,0,0,1,0
1119,15.761420707019587,2018,Midfielder,22,1.89,0,1095,16.11809565095832,25,1,1,0,4,0,0,0,0.0,0.0,0.0,0.0,0.0,0,0,1,0,1,0,1,1,1,1,0,0,0,0,0,0,1,0,0,0,0,0
1120,15.717618084361195,2018,Defender,29,1.89,0,691,15.89495209964411,34,1,1,0,5,0,0,0,0.0,0.0,0.0,18.0,1.0,0,0,0,1,1,0,1,1,1,1,0,0,1,0,0,0,0,0,0,1,0,0
1121,15.201804919084164,2018,Defender,26,1.86,0,1070,14.914122846632385,27,2,2,0,10,0,0,0,0.0,0.0,0.0,46.0,7.0,0,0,0,0,1,0,1,1,1,1,0,0,1,0,0,0,1,0,0,0,0,0
1122,15.201804919084164,2018,Goalkeeper,29,1.91,0,730,15.201804919084164,23,0,0,0,1,0,0,0,0.0,0.0,0.0,13.0,0.0,0,0,0,0,1,0,1,1,1,1,0,0,1,0,0,0,1,0,0,0,0,0
1123,17.022313801598205,2018,Forward,23,1.89,0,701,16.523560759066484,24,14,1,0,3,0,0,0,0.0,0.0,0.0,45.0,23.0,0,1,1,1,1,0,1,1,1,1,0,0,1,0,0,0,1,0,0,0,0,0
1124,15.354526006101828,2018,Defender,23,1.82,0,708,15.60727002719233,11,0,0,0,1,0,0,0,0.0,0.0,0.0,33.0,2.0,0,1,1,1,1,0,0,0,0,1,0,0,1,0,0,0,0,1,0,0,0,0
1125,15.201804919084164,2018,Goalkeeper,26,1.88,0,1070,15.319587954740548,35,0,0,0,1,0,1,0,3.0,0.0,0.0,0.0,0.0,0,1,1,1,1,0,0,1,0,1,0,0,1,0,0,0,1,0,0,0,0,0
1126,14.457364444136669,2018,Forward,21,1.73,0,694,14.22097566607244,44,12,4,1,0,0,0,0,0.0,0.0,0.0,0.0,0.0,1,1,1,1,1,0,0,0,1,1,0,0,1,0,0,0,1,0,0,0,0,1
1127,12.873902018105829,2018,Forward,22,1.85,0,691,13.122363377404328,44,14,2,0,6,0,0,0,0.0,0.0,0.0,0.0,0.0,1,1,1,1,1,0,0,0,1,1,0,0,1,0,0,0,1,0,0,0,0,1
1128,16.185754299432134,2018,Midfielder,28,1.89,0,1063,16.300417207752275,37,2,3,0,5,0,0,0,0.0,0.0,0.0,37.0,2.0,0,1,1,1,1,0,1,1,1,1,0,0,1,0,0,0,0,1,0,0,0,0
1129,17.23323724157764,2018,Midfielder,23,1.79,0,1423,14.508657738524219,28,0,1,0,18,0,0,0,0.0,0.0,0.0,9.0,0.0,0,0,1,0,1,0,1,1,1,1,0,0,1,0,0,0,0,0,0,1,0,0
1130,16.523560759066484,2018,Defender,25,1.83,0,1072,14.73180128983843,33,3,2,0,10,1,0,0,0.0,0.0,0.0,0.0,0.0,0,0,1,0,1,0,1,1,1,1,0,0,0,0,0,0,1,0,0,0,0,0
1131,16.42558035070628,2018,Defender,21,1.9,1,1255,15.89495209964411,24,0,1,0,5,1,0,0,0.0,0.0,0.0,3.0,0.0,0,0,0,1,1,0,1,1,1,1,0,0,1,0,0,0,1,0,0,0,0,1
1132,16.240313283682568,2018,Forward,20,1.73,0,0,15.424948470398375,33,3,5,0,5,0,0,0,0.0,0.0,0.0,9.0,0.0,0,0,0,1,1,0,1,1,1,1,0,0,0,0,0,0,1,0,0,0,0,1
1133,16.249123913364723,2018,Forward,25,1.83,0,730,16.11809565095832,38,7,0,0,0,0,0,0,0.0,0.0,0.0,3.0,0.0,0,1,1,1,1,0,1,1,1,1,0,0,1,0,0,0,0,1,0,0,0,1
1134,15.732433170146335,2018,Forward,30,1.83,0,359,14.914122846632385,35,20,1,4,2,0,0,0,0.0,0.0,0.0,0.0,0.0,0,1,1,1,1,0,0,0,1,1,0,0,1,0,0,0,0,0,1,0,0,1
1135,14.508657738524219,2018,Forward,30,1.75,0,730,15.761420707019587,33,10,3,5,5,1,0,0,0.0,0.0,0.0,39.0,6.0,0,1,1,1,1,0,0,1,0,1,0,0,1,0,0,0,0,1,0,0,0,1
1136,17.45309671769066,2018,Forward,25,1.75,0,716,17.216707939626428,32,8,9,0,0,0,0,1,7.0,3.0,3.0,1.0,0.0,0,0,1,0,1,0,1,1,1,1,0,0,1,0,0,0,0,0,0,1,0,0
1137,17.034386382832476,2018,Defender,21,1.94,0,730,16.90655301132259,39,3,0,0,9,0,0,0,0.0,0.0,0.0,0.0,0.0,0,0,1,0,1,0,1,1,1,1,0,0,1,0,0,0,1,0,0,0,0,0
1138,16.811242831518264,2018,Forward,28,1.89,0,1085,16.951004773893423,31,9,5,2,0,0,1,0,6.0,1.0,1.0,61.0,29.0,0,0,1,0,1,0,1,1,1,1,0,0,0,0,0,0,1,0,0,0,0,0
1139,15.89495209964411,2018,Goalkeeper,33,1.9,0,364,15.424948470398375,38,0,0,0,0,0,0,0,0.0,0.0,0.0,31.0,0.0,0,0,0,1,1,0,1,1,1,1,0,0,1,0,0,0,1,0,0,0,0,0
1140,15.201804919084164,2018,Defender,26,1.89,0,1266,15.424948470398375,14,0,0,0,1,0,0,0,6.0,0.0,0.0,8.0,0.0,0,0,0,0,0,1,1,1,1,1,0,0,1,0,0,0,0,0,0,1,0,0
1141,14.22097566607244,2018,Forward,21,1.77,0,1063,12.206072645530174,1,0,0,0,0,0,0,0,0.0,0.0,0.0,0.0,0.0,0,0,0,0,1,0,1,1,1,1,0,0,1,0,0,0,1,0,0,0,0,0
1142,14.346138809026444,2018,Defender,21,1.89,0,721,13.815510557964274,29,2,0,0,3,0,0,0,0.0,0.0,0.0,0.0,0.0,1,1,1,1,1,0,0,0,1,1,0,0,1,0,0,0,1,0,0,0,0,1
1143,16.38045991542581,2018,Forward,24,1.77,0,364,16.454567887579532,24,3,2,0,1,0,1,0,3.0,0.0,0.0,4.0,1.0,0,0,1,0,1,0,1,1,1,1,0,0,1,0,0,0,1,0,0,0,0,0
1144,15.424948470398375,2018,Defender,24,1.91,0,363,15.761420707019587,35,0,1,0,9,1,0,0,0.0,0.0,0.0,0.0,0.0,0,0,1,0,1,0,1,1,1,1,0,0,0,0,0,0,0,1,0,0,0,0
1145,14.845129975145433,2018,Goalkeeper,35,1.93,0,360,14.914122846632385,41,0,0,0,2,0,0,0,0.0,0.0,0.0,3.0,0.0,1,0,0,1,1,0,1,1,1,1,0,0,0,0,0,0,1,0,0,0,0,1
1146,14.626440774180603,2018,Forward,24,1.8,0,179,13.815510557964274,8,1,1,0,1,0,0,1,8.0,1.0,1.0,3.0,0.0,0,0,0,0,1,0,1,1,1,1,0,0,0,0,0,0,1,0,0,0,0,0
1147,14.508657738524219,2018,Defender,22,1.88,0,1095,14.508657738524219,24,1,2,0,3,0,0,0,0.0,0.0,0.0,0.0,0.0,0,0,1,0,1,0,1,1,1,1,0,0,1,0,0,0,1,0,0,0,0,0
1148,15.955576721460545,2018,Forward,31,1.79,0,349,14.914122846632385,39,3,4,0,7,1,0,0,0.0,0.0,0.0,38.0,2.0,0,1,1,1,1,0,0,0,0,0,0,1,1,0,0,0,0,1,0,0,0,0
1149,14.648419680899378,2018,Forward,31,1.75,0,359,14.508657738524219,13,8,1,1,4,0,0,0,6.0,3.0,0.0,0.0,0.0,0,1,1,1,1,0,0,0,0,0,1,0,1,0,0,0,0,0,0,1,0,0
1150,16.929025867174648,2018,Forward,24,1.81,0,706,16.70588231586044,33,21,12,4,3,0,0,0,0.0,0.0,0.0,41.0,5.0,0,0,0,0,1,0,1,1,1,1,0,0,1,0,0,0,0,0,0,0,1,0
1151,16.636889444373487,2018,Midfielder,21,1.82,0,348,15.89495209964411,28,3,1,0,3,0,0,0,0.0,0.0,0.0,9.0,1.0,0,0,1,0,1,0,1,1,1,1,0,0,1,0,0,0,0,1,0,0,0,0
1152,16.11809565095832,2018,Defender,23,1.86,0,1091,15.60727002719233,27,1,1,0,2,0,1,1,8.0,0.0,0.0,0.0,0.0,0,0,1,0,1,0,1,1,1,1,0,0,0,0,0,0,0,0,0,1,0,0
1153,15.761420707019587,2018,Defender,27,1.75,0,691,15.89495209964411,31,0,4,0,7,0,0,0,0.0,0.0,0.0,0.0,0.0,0,0,1,0,1,0,1,1,1,1,0,0,1,0,0,0,1,0,0,0,0,0
1154,15.60727002719233,2018,Forward,25,1.81,0,1095,15.60727002719233,30,7,3,0,6,0,0,0,0.0,0.0,0.0,21.0,1.0,0,0,0,0,1,0,1,1,1,1,0,0,1,0,0,0,1,0,0,0,0,0
1155,15.319587954740548,2018,Goalkeeper,29,1.91,0,349,14.22097566607244,21,0,0,0,2,0,0,0,0.0,0.0,0.0,0.0,0.0,1,1,1,1,1,0,1,1,1,1,0,0,1,0,0,0,1,0,0,0,0,1
1156,15.082458161451598,2018,Defender,26,2.01,0,325,13.527828485512494,53,6,2,0,8,0,0,0,0.0,0.0,0.0,0.0,0.0,1,0,0,1,1,0,1,1,1,1,0,0,0,0,0,0,1,0,0,0,0,1
1157,14.978661367769956,2018,Forward,24,1.75,0,0,14.508657738524219,30,11,11,0,3,0,0,0,0.0,0.0,0.0,10.0,5.0,0,0,0,0,0,0,1,1,1,1,0,0,0,0,0,0,0,1,0,0,0,0
1158,13.664687668229691,2018,Forward,20,1.77,0,0,13.815510557964274,20,6,0,0,6,0,0,0,0.0,0.0,0.0,0.0,0.0,0,0,0,0,0,1,1,1,1,1,0,0,1,0,0,0,0,0,0,1,0,0
1159,15.176487111099874,2018,Forward,29,1.7,0,701,14.914122846632385,9,1,2,0,1,0,0,0,0.0,0.0,0.0,0.0,0.0,1,1,1,1,1,0,0,0,1,1,0,0,1,0,0,0,1,0,0,0,0,1
1160,15.03928598958639,2018,Defender,25,1.91,0,730,13.815510557964274,11,1,0,0,2,0,0,0,0.0,0.0,0.0,0.0,0.0,1,1,1,1,1,0,0,0,0,1,0,0,1,0,0,0,1,0,0,0,0,1
1161,14.346138809026444,2018,Midfielder,22,1.79,1,519,12.89921982609012,21,1,4,0,5,2,0,0,0.0,0.0,0.0,0.0,0.0,0,1,1,1,1,0,0,0,0,1,0,0,1,0,0,0,1,0,0,0,0,0
1162,13.997832114758229,2018,Forward,28,1.78,0,364,14.375126345899696,22,4,8,0,0,0,0,0,0.0,0.0,0.0,2.0,0.0,0,1,1,1,1,0,0,0,0,1,0,0,1,0,0,0,1,0,0,0,0,0
1163,13.815510557964274,2018,Forward,26,1.77,0,332,14.22097566607244,7,0,0,0,1,0,0,0,0.0,0.0,0.0,17.0,0.0,0,1,1,1,1,0,0,0,1,1,0,0,1,0,0,0,1,0,0,0,0,0
1164,16.811242831518264,2018,Defender,24,1.88,0,1460,16.11809565095832,23,0,0,0,0,0,1,0,1.0,0.0,0.0,4.0,0.0,0,0,1,0,1,0,1,1,1,1,0,0,0,0,0,0,1,0,0,0,0,0
1165,16.11809565095832,2018,Forward,22,1.84,0,1441,15.424948470398375,30,3,3,0,5,1,1,0,5.0,0.0,0.0,0.0,0.0,0,0,1,0,1,0,1,1,1,1,0,0,0,0,0,0,1,0,0,0,0,0
1166,15.687312734865866,2018,Midfielder,21,1.83,0,1460,15.761420707019587,28,4,0,0,2,0,0,0,0.0,0.0,0.0,26.0,1.0,0,0,0,1,1,0,1,1,1,1,0,0,1,0,0,0,0,1,0,0,0,0
1167,15.424948470398375,2018,Defender,23,1.82,0,730,15.424948470398375,29,0,2,0,3,0,0,0,0.0,0.0,0.0,1.0,0.0,0,0,0,0,1,0,1,1,1,1,0,0,1,0,0,0,1,0,0,0,0,0
1168,14.73180128983843,2018,Goalkeeper,29,1.95,0,364,15.424948470398375,40,0,1,0,1,0,0,0,0.0,0.0,0.0,1.0,0.0,0,0,1,0,1,0,1,1,1,1,0,0,1,0,0,0,1,0,0,0,0,0
1169,14.73180128983843,2018,Midfielder,20,1.78,0,364,14.22097566607244,33,1,4,0,5,0,0,0,0.0,0.0,0.0,0.0,0.0,0,0,0,0,1,0,1,1,1,1,0,0,1,0,0,0,0,0,1,0,0,0
1170,14.346138809026444,2018,Forward,21,1.83,1,151,12.206072645530174,29,14,3,3,2,0,0,0,0.0,0.0,0.0,0.0,0.0,1,0,0,1,1,0,1,1,1,1,0,0,1,0,0,0,1,0,0,0,0,1
1171,16.231424336265324,2018,Forward,26,1.78,0,707,15.89495209964411,37,3,0,0,0,0,0,0,0.0,0.0,0.0,0.0,0.0,1,1,1,1,1,0,0,0,1,1,0,0,0,0,0,0,1,0,0,0,0,1
1172,12.706847933442663,2018,Defender,27,1.92,0,325,14.22097566607244,6,0,0,0,3,0,0,0,0.0,0.0,0.0,0.0,0.0,0,1,1,1,1,0,0,0,1,1,0,0,1,0,0,0,1,0,0,0,0,0
1173,17.034386382832476,2018,Defender,25,1.99,0,1083,16.454567887579532,34,3,0,0,5,0,0,0,0.0,0.0,0.0,14.0,1.0,0,0,1,0,1,0,1,1,1,1,0,0,0,1,0,0,1,0,0,0,0,0
1174,16.70588231586044,2018,Forward,23,1.78,0,1095,15.955576721460545,41,13,7,0,3,0,1,0,8.0,2.0,1.0,21.0,5.0,0,0,0,0,1,0,1,1,1,1,0,0,1,0,0,0,1,0,0,0,0,0
1175,15.888682486630515,2018,Midfielder,26,1.83,0,334,14.508657738524219,31,3,5,0,0,0,1,0,4.0,0.0,0.0,11.0,1.0,0,0,0,0,1,0,1,1,1,1,0,0,1,0,0,0,1,0,0,0,0,0
1176,16.432906390798355,2018,Forward,29,1.81,0,728,16.523560759066484,41,7,4,1,4,0,0,0,0.0,0.0,0.0,50.0,11.0,0,1,1,1,1,0,0,0,0,1,0,0,0,0,0,0,1,0,0,0,0,0
1177,16.292048958081757,2018,Forward,27,1.86,1,901,16.11809565095832,15,1,0,0,0,0,0,0,0.0,0.0,0.0,10.0,2.0,0,1,1,1,1,0,0,1,0,1,0,0,0,0,0,0,1,0,0,0,0,0
1178,16.811242831518264,2018,Forward,22,1.78,0,692,15.89495209964411,38,5,12,0,4,2,0,0,0.0,0.0,0.0,0.0,0.0,0,0,0,1,1,0,1,1,1,1,0,0,1,0,0,0,1,0,0,0,0,0
1179,16.70588231586044,2018,Goalkeeper,30,1.9,0,1460,16.588099280204055,46,0,0,0,4,0,1,1,12.0,0.0,0.0,72.0,0.0,0,0,0,0,1,0,1,1,1,1,0,0,0,0,0,0,1,0,0,0,0,0
1180,16.454567887579532,2018,Forward,21,1.78,0,1095,16.300417207752275,46,18,5,1,9,0,0,0,0.0,0.0,0.0,0.0,0.0,0,0,1,0,1,0,1,1,1,1,0,0,1,0,0,0,1,0,0,0,0,0
1181,16.300417207752275,2018,Defender,27,1.95,0,1095,15.424948470398375,37,3,2,0,2,0,0,0,0.0,0.0,0.0,0.0,0.0,0,0,0,0,1,0,1,1,1,1,0,0,1,0,0,0,0,1,0,0,0,0
1182,15.538277155705378,2018,Midfielder,31,1.7,0,707,16.11809565095832,44,1,7,0,7,0,1,0,6.0,0.0,1.0,92.0,6.0,0,0,1,0,1,0,1,1,1,1,0,0,1,0,0,0,1,0,0,0,0,0
1183,15.201804919084164,2018,Forward,24,1.85,0,0,15.424948470398375,47,12,5,1,0,0,0,0,0.0,0.0,0.0,0.0,0.0,0,0,0,0,0,0,1,1,1,1,0,0,1,0,0,0,0,0,0,1,0,0
1184,14.626440774180603,2018,Defender,19,1.74,0,1460,13.122363377404328,14,1,1,0,0,1,0,0,0.0,0.0,0.0,0.0,0.0,0,0,1,0,1,0,1,1,1,1,0,0,0,0,0,0,1,0,0,0,0,0
1185,15.053884789007542,2018,Defender,28,1.91,1,518,13.815510557964274,13,0,0,0,1,0,0,0,0.0,0.0,0.0,0.0,0.0,1,1,1,1,1,0,0,0,1,1,0,0,1,0,0,0,1,0,0,0,0,1
1186,15.03928598958639,2018,Defender,28,1.76,0,337,14.508657738524219,42,5,15,0,8,0,0,0,0.0,0.0,0.0,1.0,0.0,0,1,1,1,1,0,0,0,1,1,0,0,0,0,0,0,1,0,0,0,0,0
1187,14.346138809026444,2018,Midfielder,27,1.8,0,730,14.22097566607244,25,3,7,0,5,0,0,0,0.0,0.0,0.0,0.0,0.0,1,1,1,1,1,0,0,0,1,1,0,0,1,0,0,0,1,0,0,0,0,1
1188,13.122363377404328,2018,Midfielder,29,1.88,0,719,14.22097566607244,17,1,0,0,1,1,0,0,0.0,0.0,0.0,22.0,5.0,0,1,1,1,1,0,0,1,0,1,0,0,1,0,0,0,0,1,0,0,0,0
1189,12.429216196844383,2018,Midfielder,21,1.82,1,517,13.122363377404328,3,0,1,0,0,0,0,0,0.0,0.0,0.0,0.0,0.0,1,1,1,1,1,0,0,0,1,1,0,0,1,0,0,0,1,0,0,0,0,1
1190,16.249123913364723,2018,Forward,23,1.73,0,0,14.22097566607244,47,11,3,0,6,0,0,0,0.0,0.0,0.0,0.0,0.0,1,0,0,1,1,0,1,1,1,1,0,0,1,0,0,0,1,0,0,0,0,1
1191,16.244728301891687,2018,Forward,25,1.7,0,0,14.914122846632385,52,21,8,4,9,0,0,0,0.0,0.0,0.0,0.0,0.0,0,0,0,1,1,0,1,1,1,1,0,0,1,0,0,0,0,0,1,0,0,1
1192,15.201804919084164,2018,Defender,27,1.83,0,364,14.22097566607244,21,1,3,0,5,2,0,0,0.0,0.0,0.0,0.0,0.0,0,0,0,1,1,0,1,1,1,1,0,0,0,0,0,0,1,0,0,0,0,1
1193,15.201804919084164,2018,Goalkeeper,28,1.89,0,730,14.914122846632385,44,0,0,0,1,0,0,0,0.0,0.0,0.0,0.0,0.0,1,0,0,1,1,0,1,1,1,1,0,0,1,0,0,0,1,0,0,0,0,1
1194,15.053884789007542,2018,Defender,27,1.8,1,881,14.508657738524219,28,3,3,0,4,1,0,0,0.0,0.0,0.0,8.0,2.0,0,0,0,1,1,0,1,1,1,1,0,0,1,0,0,0,0,0,1,0,0,0
1195,18.064005800013632,2019,Midfielder,23,1.91,0,1457,18.197537192638155,47,3,1,0,5,0,1,0,9.0,0.0,0.0,4.0,0.0,0,0,1,0,1,0,1,1,1,1,0,0,1,0,0,1,1,0,0,0,0,0
1196,17.98989782785991,2019,Defender,25,1.82,0,1423,17.822843743196746,34,1,5,0,6,0,1,0,7.0,0.0,2.0,12.0,3.0,0,0,1,0,1,0,1,1,1,1,0,0,1,0,0,1,1,0,0,0,0,0
1197,16.300417207752275,2019,Defender,22,1.71,0,1458,16.588099280204055,40,1,10,0,4,0,1,0,6.0,0.0,1.0,0.0,0.0,0,0,0,0,1,0,1,1,1,1,0,0,0,0,0,1,1,0,0,0,0,0
1198,16.300417207752275,2019,Defender,19,1.73,0,1422,16.11809565095832,34,1,4,0,5,0,0,0,0.0,0.0,0.0,0.0,0.0,0,0,0,0,1,0,1,1,1,1,0,0,1,0,0,1,1,0,0,0,0,0
1199,15.735370029819645,2019,Goalkeeper,24,1.91,0,0,15.424948470398375,13,0,0,0,0,0,0,0,0.0,0.0,0.0,16.0,0.0,0,0,0,0,0,0,1,1,1,1,0,0,1,0,0,1,0,0,1,0,0,0
1200,13.815510557964274,2019,Forward,21,1.71,0,176,13.122363377404328,12,3,0,0,0,0,0,0,0.0,0.0,0.0,0.0,0.0,0,0,0,0,0,0,1,1,1,1,0,0,1,0,0,1,0,0,0,0,1,0
1201,17.4264284706085,2019,Defender,28,1.84,0,1789,16.811242831518264,22,1,1,0,4,0,1,0,2.0,0.0,0.0,17.0,1.0,0,1,1,1,1,0,0,1,0,1,0,0,1,0,1,0,0,0,0,1,0,0
1202,16.636889444373487,2019,Midfielder,21,1.77,0,1071,14.73180128983843,29,0,0,0,7,0,0,0,0.0,0.0,0.0,1.0,0.0,0,1,1,1,1,0,1,1,1,1,0,0,1,0,1,0,0,0,0,1,0,0
1203,16.06680235657077,2019,Midfielder,29,1.74,0,351,16.523560759066484,20,0,1,0,1,1,1,0,6.0,0.0,0.0,20.0,0.0,1,1,1,1,1,0,1,1,1,1,0,0,0,0,1,0,1,0,0,0,0,1
1204,15.201804919084164,2019,Midfielder,21,1.69,0,347,15.424948470398375,34,2,4,0,3,1,0,0,0.0,0.0,0.0,0.0,0.0,0,1,1,1,1,0,0,0,0,1,0,0,1,0,1,0,1,0,0,0,0,1
1205,14.346138809026444,2019,Defender,25,1.93,0,355,13.592367006650065,37,2,0,0,10,1,0,0,6.0,1.0,0.0,0.0,0.0,0,1,1,1,1,0,0,0,0,0,1,0,0,0,1,0,1,0,0,0,0,0
1206,15.955576721460545,2019,Forward,24,1.72,1,546,16.34123920227253,20,7,8,0,1,0,1,0,6.0,2.0,3.0,18.0,6.0,0,0,0,0,1,0,1,1,1,1,0,0,1,0,0,1,0,0,0,0,1,0
1207,14.457364444136669,2019,Defender,17,1.92,0,365,14.508657738524219,15,0,0,0,0,0,0,0,0.0,0.0,0.0,0.0,0.0,0,0,0,0,1,0,1,1,1,1,0,0,1,0,0,1,1,0,0,0,0,0
1208,17.038378404102012,2019,Forward,26,1.77,0,365,16.523560759066484,25,8,3,3,1,0,0,0,0.0,0.0,0.0,1.0,0.0,1,1,1,1,1,0,1,1,1,1,0,0,1,0,1,0,1,0,0,0,0,1
1209,15.789591583986283,2019,Forward,22,1.76,0,1032,14.375126345899696,30,6,5,0,2,0,0,1,3.0,0.0,0.0,0.0,0.0,1,1,1,1,1,0,0,0,0,1,0,0,1,0,1,0,1,0,0,0,0,1
1210,15.761420707019587,2019,Goalkeeper,31,1.93,0,695,15.89495209964411,2,0,0,0,0,0,0,0,0.0,0.0,0.0,14.0,0.0,0,1,1,1,1,0,0,0,0,1,0,0,1,0,1,0,1,0,0,0,0,0
1211,17.622173047734595,2019,Midfielder,25,1.77,0,730,17.37085861945369,51,0,2,0,5,0,0,1,12.0,0.0,0.0,50.0,1.0,0,0,1,0,1,0,1,1,1,1,0,0,1,0,0,1,1,0,0,0,0,0
1212,18.60964684346499,2019,Forward,28,1.75,0,365,18.82614585206053,52,21,17,5,2,0,0,1,8.0,2.0,2.0,78.0,25.0,0,1,1,1,1,0,0,1,0,1,0,0,1,0,1,0,1,0,0,0,0,0
1213,16.0978929436408,2019,Defender,22,1.84,0,730,16.11809565095832,32,1,3,0,6,1,0,0,0.0,0.0,0.0,14.0,0.0,0,1,1,1,1,0,0,1,0,1,0,0,1,0,1,0,0,1,0,0,0,1
1214,16.012735135300492,2019,Defender,26,1.84,0,730,15.201804919084164,41,0,0,0,4,0,0,0,0.0,0.0,0.0,16.0,1.0,0,1,1,1,1,0,0,0,1,1,0,0,1,0,1,0,1,0,0,0,0,0
1215,15.978833583624812,2019,Defender,32,1.89,0,691,16.811242831518264,50,3,2,0,5,0,0,1,6.0,0.0,0.0,28.0,3.0,0,1,1,1,1,0,1,1,1,1,0,0,1,0,1,1,0,0,0,1,0,0
1216,15.590462908875947,2019,Defender,27,1.93,1,181,14.914122846632385,2,0,0,0,0,0,0,0,0.0,0.0,0.0,27.0,0.0,0,1,1,1,1,0,0,0,1,1,0,0,1,0,1,0,0,0,1,0,0,1
1217,15.424948470398375,2019,Defender,25,1.85,0,322,15.424948470398375,31,0,0,0,8,0,0,0,0.0,0.0,0.0,43.0,1.0,0,1,1,1,1,0,0,1,0,1,0,0,1,0,1,0,0,1,0,0,0,0
1218,17.942644943009366,2019,Midfielder,22,1.81,0,1459,17.98989782785991,49,3,8,0,3,0,1,0,8.0,2.0,0.0,5.0,0.0,0,0,1,0,1,0,1,1,1,1,0,0,1,0,0,1,1,0,0,0,0,0
1219,17.216707939626428,2019,Forward,22,1.71,1,1248,17.37085861945369,21,5,10,1,4,0,0,1,5.0,0.0,0.0,5.0,0.0,0,0,0,0,1,0,1,1,1,1,0,0,1,0,0,1,1,0,0,0,0,0
1220,17.111347423968603,2019,Defender,19,1.78,0,327,17.37085861945369,38,2,6,0,1,0,0,0,0.0,0.0,0.0,0.0,0.0,1,0,0,1,1,0,1,1,1,1,0,0,0,0,0,1,1,0,0,0,0,1
1221,16.213405830762646,2019,Forward,18,1.81,0,729,15.60727002719233,23,2,2,0,1,0,0,0,0.0,0.0,0.0,0.0,0.0,1,0,0,1,1,0,1,1,1,1,0,0,1,0,0,1,1,0,0,0,0,1
1222,17.111347423968603,2019,Midfielder,27,1.82,1,154,18.31532022829454,28,3,3,0,5,0,1,0,5.0,1.0,1.0,64.0,19.0,0,1,1,1,1,0,0,1,0,1,0,0,1,0,1,0,1,0,0,0,0,0
1223,16.90655301132259,2019,Defender,28,1.73,0,1079,17.37085861945369,38,1,5,0,3,0,1,0,8.0,0.0,2.0,16.0,1.0,1,1,1,1,1,0,0,1,0,1,0,0,1,0,1,0,1,0,0,0,0,1
1224,16.012735135300492,2019,Forward,25,1.85,0,343,15.89495209964411,5,1,0,0,0,0,0,0,0.0,0.0,0.0,17.0,7.0,0,1,1,1,1,0,0,0,0,0,0,0,0,0,1,0,1,0,0,0,0,0
1225,15.319587954740548,2019,Forward,24,1.72,0,678,15.424948470398375,6,0,1,0,0,0,0,0,0.0,0.0,0.0,0.0,0.0,0,1,1,1,1,0,0,0,0,1,0,0,1,0,1,0,0,1,0,0,0,0
1226,18.197537192638155,2019,Forward,24,1.83,0,1064,17.98989782785991,41,23,12,9,1,0,0,0,0.0,0.0,0.0,15.0,5.0,0,0,1,0,1,0,1,1,1,1,0,0,0,0,0,1,0,1,0,0,0,0
1227,17.216707939626428,2019,Defender,18,1.92,0,1436,16.300417207752275,19,0,0,0,1,0,0,0,0.0,0.0,0.0,0.0,0.0,0,0,1,0,1,0,1,1,1,1,0,0,1,0,0,1,1,0,0,0,0,0
1228,17.111347423968603,2019,Defender,22,1.8,0,1392,16.34123920227253,27,1,5,0,1,0,0,1,6.0,1.0,0.0,12.0,0.0,0,0,0,0,1,0,1,1,1,1,0,0,0,0,0,1,1,0,0,0,0,0
1229,17.22995316637645,2019,Forward,23,1.83,0,1057,17.034386382832476,51,6,8,0,0,0,0,1,11.0,2.0,2.0,38.0,6.0,0,1,1,1,1,0,1,1,1,1,0,0,1,0,1,0,0,1,0,0,0,1
1230,15.919644590283255,2019,Defender,21,1.92,0,698,14.508657738524219,32,4,2,0,12,0,0,0,0.0,0.0,0.0,0.0,0.0,0,1,1,1,1,0,0,0,1,1,0,0,1,0,1,0,1,0,0,0,0,1
1231,15.424948470398375,2019,Defender,33,1.86,0,329,15.89495209964411,30,3,0,0,2,0,0,1,10.0,0.0,0.0,43.0,1.0,0,1,1,1,1,0,0,1,0,1,0,0,1,0,1,0,1,0,0,0,0,0
1232,15.068273526459642,2019,Goalkeeper,30,1.83,0,362,15.201804919084164,24,0,0,0,1,0,1,0,6.0,0.0,0.0,71.0,0.0,0,1,1,1,1,0,0,1,0,1,0,0,1,0,1,0,0,0,0,1,0,0
1233,14.603967918328545,2019,Defender,27,1.85,0,328,14.508657738524219,9,1,0,0,1,0,0,1,3.0,0.0,0.0,0.0,0.0,1,1,1,1,1,0,0,0,1,1,0,0,1,0,1,0,1,0,0,0,0,1
1234,13.815510557964274,2019,Forward,24,1.73,0,333,14.22097566607244,15,1,0,0,0,0,0,0,0.0,0.0,0.0,14.0,2.0,0,1,1,1,1,0,0,0,0,1,0,0,1,0,1,0,0,0,0,0,1,0
1235,12.429216196844383,2019,Defender,33,1.79,0,304,15.89495209964411,36,1,5,0,5,0,0,1,12.0,0.0,1.0,10.0,1.0,0,1,1,1,1,0,0,1,0,1,0,0,0,0,1,0,1,0,0,0,0,0
1236,18.28141867661886,2019,Defender,26,1.94,0,1425,17.72753356339242,32,3,0,0,6,1,0,0,0.0,0.0,0.0,18.0,1.0,1,1,1,1,1,0,1,1,1,1,0,0,1,0,0,1,1,0,0,0,0,1
1237,17.98989782785991,2019,Midfielder,25,1.79,1,1248,17.909855120186375,22,13,10,6,8,1,0,1,5.0,5.0,3.0,13.0,1.0,0,0,0,0,1,0,1,1,1,1,0,0,1,0,0,1,1,0,0,0,0,0
1238,17.822843743196746,2019,Defender,21,1.83,0,1095,17.37085861945369,39,0,3,0,4,1,0,0,0.0,0.0,0.0,0.0,0.0,1,1,1,1,1,0,1,1,1,1,0,0,1,0,0,1,1,0,0,0,0,1
1239,16.694709015262312,2019,Forward,21,1.71,0,365,16.300417207752275,38,5,8,0,2,0,0,0,0.0,0.0,0.0,2.0,1.0,0,0,0,1,1,0,1,1,1,1,0,0,1,0,0,1,1,0,0,0,0,1
1240,18.119575651168443,2019,Forward,26,1.91,0,1057,18.132998671500584,45,15,3,0,5,0,1,0,9.0,2.0,1.0,63.0,42.0,0,1,1,1,1,0,0,1,0,1,0,0,0,0,1,0,1,0,0,0,0,0
1241,14.723769118141165,2019,Defender,29,1.83,0,302,16.11809565095832,7,0,0,0,0,0,0,0,0.0,0.0,0.0,36.0,1.0,0,1,1,1,1,0,0,1,0,1,0,0,1,0,1,0,1,0,0,0,0,0
1242,14.346138809026444,2019,Defender,34,1.75,1,165,15.201804919084164,18,1,1,0,8,0,0,1,3.0,1.0,1.0,24.0,4.0,1,1,1,1,1,0,0,1,0,1,0,0,0,1,1,0,1,0,0,0,0,1
1243,17.45309671769066,2019,Forward,28,1.87,0,730,17.37085861945369,44,17,7,2,4,0,0,0,0.0,0.0,0.0,63.0,18.0,0,0,0,0,1,0,1,1,1,1,0,0,1,0,0,0,0,0,1,0,0,0
1244,16.791040124200745,2019,Forward,24,1.7,1,1247,15.60727002719233,21,4,2,0,3,0,1,0,6.0,1.0,0.0,0.0,0.0,0,0,0,0,1,0,1,1,1,1,0,0,1,0,0,0,1,0,0,0,0,0
1245,16.70588231586044,2019,Forward,21,1.83,0,1431,17.14771506813948,43,9,2,0,2,0,0,1,5.0,4.0,0.0,1.0,0.0,0,0,1,0,1,0,1,1,1,1,0,0,1,0,0,0,1,0,0,0,0,0
1246,16.70031127081098,2019,Forward,19,1.74,0,1063,14.73180128983843,5,0,0,0,1,0,0,0,0.0,0.0,0.0,0.0,0.0,0,0,1,0,1,0,1,1,1,1,0,0,0,0,0,0,1,0,0,0,0,0
1247,16.440179150127435,2019,Midfielder,24,1.88,0,730,16.70588231586044,26,2,0,0,1,0,0,0,0.0,0.0,0.0,6.0,0.0,0,0,0,0,1,0,1,1,1,1,0,0,1,0,0,0,1,0,0,0,0,0
1248,16.00156183470237,2019,Midfielder,20,1.8,0,1063,13.815510557964274,3,0,0,0,0,0,0,0,0.0,0.0,0.0,0.0,0.0,0,0,1,0,1,0,1,1,1,1,0,0,1,0,0,0,1,0,0,0,0,0
1249,15.03928598958639,2019,Defender,23,1.91,0,730,13.815510557964274,13,1,0,0,5,0,0,0,0.0,0.0,0.0,0.0,0.0,1,1,1,1,1,0,1,1,1,1,0,0,0,0,0,0,1,0,0,0,0,1
1250,17.1296965626368,2019,Forward,19,1.83,0,331,17.50439001207821,17,7,0,0,2,0,1,0,3.0,0.0,0.0,1.0,0.0,0,0,1,0,1,0,1,1,1,1,0,0,1,0,0,0,1,0,0,0,0,0
1251,17.034386382832476,2019,Midfielder,25,1.9,0,730,17.14771506813948,29,1,2,0,7,0,0,0,0.0,0.0,0.0,29.0,0.0,0,0,1,0,1,0,1,1,1,1,0,0,1,0,0,0,1,0,0,0,0,0
1252,17.034386382832476,2019,Midfielder,23,1.86,0,1428,17.14771506813948,33,2,1,0,3,0,0,0,0.0,0.0,0.0,12.0,0.0,0,0,1,0,1,0,1,1,1,1,0,0,1,0,0,0,0,1,0,0,0,0
1253,17.216707939626428,2019,Midfielder,29,1.74,0,1066,17.034386382832476,35,0,2,0,7,0,0,0,0.0,0.0,0.0,59.0,3.0,0,1,1,1,1,0,0,1,0,1,0,0,1,0,0,0,0,1,0,0,0,0
1254,16.951004773893423,2019,Midfielder,21,1.79,0,1095,16.811242831518264,31,8,7,2,3,1,1,0,6.0,3.0,2.0,5.0,0.0,0,1,1,1,1,0,0,0,0,1,0,0,1,0,0,0,1,0,0,0,0,0
1255,16.70588231586044,2019,Forward,21,1.74,0,706,16.811242831518264,24,1,2,0,0,0,0,0,0.0,0.0,0.0,0.0,0.0,0,1,1,1,1,0,0,1,0,1,0,0,1,0,0,0,0,1,0,0,0,1
1256,16.41820024340866,2019,Forward,22,1.75,0,1053,16.38045991542581,38,14,3,0,7,0,1,1,7.0,0.0,0.0,12.0,2.0,0,1,1,1,1,0,0,1,0,1,0,0,1,0,0,0,0,1,0,0,0,0
1257,15.009433026436708,2019,Midfielder,28,1.8,0,327,15.424948470398375,2,0,0,0,0,0,0,0,0.0,0.0,0.0,29.0,0.0,0,1,1,1,1,0,1,1,1,1,0,0,1,0,0,0,1,0,0,0,0,1
1258,17.622173047734595,2019,Midfielder,22,1.77,0,1088,17.45309671769066,43,8,6,1,11,0,1,0,6.0,0.0,0.0,19.0,0.0,0,0,1,0,1,0,1,1,1,1,0,0,1,0,0,0,1,0,0,0,0,0
1259,17.32406645794693,2019,Forward,25,1.78,0,727,16.811242831518264,41,13,3,0,3,0,0,0,0.0,0.0,0.0,0.0,0.0,0,1,1,1,1,0,1,1,1,1,0,0,1,0,0,0,1,0,0,0,0,0
1260,16.77042083699801,2019,Midfielder,25,1.81,0,692,16.99356438831222,37,2,3,0,7,0,0,0,0.0,0.0,0.0,2.0,0.0,0,0,1,0,1,0,1,1,1,1,0,0,1,0,0,0,1,0,0,0,0,0
1261,14.22097566607244,2019,Defender,24,1.8,0,327,12.429216196844383,15,1,0,0,0,0,0,0,0.0,0.0,0.0,0.0,0.0,0,1,1,1,1,0,0,0,1,1,0,0,0,0,0,0,0,0,0,0,0,1
1262,17.72753356339242,2019,Forward,25,1.9,0,714,17.50439001207821,41,20,10,4,5,0,0,1,10.0,5.0,1.0,0.0,0.0,0,0,1,0,1,0,1,1,1,1,0,0,1,0,0,0,0,1,0,0,0,0
1263,17.14771506813948,2019,Midfielder,23,1.78,0,1095,17.034386382832476,50,5,6,0,5,0,0,1,12.0,3.0,3.0,2.0,0.0,0,0,1,0,1,0,1,1,1,1,0,0,1,0,0,0,1,0,0,0,0,0
1264,16.874217630679652,2019,Forward,23,1.76,1,151,16.11809565095832,32,17,6,0,5,0,0,0,0.0,0.0,0.0,0.0,0.0,1,0,0,1,1,0,1,1,1,1,0,0,0,0,0,0,1,0,0,0,0,1
1265,16.240313283682568,2019,Forward,22,1.81,0,1057,15.761420707019587,32,14,6,0,5,0,0,0,0.0,0.0,0.0,5.0,1.0,0,0,0,0,1,0,1,1,1,1,0,0,1,0,0,0,1,0,0,0,0,0
1266,15.363073066680286,2019,Goalkeeper,32,1.87,1,532,15.319587954740548,14,0,0,0,1,0,0,0,0.0,0.0,0.0,32.0,0.0,0,0,0,1,1,0,1,1,1,1,0,0,1,0,0,0,1,0,0,0,0,1
1267,17.034386382832476,2019,Forward,30,1.9,0,1453,17.37085861945369,30,11,4,1,3,0,0,0,0.0,0.0,0.0,63.0,17.0,0,1,1,1,1,0,0,0,0,0,0,0,0,1,0,0,1,0,0,0,0,0
1268,15.86320340132953,2019,Forward,31,1.75,0,302,16.300417207752275,28,8,1,0,2,0,0,0,0.0,0.0,0.0,69.0,25.0,0,1,1,1,1,0,0,1,0,1,0,0,1,0,0,0,0,0,1,0,0,0
1269,15.86320340132953,2019,Midfielder,27,1.86,0,1072,15.761420707019587,29,0,1,0,1,0,0,0,0.0,0.0,0.0,3.0,1.0,0,1,1,1,1,0,0,1,0,1,0,0,1,0,0,0,0,1,0,0,0,0
1270,15.830413578506539,2019,Midfielder,23,1.87,0,365,15.89495209964411,33,2,1,0,9,1,0,0,0.0,0.0,0.0,10.0,0.0,0,1,1,1,1,0,0,1,0,1,0,0,1,0,0,0,1,0,0,0,0,0
1271,14.77102200299171,2019,Forward,21,1.74,0,748,13.815510557964274,2,0,0,0,1,0,0,0,0.0,0.0,0.0,6.0,1.0,0,1,1,1,1,0,0,0,0,1,0,0,1,0,0,0,1,0,0,0,0,0
1272,14.648419680899378,2019,Forward,30,1.8,0,730,15.201804919084164,19,6,0,0,0,0,0,0,0.0,0.0,0.0,0.0,0.0,0,1,1,1,1,0,0,1,0,1,0,0,0,0,0,0,1,0,0,0,0,0
1273,14.508657738524219,2019,Defender,20,1.9,0,698,15.201804919084164,22,3,2,0,4,1,0,0,0.0,0.0,0.0,0.0,0.0,1,1,1,1,1,0,0,1,0,1,0,0,1,0,0,0,1,0,0,0,0,1
1274,13.62918097977278,2019,Defender,25,1.83,0,350,15.068273526459642,8,0,1,0,4,0,0,0,0.0,0.0,0.0,0.0,0.0,1,1,1,1,1,0,1,1,1,1,0,0,1,0,0,0,1,0,0,0,0,1
1275,17.216707939626428,2019,Forward,21,1.85,0,692,17.216707939626428,50,13,9,1,7,0,0,1,9.0,4.0,2.0,27.0,4.0,0,0,1,0,1,0,1,1,1,1,0,0,1,0,0,0,0,1,0,0,0,0
1276,16.25785759333348,2019,Forward,18,1.82,1,546,16.811242831518264,29,7,2,0,1,0,0,0,4.0,3.0,1.0,0.0,0.0,0,0,0,0,0,1,1,1,1,1,0,0,1,0,0,0,0,0,0,1,0,0
1277,15.955576721460545,2019,Forward,24,1.8,1,1263,15.89495209964411,14,1,0,0,1,0,0,0,0.0,0.0,0.0,0.0,0.0,0,0,1,0,1,0,1,1,1,1,0,0,1,0,0,0,0,0,0,1,0,0
1278,15.60727002719233,2019,Defender,29,1.88,0,365,15.60727002719233,43,2,2,0,10,0,0,0,0.0,0.0,0.0,0.0,0.0,1,0,0,1,1,0,1,1,1,1,0,0,1,0,0,0,1,0,0,0,0,1
1279,16.811242831518264,2019,Forward,21,1.87,0,1064,16.70588231586044,34,14,4,4,6,0,0,0,0.0,0.0,0.0,1.0,0.0,0,1,1,1,1,0,0,1,0,1,0,0,0,0,0,0,1,0,0,0,0,0
1280,14.845129975145433,2019,Forward,27,1.82,0,341,15.89495209964411,25,2,2,0,3,0,0,0,0.0,0.0,0.0,46.0,13.0,0,0,0,1,1,0,1,1,1,1,0,0,1,0,0,0,0,1,0,0,0,0
1281,17.588271496058912,2019,Midfielder,22,1.86,0,1073,17.37085861945369,35,11,7,0,7,0,1,0,5.0,1.0,1.0,0.0,0.0,0,0,1,0,1,0,1,1,1,1,0,0,1,0,0,0,0,0,0,1,0,0
1282,16.70588231586044,2019,Forward,22,1.73,0,1063,17.034386382832476,36,6,3,1,2,0,0,0,0.0,0.0,0.0,0.0,0.0,0,0,1,0,1,0,1,1,1,1,0,0,1,0,0,0,1,0,0,0,0,0
1283,15.501909511534503,2019,Defender,25,1.84,0,1057,14.73180128983843,36,1,1,0,2,0,0,0,0.0,0.0,0.0,18.0,0.0,0,0,1,0,1,0,1,1,1,1,0,0,1,0,0,0,1,0,0,0,0,0
1284,14.621986423831222,2019,Forward,29,1.91,0,351,15.201804919084164,20,3,1,0,2,0,0,0,0.0,0.0,0.0,0.0,0.0,0,1,1,1,1,0,0,1,0,1,0,0,1,0,0,0,1,0,0,0,0,0
1285,16.61887093887081,2019,Midfielder,23,1.93,0,337,15.761420707019587,27,2,0,0,7,0,0,0,0.0,0.0,0.0,0.0,0.0,0,0,0,1,1,0,1,1,1,1,0,0,0,0,0,0,1,0,0,0,0,1
1286,16.616443753213197,2019,Forward,22,1.78,0,1064,16.300417207752275,22,6,3,0,0,0,1,0,2.0,1.0,0.0,2.0,1.0,0,0,0,0,1,0,1,1,1,1,0,0,1,0,0,0,1,0,0,0,0,0
1287,16.510137738734343,2019,Defender,20,1.89,0,730,16.012735135300492,34,1,0,0,5,0,0,0,0.0,0.0,0.0,0.0,0.0,1,0,0,1,1,0,1,1,1,1,0,0,0,0,0,0,1,0,0,0,0,1
1288,16.920097236430347,2019,Defender,26,1.96,0,1088,15.424948470398375,22,2,0,0,4,1,0,0,0.0,0.0,0.0,0.0,0.0,1,1,1,1,1,0,1,1,1,1,0,0,0,0,0,0,1,0,0,0,0,1
1289,16.222455666282563,2019,Forward,23,1.86,0,345,15.068273526459642,28,2,0,0,1,0,0,0,0.0,0.0,0.0,0.0,0.0,0,1,1,1,1,0,1,1,1,1,0,0,1,0,0,0,1,0,0,0,0,0
1290,13.9108207377686,2019,Forward,22,1.75,0,722,13.527828485512494,32,2,4,0,0,0,0,0,0.0,0.0,0.0,0.0,0.0,1,1,1,1,1,0,0,0,1,1,0,0,0,0,0,0,1,0,0,0,0,1
1291,16.11809565095832,2019,Midfielder,24,1.79,1,517,15.319587954740548,29,5,2,0,4,0,0,0,0.0,0.0,0.0,0.0,0.0,1,0,0,1,1,0,1,1,1,1,0,0,1,0,0,0,1,0,0,0,0,1
1292,16.11809565095832,2019,Forward,29,1.85,0,722,16.11809565095832,46,22,5,8,5,1,0,0,0.0,0.0,0.0,0.0,0.0,1,0,0,1,1,0,1,1,1,1,0,0,1,0,0,0,1,0,0,0,0,1
1293,14.827111469642754,2019,Goalkeeper,22,1.94,0,333,14.22097566607244,29,0,0,0,1,0,0,0,0.0,0.0,0.0,6.0,0.0,0,0,0,1,1,0,1,1,1,1,0,0,0,0,0,0,1,0,0,0,0,1
1294,13.9108207377686,2019,Defender,30,1.83,0,358,15.424948470398375,38,3,3,0,5,0,0,0,0.0,0.0,0.0,10.0,0.0,0,0,0,1,1,0,1,1,1,1,0,0,0,0,0,0,1,0,0,0,0,0
1295,15.990262279448435,2019,Goalkeeper,33,1.88,0,334,14.914122846632385,20,0,0,0,3,0,0,0,0.0,0.0,0.0,3.0,0.0,1,1,1,1,1,0,1,1,1,1,0,0,1,0,0,0,1,0,0,0,0,1
1296,15.373655176010823,2019,Forward,29,1.7,1,0,15.201804919084164,29,15,3,0,5,0,0,0,0.0,0.0,0.0,11.0,7.0,0,1,1,1,1,0,0,0,1,1,0,0,1,0,0,0,0,0,1,0,0,0
1297,16.630919277386983,2019,Forward,22,1.79,0,1095,15.761420707019587,48,22,4,1,5,0,0,0,0.0,0.0,0.0,0.0,0.0,0,0,0,1,1,0,1,1,1,1,0,0,1,0,0,0,1,0,0,0,0,1
1298,16.569171270318538,2019,Forward,21,1.77,0,0,16.300417207752275,37,11,2,0,11,1,0,1,5.0,3.0,0.0,13.0,1.0,0,0,0,0,1,0,1,1,1,1,0,0,1,0,0,0,0,1,0,0,0,0
1299,16.556350581889475,2019,Defender,23,1.83,0,1095,15.761420707019587,21,1,3,0,2,0,0,0,0.0,0.0,0.0,0.0,0.0,1,1,1,1,1,0,1,1,1,1,0,0,0,0,0,0,1,0,0,0,0,1
1300,15.687312734865866,2019,Forward,23,1.93,0,718,14.914122846632385,8,0,0,0,0,0,0,0,0.0,0.0,0.0,0.0,0.0,1,1,1,1,1,0,0,0,1,1,0,0,1,0,0,0,1,0,0,0,0,1
1301,15.27412558066379,2019,Forward,30,1.88,0,327,15.89495209964411,27,3,3,0,1,0,0,0,0.0,0.0,0.0,0.0,0.0,1,1,1,1,1,0,0,0,1,1,0,0,1,0,0,0,1,0,0,0,0,1
1302,16.91650334217576,2019,Defender,24,1.9,0,1062,16.012735135300492,47,3,0,0,5,0,0,0,0.0,0.0,0.0,0.0,0.0,1,0,0,1,1,0,1,1,1,1,0,0,1,0,0,0,1,0,0,0,0,1
1303,16.56021407671452,2019,Forward,22,1.71,0,695,16.300417207752275,49,28,9,5,9,0,0,0,0.0,0.0,0.0,0.0,0.0,0,0,0,1,1,0,1,1,1,1,0,0,1,0,0,0,1,0,0,0,0,0
1304,16.56021407671452,2019,Forward,24,1.72,0,730,16.588099280204055,40,17,8,1,0,0,0,1,6.0,3.0,1.0,0.0,0.0,0,0,0,0,1,0,1,1,1,1,0,0,1,0,0,0,1,0,0,0,0,0
1305,15.176487111099874,2019,Defender,22,1.85,0,365,12.206072645530174,52,3,0,0,5,0,0,0,0.0,0.0,0.0,0.0,0.0,1,0,0,1,1,0,1,1,1,1,0,0,0,0,0,0,1,0,0,0,0,1
1306,15.009433026436708,2019,Midfielder,29,1.74,1,888,16.300417207752275,1,0,0,0,0,0,0,0,0.0,0.0,0.0,34.0,2.0,0,0,0,1,1,0,1,1,1,1,0,0,1,0,0,0,0,0,0,0,0,0
1307,14.403297222866392,2019,Defender,23,1.85,0,0,14.346138809026444,23,0,0,0,5,0,0,0,0.0,0.0,0.0,0.0,0.0,0,1,1,1,1,0,0,1,0,1,0,0,1,0,0,0,1,0,0,0,0,0
1308,13.815510557964274,2019,Forward,21,1.74,1,906,13.304684934198283,13,1,2,0,0,0,0,0,0.0,0.0,0.0,0.0,0.0,0,1,1,1,1,0,0,0,0,1,0,0,0,0,0,0,1,0,0,0,0,0
1309,13.122363377404328,2019,Defender,31,1.83,1,152,14.508657738524219,7,0,0,0,0,0,0,0,0.0,0.0,0.0,7.0,0.0,0,1,1,1,1,0,0,0,1,1,0,0,0,0,0,0,0,1,0,0,0,0
1310,13.122363377404328,2019,Midfielder,29,1.78,1,169,14.914122846632385,9,0,0,0,0,0,0,0,0.0,0.0,0.0,0.0,0.0,0,0,1,0,1,0,1,1,1,1,0,0,1,0,0,0,1,0,0,0,0,0
1311,13.815510557964274,2019,Defender,26,1.93,0,365,13.815510557964274,27,2,1,0,3,0,0,0,0.0,0.0,0.0,0.0,0.0,0,1,1,1,1,0,0,0,0,1,0,0,1,0,0,0,1,0,0,0,0,0
1312,13.815510557964274,2019,Forward,27,1.86,0,346,15.068273526459642,13,5,0,1,2,0,0,0,0.0,0.0,0.0,9.0,1.0,0,1,1,1,1,0,0,0,0,1,0,0,1,0,0,0,1,0,0,0,0,0
1313,12.206072645530174,2019,Forward,25,1.9,1,539,13.815510557964274,9,1,0,0,0,0,0,0,0.0,0.0,0.0,0.0,0.0,0,1,1,1,1,0,0,1,0,1,0,0,1,0,0,0,1,0,0,0,0,0
1314,17.034386382832476,2019,Midfielder,21,1.95,1,517,16.90655301132259,29,4,0,0,2,0,1,0,6.0,0.0,0.0,12.0,0.0,0,0,0,0,1,0,1,1,1,1,0,0,1,0,0,0,1,0,0,0,0,0
1315,16.76519889301686,2019,Forward,23,1.88,0,0,15.89495209964411,44,24,4,3,5,0,0,0,0.0,0.0,0.0,6.0,0.0,0,0,0,1,1,0,1,1,1,1,0,0,1,0,0,0,1,0,0,0,0,1
1316,15.86963429165982,2019,Forward,24,1.78,0,354,15.319587954740548,28,13,4,0,1,0,0,0,0.0,0.0,0.0,7.0,1.0,0,0,0,1,1,0,1,1,1,1,0,0,1,0,0,0,1,0,0,0,0,1
1317,15.538277155705378,2019,Midfielder,27,1.76,0,728,15.068273526459642,48,8,8,0,3,0,0,0,0.0,0.0,0.0,0.0,0.0,1,0,0,1,1,0,1,1,1,1,0,0,0,0,0,0,1,0,0,0,0,1
1318,15.176487111099874,2019,Midfielder,24,1.76,0,340,14.914122846632385,44,2,5,0,3,0,0,0,0.0,0.0,0.0,0.0,0.0,1,0,0,1,1,0,1,1,1,1,0,0,0,0,0,0,1,0,0,0,0,1
1319,12.206072645530174,2019,Defender,32,1.91,1,172,13.815510557964274,3,1,0,0,1,0,0,0,0.0,0.0,0.0,0.0,0.0,1,1,1,1,1,0,0,0,1,1,0,0,1,0,0,0,1,0,0,0,0,1
1320,11.918390573078392,2019,Forward,30,1.83,0,329,12.765688433465597,41,18,3,5,10,1,0,0,0.0,0.0,0.0,6.0,0.0,0,1,1,1,1,0,0,0,1,1,0,0,1,0,0,0,1,0,0,0,0,1
1321,17.72753356339242,2020,Midfielder,27,1.85,0,998,17.50439001207821,46,4,1,0,16,0,1,0,8.0,1.0,1.0,26.0,8.0,0,0,1,0,1,0,1,1,1,1,0,0,1,0,0,1,0,1,0,0,0,0
1322,17.073607095985757,2020,Defender,22,1.9,0,1032,16.811242831518264,34,1,0,0,6,0,1,0,6.0,0.0,0.0,0.0,0.0,0,0,1,0,1,0,1,1,1,1,0,0,0,0,0,1,0,0,0,1,0,0
1323,15.60727002719233,2020,Defender,26,1.93,0,913,15.38412647587812,5,0,0,0,0,0,0,0,0.0,0.0,0.0,0.0,0.0,0,0,0,0,0,1,1,1,1,1,0,0,0,0,0,1,1,0,0,0,0,0
1324,14.508657738524219,2020,Goalkeeper,25,1.86,0,647,13.997832114758229,14,0,0,0,0,0,0,0,0.0,0.0,0.0,6.0,0.0,0,0,1,0,1,0,1,1,1,1,0,0,1,0,0,1,1,0,0,0,0,0
1325,16.671980764184756,2020,Goalkeeper,28,1.95,0,652,15.89495209964411,23,0,0,0,2,0,0,1,6.0,0.0,0.0,0.0,0.0,0,1,1,1,1,0,1,1,1,1,0,0,1,0,1,0,0,0,0,1,0,1
1326,17.341871082580436,2020,Forward,24,1.8,0,1024,16.300417207752275,47,25,3,0,4,0,0,0,0.0,0.0,0.0,0.0,0.0,1,0,0,1,1,0,1,1,1,1,0,0,1,0,0,0,1,0,0,0,0,1
1327,16.727861222579214,2020,Forward,25,1.81,0,649,16.06680235657077,35,4,5,0,7,0,1,0,5.0,1.0,0.0,46.0,9.0,0,0,1,0,1,0,1,1,1,1,0,0,0,0,0,0,0,1,0,0,0,0
1328,16.575520497997196,2020,Midfielder,26,1.8,1,520,16.811242831518264,19,2,3,0,3,0,1,0,6.0,0.0,0.0,0.0,0.0,0,0,1,0,1,0,1,1,1,1,0,0,1,0,0,0,1,0,0,0,0,0
1329,16.572350923235916,2020,Defender,23,1.85,0,1030,15.38412647587812,45,3,5,0,7,0,0,0,0.0,0.0,0.0,0.0,0.0,0,0,0,1,1,0,1,1,1,1,0,0,1,0,0,0,1,0,0,0,0,1
1330,14.834357878163521,2020,Forward,28,1.8,0,287,14.978661367769956,35,11,1,0,0,0,0,0,0.0,0.0,0.0,4.0,0.0,0,1,1,1,1,0,0,0,1,1,0,0,1,0,0,0,1,0,0,0,0,1
1331,17.15483253590834,2020,Midfielder,19,1.78,1,1429,15.424948470398375,28,6,2,0,2,0,0,0,6.0,2.0,1.0,0.0,0.0,0,0,0,0,0,1,1,1,1,1,0,0,1,0,0,0,0,0,0,1,0,0
1332,16.213405830762646,2020,Midfielder,21,1.91,0,999,14.914122846632385,26,5,4,1,5,0,0,0,0.0,0.0,0.0,6.0,1.0,0,0,0,0,1,0,1,1,1,1,0,0,1,0,0,0,1,0,0,0,0,0
1333,15.176487111099874,2020,Midfielder,19,1.75,0,1365,15.60727002719233,28,0,5,0,3,0,0,0,0.0,0.0,0.0,3.0,0.0,0,0,0,0,1,0,1,1,1,1,0,0,1,0,0,0,1,0,0,0,0,0
1334,14.508657738524219,2020,Defender,20,1.89,0,658,14.403297222866392,11,3,1,2,3,0,0,0,0.0,0.0,0.0,0.0,0.0,0,0,0,0,1,0,1,1,1,1,0,0,1,0,0,0,1,0,0,0,0,0
1335,13.815510557964274,2020,Defender,28,1.84,0,336,15.89495209964411,24,0,0,0,4,1,1,0,5.0,0.0,0.0,23.0,2.0,0,0,0,0,1,0,1,1,1,1,0,0,1,0,0,0,1,0,0,0,0,0
1336,16.275099399767985,2020,Forward,28,1.72,0,703,15.687312734865866,43,4,4,0,7,0,0,0,0.0,0.0,0.0,0.0,0.0,0,1,1,1,1,0,1,1,1,1,0,0,0,0,0,0,1,0,0,0,0,0
1337,15.319587954740548,2020,Midfielder,29,1.74,0,1032,16.06680235657077,33,2,2,0,3,1,0,0,0.0,0.0,0.0,34.0,2.0,0,1,1,1,1,0,0,0,0,0,0,0,1,0,0,0,0,0,0,0,0,0
1338,13.9108207377686,2020,Goalkeeper,31,1.91,0,298,13.997832114758229,3,0,0,0,0,0,0,0,0.0,0.0,0.0,0.0,0.0,1,1,1,1,1,0,1,1,1,1,0,0,1,0,0,0,1,0,0,0,0,1
1339,13.9108207377686,2020,Midfielder,31,1.85,0,279,15.38412647587812,34,0,1,0,8,0,0,0,0.0,0.0,0.0,0.0,0.0,1,1,1,1,1,0,1,1,1,1,0,0,1,0,0,0,1,0,0,0,0,1
1340,18.197537192638155,2020,Forward,21,1.93,0,664,18.209959712636714,45,18,9,4,3,0,1,1,10.0,4.0,2.0,7.0,2.0,0,0,1,0,1,0,1,1,1,1,0,0,0,0,0,1,1,0,0,0,0,0
1341,17.785802471516394,2020,Forward,24,1.8,0,1094,17.974393641323946,45,34,12,5,5,0,1,0,8.0,4.0,2.0,30.0,13.0,0,0,1,0,1,0,1,1,1,1,0,0,1,0,0,1,1,0,0,0,0,0
1342,17.73152558466196,2020,Defender,23,1.8,0,1404,17.50439001207821,33,3,4,0,3,0,0,0,0.0,0.0,0.0,7.0,0.0,1,1,1,1,1,0,1,1,1,1,0,0,0,0,0,1,1,0,0,0,0,1
1343,17.50439001207821,2020,Forward,27,1.8,0,729,17.50439001207821,28,8,17,0,1,0,1,1,7.0,2.0,4.0,31.0,14.0,0,0,0,0,1,0,1,1,1,1,0,0,0,0,0,1,0,1,0,0,0,0
1344,16.99356438831222,2020,Goalkeeper,28,1.94,0,1009,15.761420707019587,33,0,0,0,1,1,0,1,4.0,0.0,0.0,4.0,0.0,0,0,1,0,1,0,1,1,1,1,0,0,1,0,0,1,0,1,0,0,0,0
1345,17.37085861945369,2020,Forward,27,1.89,0,729,17.399029496420383,44,16,4,3,8,1,1,0,8.0,3.0,1.0,30.0,14.0,0,1,1,1,1,0,0,1,0,1,0,0,1,0,1,0,1,0,0,0,0,0
1346,16.489659207390805,2020,Midfielder,25,1.88,0,667,17.034386382832476,45,12,7,0,7,0,1,0,9.0,3.0,2.0,18.0,2.0,0,1,1,1,1,0,0,1,0,1,0,0,1,0,1,0,1,0,0,0,0,0
1347,14.914122846632385,2020,Midfielder,24,1.77,0,0,13.592367006650065,28,3,2,0,1,0,0,0,1.0,0.0,0.0,0.0,0.0,0,1,1,1,1,0,0,0,0,0,1,0,1,0,1,0,0,0,0,1,0,0
1348,16.694709015262312,2020,Midfielder,22,1.78,0,306,16.012735135300492,48,14,8,4,3,0,0,0,0.0,0.0,0.0,0.0,0.0,1,0,0,1,1,0,1,1,1,1,0,0,1,0,0,0,1,0,0,0,0,1
1349,13.9108207377686,2020,Goalkeeper,27,1.96,0,257,15.068273526459642,36,0,0,0,0,0,0,0,0.0,0.0,0.0,8.0,0.0,1,0,0,1,1,0,1,1,1,1,0,0,1,0,0,0,1,0,0,0,0,1
1350,16.811242831518264,2020,Forward,24,1.95,0,646,16.811242831518264,38,24,9,2,2,1,0,1,4.0,0.0,1.0,21.0,5.0,0,1,1,1,1,0,0,1,0,1,0,0,0,0,0,0,1,0,0,0,0,0
1351,17.1296965626368,2020,Defender,22,1.84,0,268,16.588099280204055,33,0,0,0,3,1,0,0,0.0,0.0,0.0,0.0,0.0,1,0,0,1,1,0,1,1,1,1,0,0,1,0,0,0,1,0,0,0,0,1
1352,17.01825700090259,2020,Midfielder,29,1.75,0,1028,17.14771506813948,32,0,0,0,10,2,0,0,1.0,0.0,0.0,0.0,0.0,0,0,1,0,1,0,1,1,1,1,0,0,1,0,0,0,0,0,0,1,0,0
1353,16.90655301132259,2020,Midfielder,27,1.83,0,0,16.811242831518264,39,4,2,0,10,0,0,0,0.0,0.0,0.0,0.0,0.0,0,0,0,1,1,0,1,1,1,1,0,0,1,0,0,0,0,1,0,0,0,0
1354,14.6175121434363,2020,Midfielder,30,1.86,0,364,16.06680235657077,18,0,0,0,6,1,0,0,0.0,0.0,0.0,15.0,0.0,0,1,1,1,1,0,0,1,0,1,0,0,1,0,0,0,1,0,0,0,0,0
1355,14.603967918328545,2020,Midfielder,22,1.83,0,335,14.508657738524219,23,5,3,0,2,0,0,0,0.0,0.0,0.0,0.0,0.0,1,1,1,1,1,0,0,0,1,1,0,0,0,0,0,0,1,0,0,0,0,1
1356,15.687312734865866,2020,Midfielder,25,1.81,0,304,14.690979295318174,25,0,1,0,6,1,0,0,0.0,0.0,0.0,0.0,0.0,1,1,1,1,1,0,1,1,1,1,0,0,1,0,0,0,1,0,0,0,0,1
1357,15.29711509888849,2020,Defender,26,1.88,0,622,15.687312734865866,13,0,1,0,0,0,0,0,0.0,0.0,0.0,4.0,0.0,0,0,0,1,1,0,1,1,1,1,0,0,0,0,0,0,1,0,0,0,0,0
1358,14.978661367769956,2020,Defender,24,1.8,0,293,15.520258650202699,28,0,2,0,4,0,1,0,5.0,0.0,0.0,12.0,0.0,0,0,1,0,1,0,1,1,1,1,0,0,1,0,0,0,1,0,0,0,0,0
1359,14.557447902693651,2020,Defender,23,1.83,0,679,15.068273526459642,39,1,1,0,8,0,0,0,0.0,0.0,0.0,8.0,0.0,0,0,0,1,1,0,1,1,1,1,0,0,0,0,0,0,0,0,1,0,0,1
1360,14.316285845876763,2020,Defender,23,1.97,0,268,14.845129975145433,35,3,1,0,0,0,0,0,0.0,0.0,0.0,0.0,0.0,1,0,0,1,1,0,1,1,1,1,0,0,1,0,0,0,1,0,0,0,0,1
1361,17.216707939626428,2020,Forward,29,1.82,0,670,17.50439001207821,34,7,9,0,2,1,1,0,6.0,2.0,2.0,18.0,4.0,0,0,1,0,1,0,1,1,1,1,0,0,0,0,0,0,1,0,0,0,0,0
1362,16.860032995687696,2020,Forward,23,1.79,0,729,16.06680235657077,16,1,0,0,0,0,0,0,0.0,0.0,0.0,0.0,0.0,0,0,1,0,1,0,1,1,1,1,0,0,1,0,0,0,1,0,0,0,0,0
1363,16.811242831518264,2020,Defender,27,1.86,0,644,16.811242831518264,30,1,1,0,7,1,0,0,0.0,0.0,0.0,3.0,0.0,0,0,1,0,1,0,1,1,1,1,0,0,1,0,0,0,1,0,0,0,0,0
1364,16.73867213868343,2020,Forward,23,1.76,0,998,16.588099280204055,34,9,4,1,8,0,0,1,4.0,0.0,0.0,0.0,0.0,0,0,1,0,1,0,1,1,1,1,0,0,0,0,0,0,0,0,0,1,0,0
1365,16.689075197544057,2020,Forward,26,1.79,0,364,15.89495209964411,46,5,7,0,3,0,0,0,0.0,0.0,0.0,1.0,1.0,0,1,1,1,1,0,1,1,1,1,0,0,0,0,0,0,0,1,0,0,0,0
1366,16.38045991542581,2020,Defender,24,1.92,0,305,16.64872390202049,34,2,0,0,4,0,0,0,0.0,0.0,0.0,6.0,0.0,0,0,1,0,1,0,1,1,1,1,0,0,1,0,0,0,1,0,0,0,0,0
1367,15.687312734865866,2020,Goalkeeper,20,1.97,0,703,15.319587954740548,11,0,0,0,0,0,0,0,0.0,0.0,0.0,0.0,0.0,0,0,1,0,1,0,1,1,1,1,0,0,0,0,0,0,1,0,0,0,0,0
1368,13.815510557964274,2020,Forward,18,1.79,0,324,14.077874822431765,19,1,0,0,2,0,0,0,0.0,0.0,0.0,0.0,0.0,1,0,0,1,1,0,1,1,1,1,0,0,0,0,0,0,1,0,0,0,0,1
1369,17.37085861945369,2020,Defender,19,1.85,0,1367,16.11809565095832,24,2,0,0,9,1,0,1,2.0,0.0,0.0,0.0,0.0,0,0,1,0,1,0,1,1,1,1,0,0,1,0,0,0,1,0,0,0,0,0
1370,16.855259716935038,2020,Defender,24,1.85,0,665,16.70588231586044,33,2,2,0,5,0,1,0,6.0,1.0,0.0,8.0,0.0,0,0,1,0,1,0,1,1,1,1,0,0,1,0,0,0,1,0,0,0,0,0
1371,14.508657738524219,2020,Forward,24,1.83,1,150,16.300417207752275,6,3,1,0,0,0,0,1,2.0,0.0,0.0,0.0,0.0,0,1,1,1,1,0,0,1,0,1,0,0,1,0,0,0,0,0,1,0,0,1
1372,14.266586177324491,2020,Forward,24,1.78,0,643,14.603967918328545,24,1,3,0,3,0,0,0,0.0,0.0,0.0,0.0,0.0,0,1,1,1,1,0,0,0,0,1,0,0,0,0,0,0,0,1,0,0,0,0
1373,17.615484059583796,2020,Forward,23,1.78,0,649,17.14771506813948,42,13,1,0,6,1,0,1,8.0,6.0,0.0,8.0,3.0,0,1,1,1,1,0,1,1,1,1,0,0,1,0,0,1,1,0,0,0,0,0
1374,16.90655301132259,2020,Midfielder,29,1.74,0,285,17.686711568872166,40,3,2,0,10,0,1,0,10.0,0.0,2.0,34.0,2.0,0,0,1,0,1,0,1,1,1,1,0,0,1,0,0,1,1,0,0,0,0,0
1375,16.38045991542581,2020,Defender,24,1.79,0,689,16.012735135300492,37,0,3,0,7,0,1,1,10.0,0.0,1.0,5.0,0.0,0,0,0,0,1,0,1,1,1,1,0,0,0,0,0,1,1,0,0,0,0,0
1376,16.300417207752275,2020,Defender,31,1.88,0,333,16.300417207752275,15,1,1,0,1,0,1,0,3.0,1.0,0.0,46.0,3.0,0,1,1,1,1,0,0,0,0,1,0,0,1,0,1,0,1,0,0,0,0,0
1377,15.176487111099874,2020,Midfielder,22,1.88,0,0,14.978661367769956,39,3,5,0,3,0,0,0,0.0,0.0,0.0,0.0,0.0,1,1,1,1,1,0,0,0,1,1,0,0,1,0,1,0,1,0,0,0,0,1
1378,18.086605631930873,2020,Defender,23,1.87,0,1370,17.37085861945369,41,3,2,0,7,0,1,1,8.0,1.0,0.0,16.0,2.0,0,0,0,0,1,0,1,1,1,1,0,0,1,0,0,1,1,0,0,0,0,0
1379,17.628817590453263,2020,Defender,25,1.8,0,694,17.14771506813948,30,2,2,0,2,0,0,0,0.0,0.0,0.0,16.0,1.0,0,0,0,1,1,0,1,1,1,1,0,0,0,0,0,1,1,0,0,0,0,1
1380,17.327055996795295,2020,Forward,20,1.84,0,330,17.622173047734595,44,6,8,0,6,0,1,0,6.0,2.0,2.0,9.0,6.0,0,0,1,0,1,0,1,1,1,1,0,0,1,0,0,1,1,0,0,0,0,0
1381,15.687312734865866,2020,Forward,22,1.76,0,269,15.717618084361195,20,9,3,0,1,0,0,0,0.0,0.0,0.0,0.0,0.0,0,0,0,0,0,1,1,1,1,1,0,0,1,0,0,1,0,0,0,1,0,0
1382,15.319587954740548,2020,Defender,19,1.8,0,336,14.077874822431765,5,0,1,0,0,0,0,0,0.0,0.0,0.0,4.0,0.0,0,0,0,0,1,0,1,1,1,1,0,0,1,0,0,1,0,1,0,0,0,0
1383,17.7073308560749,2020,Forward,24,1.83,0,350,18.197537192638155,3,0,0,0,0,0,0,0,0.0,0.0,0.0,22.0,3.0,0,1,1,1,1,0,0,1,0,1,0,0,0,0,1,0,1,0,0,0,0,0
1384,16.523560759066484,2020,Defender,32,1.83,0,639,16.489659207390805,39,3,0,0,5,0,1,0,8.0,0.0,0.0,57.0,3.0,0,1,1,1,1,0,0,0,0,1,0,0,1,0,1,0,0,0,0,1,0,0
1385,17.47907220409392,2020,Midfielder,23,1.84,0,666,17.599700191882537,30,10,7,0,4,0,1,1,7.0,2.0,2.0,14.0,2.0,0,0,0,0,1,0,1,1,1,1,0,0,1,0,0,1,1,0,0,0,0,0
1386,16.874217630679652,2020,Forward,18,1.73,1,0,16.523560759066484,10,1,1,0,1,0,1,0,1.0,0.0,0.0,0.0,0.0,0,0,1,0,1,0,1,1,1,1,0,0,0,0,0,1,0,1,0,0,0,0
1387,16.523560759066484,2020,Defender,27,1.81,0,268,17.50439001207821,39,11,10,8,11,2,0,1,8.0,0.0,1.0,1.0,0.0,0,0,0,0,1,0,1,1,1,1,0,0,0,0,0,1,0,0,0,1,0,0
1388,15.973069878908062,2020,Forward,18,1.75,0,817,14.403297222866392,16,1,1,0,0,0,0,0,5.0,1.0,1.0,0.0,0.0,0,0,0,0,0,1,1,1,1,1,0,0,1,0,0,1,0,0,0,1,0,0
1389,16.523560759066484,2020,Defender,30,1.94,0,633,16.811242831518264,37,3,2,0,5,0,0,1,5.0,0.0,0.0,27.0,1.0,1,1,1,1,1,0,0,1,0,1,0,0,1,0,1,0,1,0,0,0,0,1
1390,14.346138809026444,2020,Defender,23,1.85,1,168,15.201804919084164,3,0,0,0,1,0,1,0,2.0,0.0,0.0,3.0,0.0,0,1,1,1,1,0,0,1,0,1,0,0,1,0,1,0,1,0,0,0,0,1
1391,16.917852566576524,2020,Forward,28,1.8,0,1026,16.811242831518264,39,9,1,0,10,0,0,0,0.0,0.0,0.0,2.0,1.0,1,0,0,1,1,0,1,1,1,1,0,0,1,0,0,0,1,0,0,0,0,1
1392,16.61887093887081,2020,Defender,22,1.78,0,1025,16.213405830762646,33,1,0,0,4,0,0,0,0.0,0.0,0.0,10.0,0.0,0,0,0,1,1,0,1,1,1,1,0,0,0,0,0,0,1,0,0,0,0,1
1393,17.073607095985757,2020,Forward,20,1.8,0,0,15.501909511534503,30,14,1,1,7,0,0,0,0.0,0.0,0.0,0.0,0.0,1,0,0,1,1,0,1,1,1,1,0,0,1,0,0,0,1,0,0,0,0,1
1394,16.835935444108635,2020,Goalkeeper,22,1.9,0,0,16.34123920227253,37,0,1,0,0,0,0,0,0.0,0.0,0.0,0.0,0.0,1,0,0,1,1,0,1,1,1,1,0,0,1,0,0,0,1,0,0,0,0,1
1395,15.687312734865866,2020,Forward,23,1.88,0,659,15.38412647587812,34,1,2,0,2,0,0,0,0.0,0.0,0.0,7.0,0.0,0,1,1,1,1,0,1,1,1,1,0,0,1,0,0,0,1,0,0,0,0,1
1396,15.163583706263967,2020,Defender,23,1.75,0,296,14.28551418721001,31,0,1,0,1,1,0,0,0.0,0.0,0.0,0.0,0.0,1,0,0,1,1,0,1,1,1,1,0,0,0,0,0,0,1,0,0,0,0,1
1397,15.163583706263967,2020,Defender,20,1.78,0,661,15.65606019136176,40,1,6,0,8,0,0,0,0.0,0.0,0.0,0.0,0.0,1,0,0,1,1,0,1,1,1,1,0,0,1,0,0,0,1,0,0,0,0,1
1398,14.508657738524219,2020,Midfielder,19,1.83,0,844,11.512925464970229,14,4,1,0,4,0,0,0,0.0,0.0,0.0,0.0,0.0,0,0,0,0,1,0,1,1,1,1,0,0,1,0,0,0,0,1,0,0,0,0
1399,16.40327459319198,2020,Defender,23,1.73,0,1053,15.89495209964411,15,0,0,0,1,0,1,0,1.0,0.0,0.0,0.0,0.0,1,1,1,1,1,0,1,1,1,1,0,0,1,0,1,0,1,0,0,0,0,1
1400,16.300417207752275,2020,Defender,21,1.88,0,687,16.300417207752275,31,1,1,0,4,0,0,0,0.0,0.0,0.0,0.0,0.0,0,0,1,0,1,0,1,1,1,1,0,0,0,0,0,0,0,1,0,0,0,0
1401,16.300417207752275,2020,Midfielder,21,1.79,0,999,16.523560759066484,22,0,1,0,3,0,0,0,0.0,0.0,0.0,0.0,0.0,0,0,1,0,1,0,1,1,1,1,0,0,1,0,0,0,1,0,0,0,0,0
1402,16.62491325332677,2020,Midfielder,25,1.85,0,323,16.811242831518264,38,0,1,0,5,0,0,0,0.0,0.0,0.0,27.0,2.0,0,1,1,1,1,0,1,1,1,1,0,0,1,0,0,1,1,0,0,0,0,0
1403,17.281246460764002,2020,Midfielder,24,1.77,0,1094,17.50439001207821,37,2,3,0,8,0,1,0,5.0,1.0,0.0,20.0,2.0,0,0,1,0,1,0,1,1,1,1,0,0,0,0,0,1,0,0,0,1,0,0
1404,17.216707939626428,2020,Defender,23,1.78,0,1014,17.034386382832476,37,3,5,0,9,0,0,1,5.0,1.0,1.0,5.0,0.0,0,0,1,0,1,0,1,1,1,1,0,0,0,0,0,1,1,0,0,0,0,0
1405,16.636889444373487,2020,Defender,28,1.85,0,0,16.588099280204055,49,6,4,0,2,0,0,1,10.0,2.0,1.0,11.0,0.0,0,1,1,1,1,0,1,1,1,1,0,0,1,0,0,1,1,0,0,0,0,1
1406,16.308716010566968,2020,Defender,22,1.93,0,622,15.761420707019587,21,0,1,0,2,0,0,0,0.0,0.0,0.0,7.0,0.0,0,0,0,1,1,0,1,1,1,1,0,0,1,0,0,1,1,0,0,0,0,1
1407,16.61887093887081,2020,Forward,23,1.83,0,623,15.89495209964411,44,19,4,6,3,0,0,0,0.0,0.0,0.0,0.0,0.0,1,0,0,1,1,0,1,1,1,1,0,0,1,0,0,0,1,0,0,0,0,1
1408,16.41820024340866,2020,Forward,22,1.8,0,1760,15.319587954740548,31,8,6,0,2,0,0,0,0.0,0.0,0.0,0.0,0.0,0,1,1,1,1,0,1,1,1,1,0,0,0,0,0,0,0,1,0,0,0,1
1409,15.925723758310864,2020,Midfielder,24,1.75,0,682,16.06680235657077,43,8,17,0,5,0,0,0,0.0,0.0,0.0,0.0,0.0,0,0,0,0,1,0,1,1,1,1,0,0,0,0,0,0,0,0,0,1,0,0
1410,13.9108207377686,2020,Defender,23,1.93,0,299,13.997832114758229,37,2,0,0,10,1,0,0,0.0,0.0,0.0,0.0,0.0,0,0,0,1,1,0,1,1,1,1,0,0,1,0,0,0,0,1,0,0,0,1
1411,11.608235644774552,2020,Forward,33,1.82,1,173,15.201804919084164,6,2,1,0,0,0,0,0,0.0,0.0,0.0,17.0,6.0,0,1,1,1,1,0,1,1,1,1,0,0,0,0,0,0,1,0,0,0,0,0
1412,13.9108207377686,2020,Forward,21,1.82,0,306,14.077874822431765,21,5,4,0,2,0,0,0,0.0,0.0,0.0,0.0,0.0,1,1,1,1,1,0,0,0,1,1,0,0,1,0,0,0,1,0,0,0,0,1
1413,16.955343175492022,2020,Forward,25,1.72,1,517,16.90655301132259,3,2,0,0,0,0,0,0,0.0,0.0,0.0,4.0,0.0,0,0,0,1,1,0,1,1,1,1,0,0,1,0,0,0,0,1,0,0,0,0
1414,16.600521800202614,2020,Midfielder,25,1.92,0,1434,16.300417207752275,36,13,1,4,2,0,1,0,6.0,2.0,0.0,20.0,3.0,0,0,0,0,1,0,1,1,1,1,0,0,1,0,0,0,1,0,0,0,0,0
1415,15.60727002719233,2020,Defender,28,1.74,0,1367,14.508657738524219,38,3,0,0,4,0,1,0,6.0,0.0,0.0,9.0,1.0,0,0,0,0,1,0,1,1,1,1,0,0,1,0,0,0,1,0,0,0,0,0
1416,16.929025867174648,2020,Forward,26,1.9,1,1269,17.216707939626428,19,7,0,0,0,0,0,0,0.0,0.0,0.0,0.0,0.0,0,1,1,1,1,0,0,0,0,1,0,0,1,0,0,0,0,1,0,0,0,0
1417,15.520258650202699,2020,Forward,23,1.81,0,1051,15.38412647587812,13,1,2,0,0,0,0,0,0.0,0.0,0.0,6.0,1.0,0,1,1,1,1,0,0,0,0,1,0,0,1,0,0,0,1,0,0,0,0,0
1418,15.009433026436708,2020,Forward,28,1.83,0,675,15.520258650202699,41,15,1,0,10,0,0,0,0.0,0.0,0.0,0.0,0.0,1,1,1,1,1,0,0,0,1,1,0,0,1,0,0,0,1,0,0,0,0,1
1419,13.122363377404328,2020,Midfielder,24,1.75,0,268,13.997832114758229,34,1,2,1,7,0,0,0,0.0,0.0,0.0,4.0,0.0,0,1,1,1,1,0,0,0,0,1,0,0,1,0,0,0,1,0,0,0,0,1
1420,17.884537312202085,2021,Defender,23,1.86,0,1066,17.14771506813948,39,0,0,0,5,1,0,0,0.0,0.0,0.0,2.0,0.0,1,1,1,1,1,0,1,1,1,1,0,0,1,0,0,1,1,0,0,0,0,1
1421,17.37085861945369,2021,Midfielder,22,1.78,0,679,17.50439001207821,29,2,2,0,0,0,1,1,8.0,1.0,0.0,26.0,1.0,0,0,1,0,1,0,1,1,1,1,0,0,0,0,0,1,1,0,0,0,0,0
1422,17.14771506813948,2021,Goalkeeper,23,1.9,0,1045,16.300417207752275,42,0,0,0,1,0,0,0,0.0,0.0,0.0,0.0,0.0,1,0,0,1,1,0,1,1,1,1,0,0,1,0,0,1,1,0,0,0,0,1
1423,16.73867213868343,2021,Defender,22,1.88,0,1034,16.811242831518264,33,2,0,0,4,0,0,0,0.0,0.0,0.0,20.0,1.0,0,0,1,0,1,0,1,1,1,1,0,0,1,0,0,1,0,0,0,0,1,0
1424,16.67771143889374,2021,Midfielder,21,1.83,0,711,16.300417207752275,27,3,2,0,2,1,0,0,0.0,0.0,0.0,0.0,0.0,0,0,0,0,1,0,1,1,1,1,0,0,1,0,0,1,1,0,0,0,0,0
1425,15.89495209964411,2021,Defender,21,1.83,0,1086,15.761420707019587,19,0,0,0,3,0,0,1,5.0,0.0,0.0,0.0,0.0,0,0,0,0,1,0,1,1,1,1,0,0,0,0,0,1,1,0,0,0,0,0
1426,17.19650523230891,2021,Midfielder,21,1.86,0,686,16.588099280204055,32,11,3,0,2,0,0,1,5.0,3.0,3.0,0.0,0.0,1,1,1,1,1,0,1,1,1,1,0,0,1,0,1,0,1,0,0,0,0,1
1427,17.463568017557954,2021,Midfielder,24,1.72,0,1095,17.37085861945369,41,15,15,1,8,2,0,0,0.0,0.0,0.0,0.0,0.0,0,1,1,1,1,0,1,1,1,1,0,0,1,0,0,0,0,0,0,1,0,0
1428,17.281246460764002,2021,Forward,23,1.78,0,695,17.37085861945369,40,15,10,0,7,0,0,1,8.0,5.0,2.0,8.0,0.0,0,0,1,0,1,0,1,1,1,1,0,0,0,0,0,0,0,0,1,0,0,0
1429,17.216707939626428,2021,Defender,28,1.78,1,1264,17.216707939626428,15,1,0,0,4,0,0,0,0.0,0.0,0.0,39.0,0.0,0,1,1,1,1,0,1,1,1,1,0,0,0,0,0,0,1,0,0,0,0,0
1430,17.19650523230891,2021,Forward,29,1.77,0,330,16.90655301132259,33,13,4,2,1,0,0,0,0.0,0.0,0.0,3.0,1.0,1,1,1,1,1,0,1,1,1,1,0,0,1,0,0,0,1,0,0,0,0,1
1431,18.58194889154849,2021,Forward,25,1.8,0,1425,17.98989782785991,27,7,10,0,6,0,0,0,0.0,0.0,0.0,12.0,0.0,1,1,1,1,1,0,1,1,1,1,0,0,1,0,0,1,1,0,0,0,0,1
1432,15.60727002719233,2021,Forward,28,1.83,0,1095,15.250595083253597,27,5,0,0,2,0,0,0,0.0,0.0,0.0,35.0,12.0,0,1,1,1,1,0,0,0,0,1,0,0,1,0,0,0,0,1,0,0,0,0
1433,15.068273526459642,2021,Defender,26,1.95,0,1095,14.914122846632385,1,0,0,0,1,0,0,0,0.0,0.0,0.0,0.0,0.0,0,1,1,1,1,0,0,0,0,1,0,0,1,0,0,0,1,0,0,0,0,0
1434,16.569171270318538,2021,Defender,23,1.98,0,314,15.761420707019587,40,2,4,0,1,0,0,1,5.0,0.0,1.0,21.0,0.0,0,0,0,0,1,0,1,1,1,1,0,0,1,0,0,0,1,0,0,0,0,0
1435,16.11809565095832,2021,Midfielder,23,1.83,0,1076,15.60727002719233,33,3,2,0,7,0,1,0,6.0,0.0,0.0,2.0,0.0,0,0,0,0,1,0,1,1,1,1,0,0,1,0,0,0,0,1,0,0,0,0
1436,16.11809565095832,2021,Forward,24,1.76,0,1055,16.11809565095832,40,11,4,5,2,0,0,0,0.0,0.0,0.0,2.0,1.0,0,0,1,0,1,0,1,1,1,1,0,0,1,0,0,0,0,1,0,0,0,0
1437,16.951004773893423,2021,Midfielder,23,1.84,0,1090,16.38045991542581,37,5,1,0,5,0,1,1,8.0,0.0,0.0,19.0,3.0,0,0,0,0,1,0,1,1,1,1,0,0,1,0,0,0,0,1,0,0,0,0
1438,16.70588231586044,2021,Defender,23,1.73,0,1034,16.811242831518264,39,3,2,0,9,0,0,0,0.0,0.0,0.0,1.0,0.0,0,0,1,0,1,0,1,1,1,1,0,0,0,0,0,0,1,0,0,0,0,0
1439,16.213405830762646,2021,Midfielder,18,1.82,1,541,16.11809565095832,16,3,2,0,2,0,0,0,0.0,0.0,0.0,4.0,0.0,0,0,0,0,1,0,1,1,1,1,0,0,1,0,0,0,1,0,0,0,0,0
1440,15.89495209964411,2021,Forward,20,1.88,0,1034,16.213405830762646,32,15,4,0,6,1,0,1,11.0,4.0,0.0,2.0,0.0,0,0,0,0,1,0,1,1,1,1,0,0,1,0,0,0,0,1,0,0,0,0
1441,15.424948470398375,2021,Goalkeeper,21,2.06,0,714,14.845129975145433,18,0,0,0,1,0,0,1,1.0,0.0,0.0,0.0,0.0,0,0,0,0,1,0,1,1,1,1,0,0,1,0,0,0,1,0,0,0,0,0
1442,14.914122846632385,2021,Forward,24,1.78,0,174,14.403297222866392,20,8,3,0,0,0,0,0,0.0,0.0,0.0,0.0,0.0,0,0,0,0,0,0,1,1,1,1,0,0,1,0,0,0,0,0,0,0,1,0
1443,16.523560759066484,2021,Defender,29,2.01,1,150,15.068273526459642,16,1,0,0,4,0,0,0,0.0,0.0,0.0,0.0,0.0,1,1,1,1,1,0,1,1,1,1,0,0,0,0,0,0,1,0,0,0,0,1
1444,14.403297222866392,2021,Forward,27,1.75,0,308,14.914122846632385,20,4,2,0,1,0,0,0,0.0,0.0,0.0,28.0,13.0,0,1,1,1,1,0,0,0,0,0,0,0,0,0,0,0,0,1,0,0,0,0
1445,13.997832114758229,2021,Forward,23,1.89,0,356,13.815510557964274,34,5,1,0,0,0,0,0,0.0,0.0,0.0,0.0,0.0,0,1,1,1,1,0,0,0,1,1,0,0,1,0,0,0,1,0,0,0,0,0
1446,13.815510557964274,2021,Forward,27,1.81,0,713,15.424948470398375,25,2,2,0,3,0,0,0,0.0,0.0,0.0,47.0,7.0,0,1,1,1,1,0,0,0,0,1,0,0,1,0,0,0,0,0,0,0,1,0
1447,16.67771143889374,2021,Forward,29,1.97,1,515,16.811242831518264,24,7,1,1,4,0,1,0,5.0,0.0,0.0,10.0,2.0,0,0,1,0,1,0,1,1,1,1,0,0,1,0,0,0,1,0,0,0,0,0
1448,16.523560759066484,2021,Forward,24,1.79,0,670,16.300417207752275,39,4,6,0,5,0,0,0,0.0,0.0,0.0,24.0,5.0,0,0,1,0,1,0,1,1,1,1,0,0,0,0,0,0,0,1,0,0,0,0
1449,16.454567887579532,2021,Defender,20,1.93,0,1095,15.89495209964411,27,2,1,0,3,1,0,0,0.0,0.0,0.0,1.0,0.0,0,0,0,1,1,0,1,1,1,1,0,0,1,0,0,0,1,0,0,0,0,1
1450,14.880221294956703,2021,Defender,25,1.75,0,0,15.319587954740548,48,5,7,0,7,0,0,0,0.0,0.0,0.0,27.0,2.0,0,0,0,1,1,0,1,1,1,1,0,0,1,0,0,0,1,0,0,0,0,1
1451,17.216707939626428,2021,Forward,30,1.91,1,533,15.60727002719233,21,3,0,0,1,0,0,0,0.0,0.0,0.0,26.0,15.0,0,1,1,1,1,0,1,1,1,1,0,0,1,0,0,0,0,0,0,0,0,1
1452,16.045524958123483,2021,Defender,28,1.85,0,364,15.761420707019587,29,0,1,0,5,0,0,0,0.0,0.0,0.0,0.0,0.0,1,1,1,1,1,0,1,1,1,1,0,0,0,0,0,0,1,0,0,0,0,1
1453,13.997832114758229,2021,Midfielder,21,1.75,0,701,12.89921982609012,21,0,2,0,1,0,0,0,0.0,0.0,0.0,0.0,0.0,1,1,1,1,1,0,0,0,1,1,0,0,1,0,0,0,1,0,0,0,0,1
1454,18.542898376676614,2021,Forward,28,1.91,0,1053,18.420680743952367,44,30,11,7,7,0,1,0,5.0,4.0,0.0,81.0,60.0,0,0,1,0,1,0,1,1,1,1,0,0,0,0,0,1,1,0,0,0,0,0
1455,17.529082624668582,2021,Forward,23,1.94,0,682,17.45309671769066,32,12,4,0,0,0,1,0,5.0,1.0,1.0,6.0,1.0,1,1,1,1,1,0,0,1,0,1,0,0,1,0,1,0,1,0,0,0,0,1
1456,17.379393521903527,2021,Defender,23,1.85,0,1095,17.14771506813948,26,1,0,0,0,0,0,1,4.0,0.0,0.0,1.0,0.0,1,1,1,1,1,0,0,1,0,1,0,0,1,0,1,0,1,0,0,0,0,1
1457,17.37085861945369,2021,Defender,26,1.9,0,671,17.281246460764002,36,5,0,0,3,0,1,0,5.0,0.0,0.0,7.0,1.0,0,1,1,1,1,0,1,1,1,1,0,0,1,0,1,0,1,0,0,0,0,0
1458,16.965679184822683,2021,Defender,21,1.82,0,712,16.11809565095832,42,0,0,0,8,0,0,0,0.0,0.0,0.0,0.0,0.0,1,1,1,1,1,0,1,1,1,1,0,0,1,0,1,0,1,0,0,0,0,1
1459,16.012735135300492,2021,Midfielder,29,1.82,0,310,15.89495209964411,25,4,2,0,3,0,0,0,0.0,0.0,0.0,13.0,0.0,0,1,1,1,1,0,0,1,0,1,0,0,1,0,1,0,1,0,0,0,0,0
1460,15.424948470398375,2021,Forward,30,1.77,0,364,15.687312734865866,19,4,2,0,3,0,0,0,0.0,0.0,0.0,31.0,10.0,0,1,1,1,1,0,0,0,0,1,0,0,1,0,1,0,0,1,0,0,0,1
1461,15.38412647587812,2021,Forward,34,1.92,0,348,15.201804919084164,31,11,0,1,1,0,1,0,8.0,6.0,0.0,94.0,43.0,0,1,1,1,1,0,0,1,0,1,0,0,0,0,1,0,1,0,0,0,0,0
1462,16.67771143889374,2021,Defender,25,1.92,0,1068,16.90655301132259,34,1,1,0,8,1,0,0,0.0,0.0,0.0,5.0,0.0,0,0,1,0,1,0,1,1,1,1,0,0,1,0,0,0,1,0,0,0,0,0
1463,16.60667566577699,2021,Forward,23,1.87,0,273,16.64872390202049,35,20,4,5,1,0,0,1,4.0,2.0,0.0,0.0,0.0,0,0,0,0,1,0,1,1,1,1,0,0,1,0,0,0,1,0,0,0,0,0
1464,16.045524958123483,2021,Forward,19,1.84,0,357,16.523560759066484,46,7,12,2,3,0,0,0,0.0,0.0,0.0,0.0,0.0,0,0,0,1,1,0,1,1,1,1,0,0,0,0,0,0,1,0,0,0,0,1
1465,15.761420707019587,2021,Midfielder,26,1.85,0,306,15.761420707019587,31,2,0,0,7,0,0,0,0.0,0.0,0.0,0.0,0.0,1,1,1,1,1,0,1,1,1,1,0,0,0,0,0,0,1,0,0,0,0,1
1466,16.972510979114386,2021,Defender,22,1.8,1,1368,16.64872390202049,20,0,3,0,2,0,1,0,5.0,0.0,0.0,17.0,0.0,0,0,0,0,1,0,1,1,1,1,0,0,0,0,0,0,1,0,0,0,0,0
1467,16.454567887579532,2021,Defender,20,1.89,1,878,14.914122846632385,9,0,1,0,1,0,0,1,2.0,0.0,0.0,2.0,0.0,0,0,0,0,1,0,1,1,1,1,0,0,1,0,0,0,1,0,0,0,0,0
1468,14.508657738524219,2021,Forward,25,1.83,0,343,15.89495209964411,18,4,3,0,0,0,0,1,2.0,0.0,0.0,0.0,0.0,0,0,1,0,1,0,1,1,1,1,0,0,1,0,0,0,0,0,1,0,0,1
1469,15.89495209964411,2021,Midfielder,30,1.8,0,281,17.14771506813948,26,6,8,0,4,0,0,0,0.0,0.0,0.0,62.0,18.0,0,1,1,1,1,0,0,0,0,0,0,0,0,0,0,0,0,0,0,1,0,0
1470,13.815510557964274,2021,Forward,28,1.67,0,343,16.300417207752275,18,3,1,0,2,0,0,0,0.0,0.0,0.0,6.0,0.0,0,1,1,1,1,0,0,0,0,0,0,0,1,0,0,0,0,0,0,1,0,0
1471,17.18624873214172,2021,Forward,23,1.71,0,1034,16.70588231586044,26,5,2,0,3,0,1,1,9.0,2.0,1.0,22.0,3.0,0,1,1,1,1,0,1,1,1,1,0,0,1,0,1,0,1,0,0,0,0,1
1472,16.523560759066484,2021,Defender,24,1.84,0,1090,15.89495209964411,18,1,1,0,3,0,1,0,6.0,0.0,0.0,0.0,0.0,0,0,1,0,1,0,1,1,1,1,0,0,0,0,0,0,0,0,1,0,0,0
1473,16.364955728889846,2021,Forward,24,1.75,0,363,16.523560759066484,38,8,8,0,2,0,0,0,0.0,0.0,0.0,0.0,0.0,1,1,1,1,1,0,1,1,1,1,0,0,0,0,1,0,1,0,0,0,0,1
1474,14.690979295318174,2021,Goalkeeper,20,1.89,0,518,14.508657738524219,14,0,1,0,1,0,0,0,0.0,0.0,0.0,0.0,0.0,0,0,0,0,1,0,1,1,1,1,0,0,0,0,0,0,1,0,0,0,0,0
1475,17.216707939626428,2021,Forward,22,1.83,0,1095,16.90655301132259,34,27,6,1,4,0,1,1,6.0,0.0,2.0,16.0,7.0,0,0,0,0,1,0,1,1,1,1,0,0,1,0,0,0,0,1,0,0,0,0
1476,16.811242831518264,2021,Midfielder,22,1.88,0,363,17.14771506813948,43,0,2,0,4,0,0,1,8.0,0.0,1.0,0.0,0.0,0,0,1,0,1,0,1,1,1,1,0,0,1,0,0,0,1,0,0,0,0,0
1477,16.68340946000838,2021,Defender,29,1.99,0,321,16.70588231586044,32,3,0,0,4,1,0,0,0.0,0.0,0.0,24.0,1.0,0,1,1,1,1,0,1,1,1,1,0,0,0,1,0,0,1,0,0,0,0,0
1478,14.914122846632385,2021,Forward,29,1.82,0,322,16.300417207752275,31,8,17,3,5,0,0,0,0.0,0.0,0.0,17.0,2.0,0,1,1,1,1,0,0,0,0,1,0,0,0,0,0,0,0,1,0,0,0,0
1479,17.785802471516394,2021,Forward,25,1.8,1,882,17.50439001207821,24,16,4,0,3,0,1,0,6.0,2.0,0.0,19.0,5.0,0,0,0,0,1,0,1,1,1,1,0,0,1,0,0,1,0,0,0,1,0,0
1480,17.50439001207821,2021,Defender,22,1.94,0,729,17.37085861945369,21,1,0,0,4,0,1,0,6.0,0.0,0.0,0.0,0.0,0,0,1,0,1,0,1,1,1,1,0,0,1,0,0,1,1,0,0,0,0,0
1481,16.454567887579532,2021,Forward,24,1.73,0,706,16.64872390202049,39,7,11,0,4,0,0,0,0.0,0.0,0.0,26.0,3.0,0,1,1,1,1,0,0,0,1,1,0,0,0,0,1,0,1,0,0,0,0,1
1482,15.961441840912943,2021,Forward,23,1.83,0,710,15.424948470398375,22,5,2,0,0,0,0,0,0.0,0.0,0.0,3.0,1.0,0,1,1,1,1,0,0,1,0,1,0,0,1,0,1,0,0,1,0,0,0,0
1483,15.60727002719233,2021,Midfielder,29,1.69,0,676,16.300417207752275,22,1,4,0,2,0,1,0,5.0,0.0,0.0,79.0,22.0,0,1,1,1,1,0,0,1,0,1,0,0,0,0,1,0,1,0,0,0,0,0
1484,17.822843743196746,2021,Forward,21,1.84,1,1276,17.622173047734595,7,3,1,0,0,0,1,0,1.0,0.0,0.0,16.0,8.0,0,1,1,1,1,0,0,1,0,1,0,0,1,0,1,0,1,0,0,0,0,0
1485,16.70588231586044,2021,Defender,24,1.71,0,729,17.37085861945369,37,8,9,0,4,0,1,0,7.0,3.0,3.0,0.0,0.0,0,1,1,1,1,0,0,1,0,1,0,0,0,0,1,0,1,0,0,0,0,0
1486,15.89495209964411,2021,Forward,22,1.85,0,349,16.300417207752275,31,14,3,8,3,0,0,0,0.0,0.0,0.0,0.0,0.0,0,1,1,1,1,0,0,1,0,1,0,0,1,0,1,0,1,0,0,0,0,1
1487,18.258161814454592,2021,Forward,21,1.8,0,707,18.420680743952367,38,16,19,3,1,0,1,0,6.0,2.0,3.0,22.0,3.0,1,0,1,0,1,0,1,1,1,1,0,0,1,0,0,1,1,0,0,0,0,0
1488,17.50439001207821,2021,Defender,28,1.91,0,320,18.064005800013632,41,2,0,0,4,0,1,0,9.0,0.0,0.0,78.0,5.0,0,0,1,0,1,0,1,1,1,1,0,0,1,0,0,1,1,0,0,0,0,0
1489,16.64872390202049,2021,Forward,36,1.88,0,303,17.622173047734595,44,36,4,9,5,0,1,0,6.0,4.0,2.0,142.0,100.0,0,0,1,0,1,0,1,1,1,1,0,0,1,0,0,1,1,0,0,0,0,0
1490,17.55555829865261,2021,Midfielder,24,1.82,1,882,17.216707939626428,25,0,5,0,2,0,0,1,5.0,0.0,2.0,0.0,0.0,0,0,1,0,1,0,1,1,1,1,0,0,1,0,0,0,0,0,0,1,0,0
1491,16.454567887579532,2021,Defender,31,1.73,1,539,16.70588231586044,18,0,0,0,1,0,1,0,3.0,0.0,0.0,32.0,1.0,1,0,1,0,1,0,1,1,1,1,0,0,1,0,0,0,1,0,0,0,0,1
1492,16.213405830762646,2021,Forward,25,1.78,0,364,16.012735135300492,26,3,2,1,0,0,0,0,0.0,0.0,0.0,33.0,6.0,0,0,0,0,1,0,1,1,1,1,0,0,1,0,0,0,1,0,0,0,0,0
1493,16.213405830762646,2021,Forward,19,1.79,0,1053,16.300417207752275,38,9,6,0,2,0,0,1,5.0,3.0,2.0,6.0,1.0,0,0,0,0,1,0,1,1,1,1,0,0,1,0,0,0,1,0,0,0,0,0
1494,16.06680235657077,2021,Forward,21,1.85,0,690,15.89495209964411,37,7,3,0,7,0,0,0,0.0,0.0,0.0,11.0,2.0,0,0,0,0,1,0,1,1,1,1,0,0,1,0,0,0,0,0,1,0,0,0
1495,15.830413578506539,2021,Defender,25,1.78,0,364,15.761420707019587,32,0,3,0,7,1,0,1,4.0,0.0,0.0,14.0,0.0,0,0,0,0,1,0,1,1,1,1,0,0,0,0,0,0,1,0,0,0,0,0
1496,15.58195221920804,2021,Goalkeeper,25,1.96,0,729,14.914122846632385,17,0,1,0,2,0,0,0,0.0,0.0,0.0,0.0,0.0,0,1,1,1,1,0,1,1,1,1,0,0,1,0,0,0,1,0,0,0,0,1
1497,15.176487111099874,2021,Midfielder,28,1.85,0,717,15.761420707019587,33,5,2,1,4,1,0,1,2.0,0.0,0.0,0.0,0.0,0,0,1,0,1,0,1,1,1,1,0,0,1,0,0,0,1,0,0,0,0,0
1498,16.689075197544057,2021,Forward,24,1.73,0,324,16.70588231586044,43,29,5,6,3,0,0,0,0.0,0.0,0.0,0.0,0.0,1,0,0,1,1,0,1,1,1,1,0,0,1,0,0,0,1,0,0,0,0,1
1499,16.300417207752275,2021,Defender,23,1.73,0,1459,15.89495209964411,37,3,7,0,4,0,0,0,0.0,0.0,0.0,0.0,0.0,0,0,1,0,1,0,1,1,1,1,0,0,0,0,0,0,1,0,0,0,0,0
1500,15.830413578506539,2021,Defender,24,1.87,0,1040,15.424948470398375,25,1,0,0,9,0,0,0,0.0,0.0,0.0,0.0,0.0,0,0,1,0,1,0,1,1,1,1,0,0,1,0,0,0,0,0,0,1,0,0
1501,15.520258650202699,2021,Midfielder,27,1.84,0,341,16.11809565095832,30,1,0,0,5,0,0,0,0.0,0.0,0.0,19.0,4.0,0,1,1,1,1,0,0,1,0,1,0,0,1,0,0,0,0,1,0,0,0,0
1502,14.508657738524219,2021,Forward,21,1.7,0,303,14.914122846632385,9,1,0,0,0,1,0,0,0.0,0.0,0.0,1.0,0.0,0,1,1,1,1,0,0,0,1,1,0,0,1,0,0,0,1,0,0,0,0,1
1503,17.034386382832476,2021,Forward,20,1.75,0,704,17.216707939626428,30,4,4,0,6,0,0,0,0.0,0.0,0.0,2.0,0.0,0,0,1,0,1,0,1,1,1,1,0,0,0,0,0,1,1,0,0,0,0,0
1504,17.034386382832476,2021,Defender,22,1.83,0,1034,17.034386382832476,38,2,4,0,9,1,0,0,0.0,0.0,0.0,4.0,0.0,0,0,1,0,1,0,1,1,1,1,0,0,1,0,0,1,0,0,0,1,0,0
1505,16.759949537130716,2021,Midfielder,24,1.87,1,881,17.034386382832476,26,0,2,0,1,0,1,0,5.0,0.0,1.0,30.0,0.0,0,0,1,0,1,0,1,1,1,1,0,0,1,0,0,1,0,0,0,1,0,0
1506,16.642824179893303,2021,Midfielder,18,1.84,0,1403,16.11809565095832,25,4,0,0,5,0,0,0,0.0,0.0,0.0,3.0,0.0,0,0,1,0,1,0,1,1,1,1,0,0,1,0,0,1,0,1,0,0,0,0
1507,16.523560759066484,2021,Defender,23,1.87,0,729,16.300417207752275,32,1,2,0,8,0,0,1,12.0,1.0,1.0,10.0,0.0,0,1,1,1,1,0,0,1,0,1,0,0,1,0,1,0,0,0,0,1,0,0
1508,16.38045991542581,2021,Defender,32,1.87,0,703,16.213405830762646,33,1,0,0,3,0,0,1,3.0,0.0,0.0,96.0,4.0,0,1,1,1,1,0,0,0,0,0,0,0,1,0,1,0,1,0,0,0,0,0
1509,15.068273526459642,2021,Midfielder,32,1.87,0,672,16.11809565095832,40,1,1,0,4,0,0,1,8.0,0.0,0.0,64.0,2.0,0,1,1,1,1,0,1,1,1,1,0,0,1,0,1,0,1,0,0,0,0,0
1510,13.997832114758229,2021,Goalkeeper,34,1.96,0,331,14.508657738524219,8,0,0,0,0,0,0,1,6.0,0.0,0.0,59.0,0.0,1,1,1,1,1,0,0,0,0,1,0,0,1,0,1,0,1,0,0,0,0,1
1511,16.11809565095832,2021,Midfielder,22,1.78,0,1095,16.300417207752275,33,7,2,5,4,1,0,0,0.0,0.0,0.0,4.0,0.0,0,0,1,0,1,0,1,1,1,1,0,0,0,0,0,0,0,1,0,0,0,0
1512,15.424948470398375,2021,Defender,27,1.84,1,0,15.424948470398375,19,0,1,0,5,0,0,0,0.0,0.0,0.0,0.0,0.0,0,0,1,0,1,0,1,1,1,1,0,0,0,0,0,0,0,0,0,1,0,0
1513,15.363073066680286,2021,Midfielder,23,1.83,1,539,14.077874822431765,17,4,1,0,3,0,0,0,0.0,0.0,0.0,3.0,0.0,0,0,0,0,1,0,1,1,1,1,0,0,0,0,0,0,0,1,0,0,0,0
1514,15.201804919084164,2021,Defender,27,1.7,1,908,15.60727002719233,11,0,0,0,2,0,0,0,0.0,0.0,0.0,2.0,0.0,0,0,1,0,1,0,1,1,1,1,0,0,0,0,0,0,0,1,0,0,0,0
1515,15.201804919084164,2021,Forward,23,1.75,0,364,15.424948470398375,23,2,4,0,4,0,1,0,4.0,1.0,1.0,3.0,0.0,0,0,0,0,1,0,1,1,1,1,0,0,1,0,0,0,0,1,0,0,0,0
1516,14.914122846632385,2021,Forward,24,1.77,1,520,15.520258650202699,12,1,1,0,1,0,0,0,0.0,0.0,0.0,14.0,2.0,0,0,1,0,1,0,1,1,1,1,0,0,1,0,0,0,0,1,0,0,0,0
1517,14.648419680899378,2021,Defender,31,1.88,0,729,14.914122846632385,25,4,0,0,5,1,0,0,0.0,0.0,0.0,0.0,0.0,1,1,1,1,1,0,1,1,1,1,0,0,1,0,0,0,1,0,0,0,0,1
1518,14.403297222866392,2021,Forward,25,1.82,0,673,14.403297222866392,10,1,0,0,2,0,0,0,0.0,0.0,0.0,4.0,0.0,0,1,1,1,1,0,0,1,0,1,0,0,1,0,0,0,0,1,0,0,0,0
1519,14.375126345899696,2021,Defender,21,1.88,0,729,14.73180128983843,27,1,1,0,4,0,0,0,0.0,0.0,0.0,0.0,0.0,1,1,1,1,1,0,0,0,1,1,0,0,1,0,0,0,1,0,0,0,0,1
1520,17.216707939626428,2021,Midfielder,23,1.79,0,1034,17.216707939626428,31,11,6,3,4,0,0,1,5.0,0.0,1.0,23.0,6.0,0,0,0,0,1,0,1,1,1,1,0,0,1,0,0,0,1,0,0,0,0,0
1521,14.914122846632385,2021,Forward,28,1.75,0,349,16.11809565095832,11,1,2,0,0,0,1,0,1.0,0.0,0.0,2.0,0.0,0,1,1,1,1,0,0,1,0,1,0,0,1,0,0,0,0,0,0,1,0,0
1522,13.815510557964274,2021,Defender,22,1.95,1,881,13.815510557964274,7,0,0,0,0,0,0,0,0.0,0.0,0.0,0.0,0.0,0,1,1,1,1,0,0,0,0,1,0,0,1,0,0,0,1,0,0,0,0,0
1523,12.367340793126296,2021,Forward,24,1.77,0,303,13.592367006650065,30,4,3,0,4,0,0,0,0.0,0.0,0.0,0.0,0.0,0,1,1,1,1,0,0,0,1,1,0,0,1,0,0,0,1,0,0,0,0,0
1524,17.770593052852867,2022,Forward,25,1.75,0,361,17.72753356339242,41,13,11,1,5,0,1,0,8.0,4.0,1.0,57.0,19.0,0,1,1,1,1,0,1,1,1,1,0,0,1,0,1,1,0,0,0,1,0,0
1525,17.37085861945369,2022,Midfielder,22,1.7,0,1095,17.034386382832476,32,6,13,0,3,0,1,1,5.0,0.0,2.0,0.0,0.0,0,0,0,0,1,0,1,1,1,1,0,0,0,0,0,1,1,0,0,0,0,0
1526,17.37085861945369,2022,Defender,25,1.75,0,709,17.034386382832476,28,0,6,0,2,0,1,0,8.0,0.0,2.0,52.0,8.0,0,1,1,1,1,0,1,1,1,1,0,0,0,0,1,1,1,0,0,0,0,0
1527,16.99356438831222,2022,Forward,28,1.72,1,527,17.216707939626428,17,7,2,0,1,0,0,1,1.0,0.0,0.0,24.0,5.0,0,1,1,1,1,0,1,1,1,1,0,0,1,0,0,1,1,0,0,0,0,0
1528,16.785925023533974,2022,Defender,22,1.89,1,889,15.89495209964411,21,0,0,0,3,0,0,1,1.0,0.0,0.0,9.0,0.0,0,0,1,0,1,0,1,1,1,1,0,0,0,0,0,1,1,0,0,0,0,0
1529,16.240313283682568,2022,Midfielder,31,1.78,1,150,17.37085861945369,25,3,0,3,4,0,1,0,6.0,1.0,0.0,46.0,5.0,0,1,1,1,1,0,1,1,1,1,0,0,1,0,1,1,1,0,0,0,0,0
1530,15.590462908875947,2022,Goalkeeper,28,1.91,0,0,15.424948470398375,5,0,0,0,0,0,0,0,0.0,0.0,0.0,23.0,0.0,0,0,0,0,0,0,1,1,1,1,0,0,1,0,0,1,0,0,1,0,0,0
1531,15.068273526459642,2022,Forward,19,1.75,0,700,15.761420707019587,4,1,0,0,1,0,0,0,3.0,1.0,0.0,0.0,0.0,0,0,0,0,0,1,1,1,1,1,0,0,0,0,0,1,0,0,0,1,0,0
1532,16.213405830762646,2022,Midfielder,23,1.85,0,364,17.034386382832476,56,5,11,0,9,0,0,1,14.0,1.0,2.0,7.0,1.0,0,1,1,1,1,0,0,1,0,1,0,0,1,0,1,0,1,0,0,0,0,0
1533,15.60727002719233,2022,Midfielder,26,1.66,0,326,16.811242831518264,35,5,1,0,11,1,0,0,0.0,0.0,0.0,35.0,0.0,0,1,1,1,1,0,0,0,0,1,0,0,1,0,1,0,0,0,0,1,0,0
1534,15.096444403426338,2022,Goalkeeper,30,1.9,0,332,16.012735135300492,8,0,0,0,0,0,0,0,0.0,0.0,0.0,9.0,0.0,0,1,1,1,1,0,1,1,1,1,0,0,1,0,1,0,1,0,0,0,0,0
1535,14.978661367769956,2022,Defender,24,1.94,0,364,16.523560759066484,33,5,0,0,3,0,0,0,0.0,0.0,0.0,15.0,0.0,0,1,1,1,1,0,0,1,0,1,0,0,1,0,1,0,1,0,0,0,0,0
1536,17.24949776244942,2022,Defender,29,1.85,0,730,17.50439001207821,45,3,0,0,8,1,1,1,8.0,0.0,0.0,0.0,0.0,0,0,1,0,1,0,1,1,1,1,0,0,1,0,0,0,0,0,0,1,0,0
1537,17.19990082131005,2022,Forward,19,1.85,1,708,15.60727002719233,28,8,3,0,8,1,0,0,0.0,0.0,0.0,3.0,0.0,0,0,0,0,0,0,1,1,1,1,0,0,0,0,0,0,0,0,0,1,0,0
1538,16.811242831518264,2022,Midfielder,30,1.72,0,364,16.811242831518264,35,7,3,1,1,0,1,0,4.0,0.0,0.0,65.0,21.0,0,0,1,0,1,0,1,1,1,1,0,0,1,0,0,0,0,0,0,1,0,0
1539,16.523560759066484,2022,Midfielder,27,1.88,0,302,17.14771506813948,34,3,4,0,4,0,0,0,0.0,0.0,0.0,31.0,1.0,0,1,1,1,1,0,1,1,1,1,0,0,1,0,0,0,1,0,0,0,0,0
1540,16.41820024340866,2022,Defender,29,1.79,1,901,16.811242831518264,19,0,3,0,1,0,0,1,4.0,0.0,0.0,0.0,0.0,0,0,1,0,1,0,1,1,1,1,0,0,0,0,0,0,1,0,0,0,0,0
1541,15.068273526459642,2022,Goalkeeper,32,1.96,0,364,14.508657738524219,12,0,0,0,0,0,0,0,0.0,0.0,0.0,63.0,0.0,0,0,1,0,1,0,1,1,1,1,0,0,1,0,0,0,1,0,0,0,0,0
1542,16.70588231586044,2022,Midfielder,18,1.88,0,330,15.60727002719233,21,2,2,0,0,0,0,0,0.0,0.0,0.0,0.0,0.0,1,1,1,1,1,0,1,1,1,1,0,0,1,0,0,1,1,0,0,0,0,1
1543,16.67771143889374,2022,Defender,26,1.83,0,1095,16.64872390202049,35,1,1,0,3,0,0,0,0.0,0.0,0.0,0.0,0.0,1,1,1,1,1,0,1,1,1,1,0,0,0,0,0,0,1,0,0,0,0,1
1544,16.300417207752275,2022,Forward,30,1.77,1,527,16.588099280204055,21,7,2,3,3,0,0,0,5.0,1.0,0.0,3.0,1.0,1,1,1,1,1,0,1,1,1,1,0,0,1,0,0,0,1,0,0,0,0,1
1545,15.201804919084164,2022,Forward,27,1.8,0,361,16.11809565095832,15,7,3,1,1,0,0,0,0.0,0.0,0.0,57.0,9.0,0,1,1,1,1,0,0,0,0,1,0,0,1,0,0,0,0,1,0,0,0,0
1546,14.73180128983843,2022,Forward,27,1.89,0,303,16.012735135300492,14,3,3,2,2,0,0,0,0.0,0.0,0.0,2.0,0.0,0,1,1,1,1,0,0,0,0,1,0,0,1,0,0,0,1,0,0,0,0,0
1547,16.93787548245163,2022,Defender,20,1.89,1,1246,16.523560759066484,19,0,0,0,5,2,0,1,5.0,0.0,0.0,24.0,0.0,0,0,0,0,1,0,1,1,1,1,0,0,1,0,0,0,1,0,0,0,0,0
1548,16.929025867174648,2022,Forward,20,1.77,1,528,16.11809565095832,18,6,5,0,3,1,0,0,0.0,0.0,0.0,8.0,2.0,0,0,1,0,1,0,1,1,1,1,0,0,0,0,0,0,0,1,0,0,0,0
1549,16.523560759066484,2022,Defender,25,1.85,0,326,16.64872390202049,44,3,2,0,6,0,0,0,12.0,1.0,0.0,1.0,0.0,0,0,0,0,1,0,1,1,1,1,0,0,0,0,0,0,0,0,0,1,0,0
1550,16.292048958081757,2022,Midfielder,23,1.78,0,699,15.319587954740548,48,5,5,0,8,0,0,0,0.0,0.0,0.0,0.0,0.0,1,0,0,1,1,0,1,1,1,1,0,0,0,0,0,0,1,0,0,0,0,1
1551,16.14278826354869,2022,Midfielder,23,1.85,1,154,14.914122846632385,27,8,2,0,6,0,0,0,0.0,0.0,0.0,5.0,1.0,0,0,0,1,1,0,1,1,1,1,0,0,1,0,0,0,0,1,0,0,0,1
1552,16.759949537130716,2022,Forward,21,1.7,0,0,16.300417207752275,48,13,3,0,3,0,0,0,0.0,0.0,0.0,0.0,0.0,1,0,0,1,1,0,1,1,1,1,0,0,1,0,0,0,1,0,0,0,0,1
1553,16.523560759066484,2022,Midfielder,22,1.8,0,690,16.523560759066484,12,0,0,0,1,0,0,0,0.0,0.0,0.0,21.0,4.0,0,0,1,0,1,0,1,1,1,1,0,0,1,0,0,0,1,0,0,0,0,0
1554,16.472267464678932,2022,Defender,20,1.85,0,722,16.70588231586044,36,5,1,0,7,0,0,0,0.0,0.0,0.0,7.0,0.0,0,0,1,0,1,0,1,1,1,1,0,0,0,1,0,0,1,0,0,0,0,0
1555,15.096444403426338,2022,Forward,23,1.82,0,1433,15.201804919084164,23,7,3,1,1,0,0,0,0.0,0.0,0.0,17.0,2.0,0,1,1,1,1,0,0,0,1,1,0,0,1,0,0,0,1,0,0,0,0,1
1556,16.694709015262312,2022,Defender,24,1.75,0,1779,16.811242831518264,41,0,2,0,5,0,1,0,11.0,0.0,0.0,31.0,3.0,0,0,1,0,1,0,1,1,1,1,0,0,0,0,0,0,0,0,0,1,0,0
1557,16.266515656076592,2022,Midfielder,18,1.73,0,914,16.213405830762646,17,11,3,2,2,0,0,0,3.0,0.0,0.0,9.0,0.0,0,0,0,0,0,1,1,1,1,1,0,0,1,0,0,0,0,0,0,1,0,0
1558,15.931766072766827,2022,Midfielder,21,1.7,0,668,16.300417207752275,28,0,2,0,2,0,0,0,0.0,0.0,0.0,16.0,0.0,0,1,1,1,1,0,1,1,1,1,0,0,1,0,1,0,1,0,0,0,0,1
1559,15.89495209964411,2022,Forward,20,1.75,0,0,14.22097566607244,31,9,3,0,5,0,0,0,0.0,0.0,0.0,0.0,0.0,0,0,0,0,1,0,1,1,1,1,0,0,1,0,0,0,0,1,0,0,0,0
1560,15.60727002719233,2022,Midfielder,18,1.74,1,180,16.012735135300492,32,4,3,0,6,0,0,0,0.0,0.0,0.0,0.0,0.0,0,0,0,0,0,1,1,1,1,1,0,0,0,0,0,0,0,0,0,1,0,0
1561,15.201804919084164,2022,Midfielder,19,1.72,1,1066,15.201804919084164,24,4,1,0,6,1,0,0,0.0,0.0,0.0,0.0,0.0,0,0,0,0,1,0,1,1,1,1,0,0,1,0,0,0,1,0,0,0,0,0
1562,17.994502594246658,2022,Defender,24,1.73,0,1425,17.14771506813948,39,1,2,0,6,0,0,0,0.0,0.0,0.0,1.0,0.0,0,1,1,1,1,0,1,1,1,1,0,0,0,0,0,1,1,0,0,0,0,0
1563,17.18967926723851,2022,Midfielder,25,1.82,0,364,17.37085861945369,28,2,2,0,10,0,0,0,0.0,0.0,0.0,20.0,2.0,0,1,1,1,1,0,1,1,1,1,0,0,1,0,0,1,0,1,0,0,0,0
1564,16.283610089435893,2022,Forward,26,1.71,0,308,16.70588231586044,35,9,2,1,7,0,0,0,0.0,0.0,0.0,0.0,0.0,0,1,1,1,1,0,1,1,1,1,0,0,1,0,0,0,1,0,0,0,0,0
1565,15.520258650202699,2022,Defender,22,1.83,0,0,15.424948470398375,32,2,0,0,10,2,0,0,0.0,0.0,0.0,9.0,1.0,0,1,1,1,1,0,0,1,0,1,0,0,1,0,0,0,1,0,0,0,0,0
1566,14.77102200299171,2022,Defender,25,1.85,0,309,14.914122846632385,34,1,0,0,5,0,0,0,0.0,0.0,0.0,0.0,0.0,1,1,1,1,1,0,0,0,1,1,0,0,0,0,0,0,1,0,0,0,0,1
1567,18.611301103561015,2022,Midfielder,22,1.78,1,1611,17.822843743196746,50,11,13,4,9,0,1,0,13.0,2.0,2.0,10.0,1.0,0,0,0,0,1,0,1,1,1,1,0,0,1,0,0,1,0,0,0,1,0,0
1568,18.202524734149193,2022,Defender,21,1.85,0,1764,17.50439001207821,12,1,0,0,3,0,0,0,5.0,1.0,0.0,0.0,0.0,0,1,1,1,1,0,1,1,1,1,0,0,1,0,0,1,1,0,0,0,0,0
1569,18.064005800013632,2022,Forward,22,1.75,1,1446,17.50439001207821,18,10,8,2,5,1,1,0,6.0,3.0,2.0,8.0,0.0,0,0,0,0,1,0,1,1,1,1,0,0,1,0,0,1,1,0,0,0,0,0
1570,17.84442731486392,2022,Forward,27,1.7,0,352,18.064005800013632,47,17,8,2,2,0,1,0,12.0,3.0,2.0,81.0,20.0,1,1,1,1,1,0,1,1,1,1,0,0,1,0,1,1,1,0,0,0,0,1
1571,17.550796384892365,2022,Defender,31,1.86,0,349,17.37085861945369,34,3,1,0,7,1,0,1,7.0,0.0,0.0,63.0,1.0,0,0,1,0,1,0,1,1,1,1,0,0,1,0,0,1,0,1,0,0,0,0
1572,17.45309671769066,2022,Defender,21,1.94,1,542,17.50439001207821,16,2,0,0,5,0,0,1,5.0,0.0,0.0,2.0,0.0,0,0,1,0,1,0,1,1,1,1,0,0,0,0,0,1,1,0,0,0,0,0
1573,17.37085861945369,2022,Forward,20,1.82,1,892,16.523560759066484,8,1,0,0,2,0,0,1,3.0,0.0,0.0,0.0,0.0,1,0,0,0,1,0,1,1,1,1,0,0,0,0,0,1,1,0,0,0,0,1
1574,16.300417207752275,2022,Forward,33,1.87,0,1033,16.523560759066484,38,20,3,0,3,0,0,1,6.0,2.0,0.0,49.0,23.0,0,0,1,0,1,0,1,1,1,1,0,0,1,0,0,1,0,1,0,0,0,0
1575,16.300417207752275,2022,Forward,20,1.82,1,730,15.761420707019587,32,17,3,4,5,1,0,0,4.0,2.0,0.0,1.0,0.0,0,0,0,0,1,0,1,1,1,1,0,0,1,0,0,1,0,1,0,0,0,0
1576,16.02268546615366,2022,Goalkeeper,18,1.93,0,516,14.914122846632385,32,0,0,0,0,0,0,0,0.0,0.0,0.0,0.0,0.0,0,0,0,0,0,0,1,1,1,1,0,0,1,0,0,1,0,0,1,0,0,0
1577,16.811242831518264,2022,Forward,26,1.8,0,1056,17.37085861945369,36,11,6,0,1,0,1,0,6.0,4.0,2.0,55.0,24.0,0,1,1,1,1,0,0,1,0,1,0,0,1,0,1,0,1,0,0,0,0,0
1578,16.549878067383858,2022,Defender,28,1.76,0,677,16.454567887579532,37,1,2,0,4,1,0,1,7.0,0.0,0.0,27.0,0.0,0,1,1,1,1,0,1,1,1,1,0,0,0,0,1,0,1,0,0,0,0,0
1579,15.068273526459642,2022,Forward,28,1.85,0,301,16.11809565095832,38,14,3,4,7,0,1,0,5.0,0.0,0.0,50.0,27.0,0,1,1,1,1,0,0,0,0,1,0,0,1,0,1,0,1,0,0,0,0,0
1580,13.122363377404328,2022,Forward,26,1.8,0,668,15.761420707019587,3,0,1,0,0,0,0,0,0.0,0.0,0.0,0.0,0.0,0,1,1,1,1,0,0,1,0,1,0,0,0,0,1,0,0,0,0,1,0,0
1581,16.933460464242515,2022,Midfielder,22,1.8,0,720,16.523560759066484,37,1,4,0,7,1,0,0,0.0,0.0,0.0,10.0,0.0,0,0,1,0,1,0,1,1,1,1,0,0,1,0,0,0,0,1,0,0,0,0
1582,16.300417207752275,2022,Defender,22,1.88,0,1069,15.830413578506539,23,1,1,0,2,0,0,0,0.0,0.0,0.0,8.0,0.0,0,0,1,0,1,0,1,1,1,1,0,0,1,0,0,0,0,0,1,0,0,0
1583,16.300417207752275,2022,Midfielder,20,1.83,1,881,15.520258650202699,18,2,2,0,4,1,0,0,0.0,0.0,0.0,0.0,0.0,0,0,1,0,1,0,1,1,1,1,0,0,1,0,0,0,1,0,0,0,0,0
1584,15.512959347721088,2022,Forward,31,1.9,0,330,15.60727002719233,31,4,1,0,3,0,0,0,0.0,0.0,0.0,36.0,14.0,0,1,1,1,1,0,0,0,0,0,0,0,1,0,0,0,1,0,0,0,0,0
1585,17.501134719357538,2022,Midfielder,20,1.95,0,1421,16.11809565095832,42,3,1,0,2,1,1,0,8.0,0.0,0.0,4.0,0.0,0,0,1,0,1,0,1,1,1,1,0,0,1,0,0,0,1,0,0,0,0,0
1586,16.64872390202049,2022,Midfielder,22,1.83,0,703,16.70588231586044,40,0,1,0,2,0,0,0,0.0,0.0,0.0,0.0,0.0,1,0,0,1,1,0,1,1,1,1,0,0,0,0,0,0,1,0,0,0,0,1
1587,16.1573163641116,2022,Midfielder,21,1.82,0,668,15.761420707019587,46,4,10,0,9,0,0,0,0.0,0.0,0.0,0.0,0.0,1,1,1,1,1,0,1,1,1,1,0,0,1,0,1,0,1,0,0,0,0,1
1588,15.201804919084164,2022,Midfielder,32,1.74,0,302,16.300417207752275,33,4,1,0,5,0,1,0,7.0,1.0,0.0,85.0,6.0,0,0,1,0,1,0,1,1,1,1,0,0,1,0,0,0,0,1,0,0,0,0
1589,17.875953568510692,2022,Forward,25,1.84,0,730,17.686711568872166,33,11,5,3,9,0,0,0,0.0,0.0,0.0,41.0,20.0,0,1,1,1,1,0,1,1,1,1,0,0,1,0,0,1,0,0,0,1,0,0
1590,17.635418274484614,2022,Forward,21,1.83,1,883,17.50439001207821,18,3,0,0,7,0,0,0,0.0,0.0,0.0,0.0,0.0,1,1,1,1,1,0,1,1,1,1,0,0,1,0,0,0,1,0,0,0,0,1
1591,17.030378361434938,2022,Midfielder,26,1.9,0,1092,17.034386382832476,33,3,0,0,8,1,1,0,6.0,0.0,0.0,18.0,2.0,0,0,0,0,1,0,1,1,1,1,0,0,1,0,0,0,1,0,0,0,0,0
1592,16.694709015262312,2022,Defender,25,1.94,0,324,16.11809565095832,26,1,2,0,2,0,0,1,7.0,1.0,0.0,0.0,0.0,0,1,1,1,1,0,1,1,1,1,0,0,1,0,0,0,1,0,0,0,0,0
1593,16.0978929436408,2022,Midfielder,26,1.82,1,516,16.38045991542581,19,3,1,1,4,0,0,0,0.0,0.0,0.0,35.0,2.0,0,0,1,0,1,0,1,1,1,1,0,0,1,0,0,0,1,0,0,0,0,0
1594,15.520258650202699,2022,Defender,27,1.84,0,338,16.012735135300492,31,0,1,0,6,0,1,0,6.0,0.0,0.0,22.0,0.0,0,0,1,0,1,0,1,1,1,1,0,0,1,0,0,0,1,0,0,0,0,0
1595,15.424948470398375,2022,Forward,27,1.9,0,668,15.89495209964411,34,7,7,1,8,0,0,1,10.0,1.0,1.0,0.0,0.0,0,0,0,0,1,0,1,1,1,1,0,0,0,0,0,0,0,0,0,1,0,0
1596,16.588099280204055,2022,Midfielder,26,1.84,0,364,17.216707939626428,33,0,1,0,6,0,0,1,5.0,0.0,0.0,45.0,5.0,0,1,1,1,1,0,0,1,0,1,0,0,1,0,0,0,0,1,0,0,0,0
1597,16.056220247240233,2022,Midfielder,19,1.7,0,0,16.300417207752275,38,11,7,0,6,0,0,0,0.0,0.0,0.0,0.0,0.0,0,1,1,1,1,0,1,1,1,1,0,0,1,0,0,1,1,0,0,0,0,1
1598,17.516812532076766,2022,Forward,20,1.82,1,1263,16.588099280204055,18,2,3,0,2,0,0,0,0.0,0.0,0.0,0.0,0.0,0,0,1,0,1,0,1,1,1,1,0,0,0,0,0,0,1,0,0,0,0,0
1599,17.307157842548502,2022,Midfielder,21,1.77,0,1095,17.034386382832476,34,4,6,1,1,0,1,0,8.0,0.0,2.0,24.0,6.0,0,0,0,0,1,0,1,1,1,1,0,0,1,0,0,0,0,0,1,0,0,0
1600,17.034386382832476,2022,Forward,23,1.72,0,724,17.034386382832476,42,18,11,0,2,0,0,0,12.0,6.0,4.0,7.0,3.0,0,0,0,0,1,0,1,1,1,1,0,0,1,0,0,0,0,0,0,1,0,0
1601,16.64872390202049,2022,Midfielder,23,1.75,0,1090,16.64872390202049,37,0,1,0,9,0,1,1,9.0,0.0,0.0,33.0,1.0,0,0,1,0,1,0,1,1,1,1,0,0,1,0,0,0,0,0,1,0,0,0
1602,16.38045991542581,2022,Defender,24,1.87,0,1095,16.523560759066484,37,7,5,0,2,0,1,0,8.0,0.0,1.0,13.0,0.0,0,0,0,0,1,0,1,1,1,1,0,0,1,0,0,0,1,0,0,0,0,0
1603,16.300417207752275,2022,Midfielder,25,1.84,0,1095,15.761420707019587,13,0,0,0,0,0,1,0,4.0,0.0,0.0,0.0,0.0,0,0,1,0,1,0,1,1,1,1,0,0,0,0,0,0,1,0,0,0,0,0
1604,16.300417207752275,2022,Defender,24,1.88,1,909,16.300417207752275,18,1,3,0,2,0,1,0,3.0,0.0,1.0,13.0,0.0,0,0,0,0,1,0,1,1,1,1,0,0,0,0,0,0,1,0,0,0,0,0
1605,15.319587954740548,2022,Forward,18,1.7,0,302,16.11809565095832,33,9,1,0,8,0,0,0,0.0,0.0,0.0,9.0,1.0,0,0,0,0,1,0,1,1,1,1,0,0,1,0,0,0,1,0,0,0,0,0
1606,17.875953568510692,2022,Forward,25,1.76,0,718,17.622173047734595,36,11,3,4,7,0,0,0,0.0,0.0,0.0,16.0,5.0,0,1,1,1,1,0,0,1,0,1,0,0,0,0,0,0,0,0,0,1,0,0
1607,17.7073308560749,2022,Midfielder,26,1.79,0,727,17.72753356339242,23,1,1,0,4,0,0,0,0.0,0.0,0.0,25.0,0.0,1,1,1,1,1,0,1,1,1,1,0,0,1,0,0,1,1,0,0,0,0,1
1608,13.997832114758229,2022,Defender,22,1.82,0,340,13.592367006650065,15,0,1,0,0,0,0,0,0.0,0.0,0.0,0.0,0.0,1,1,1,1,1,0,0,0,1,1,0,0,0,0,0,0,1,0,0,0,0,1
1609,13.815510557964274,2022,Midfielder,21,1.75,0,91,13.815510557964274,22,4,5,0,2,0,0,0,0.0,0.0,0.0,0.0,0.0,0,1,1,1,1,0,0,0,0,0,0,0,1,0,0,0,1,0,0,0,0,0
1610,16.64872390202049,2022,Defender,24,1.87,0,668,16.11809565095832,39,4,0,0,2,0,0,0,0.0,0.0,0.0,1.0,0.0,0,0,1,0,1,0,1,1,1,1,0,0,1,0,0,0,1,0,0,0,0,0
1611,16.64872390202049,2022,Defender,24,1.98,1,0,15.60727002719233,10,0,1,0,4,0,0,0,0.0,0.0,0.0,14.0,6.0,0,0,0,1,1,0,1,1,1,1,0,0,1,0,0,0,0,0,0,0,0,1
1612,16.454567887579532,2022,Defender,20,1.81,1,1076,15.201804919084164,21,1,1,0,6,0,1,0,6.0,0.0,0.0,0.0,0.0,0,0,0,0,1,0,1,1,1,1,0,0,0,0,0,0,1,0,0,0,0,0
1613,13.815510557964274,2022,Goalkeeper,35,1.89,0,331,15.201804919084164,53,0,0,0,2,0,0,1,14.0,0.0,0.0,85.0,0.0,0,1,1,1,1,0,0,1,0,1,0,0,1,0,0,0,1,0,0,0,0,1
1614,18.258161814454592,2022,Forward,23,1.87,0,1095,17.822843743196746,38,32,4,5,7,0,1,0,10.0,6.0,0.0,15.0,3.0,0,0,0,0,1,0,1,1,1,1,0,0,1,0,0,1,0,0,0,1,0,0
1615,17.553180176247643,2022,Forward,23,1.93,1,1276,17.909855120186375,19,12,15,2,1,0,0,1,5.0,3.0,3.0,16.0,6.0,0,0,0,0,1,0,1,1,1,1,0,0,1,0,0,1,1,0,0,0,0,0
1616,17.281246460764002,2022,Forward,30,1.74,0,364,18.064005800013632,51,23,3,0,8,0,1,0,13.0,5.0,1.0,81.0,28.0,0,1,1,1,1,0,0,1,0,1,0,0,1,0,1,0,0,1,0,0,0,0
1617,16.811242831518264,2022,Defender,21,1.83,0,1086,15.89495209964411,23,2,4,0,2,0,1,0,3.0,0.0,0.0,26.0,2.0,0,1,1,1,1,0,1,1,1,1,0,0,1,0,1,0,1,0,0,0,0,1
1618,16.523560759066484,2022,Forward,27,1.72,0,730,16.300417207752275,24,10,1,0,2,0,1,0,4.0,0.0,0.0,45.0,17.0,0,1,1,1,1,0,0,1,0,1,0,0,1,0,1,0,0,0,0,0,1,0
1619,16.012735135300492,2022,Midfielder,26,1.91,0,364,16.300417207752275,30,1,1,0,7,1,1,1,9.0,0.0,1.0,19.0,0.0,0,1,1,1,1,0,0,0,0,1,0,0,1,0,1,0,1,0,0,0,0,0
1620,15.363073066680286,2022,Defender,26,1.85,0,1077,14.73180128983843,41,1,1,0,6,0,0,0,4.0,0.0,0.0,72.0,1.0,1,1,1,1,1,0,0,0,0,1,0,0,0,0,1,0,1,0,0,0,0,1
1621,17.909855120186375,2022,Forward,21,1.95,0,730,18.82614585206053,30,29,8,8,3,0,1,0,3.0,3.0,0.0,23.0,21.0,0,0,1,0,1,0,1,1,1,1,0,0,0,0,0,1,1,0,0,0,0,0
1622,16.811242831518264,2022,Defender,27,1.88,0,302,17.216707939626428,36,1,0,0,3,0,1,1,6.0,0.0,0.0,47.0,2.0,0,0,1,0,1,0,1,1,1,1,0,0,1,0,0,1,1,0,0,0,0,0
1623,16.523560759066484,2022,Forward,21,1.71,0,1049,16.11809565095832,34,5,11,3,4,0,0,0,0.0,0.0,0.0,0.0,0.0,0,0,0,0,1,0,1,1,1,1,0,0,0,0,0,1,1,0,0,0,0,0
1624,16.213405830762646,2022,Midfielder,20,1.77,1,342,15.955576721460545,32,3,2,0,13,0,0,0,10.0,1.0,2.0,0.0,0.0,0,0,0,0,0,1,1,1,1,1,0,0,0,0,0,1,0,0,0,1,0,0
1625,15.986847364348366,2022,Defender,22,1.73,0,730,17.034386382832476,30,5,3,2,8,0,1,0,7.0,1.0,0.0,1.0,0.0,0,1,1,1,1,0,0,0,0,1,0,0,1,0,1,0,1,0,0,0,0,0
1626,15.424948470398375,2022,Defender,25,1.88,0,363,15.424948470398375,32,4,0,0,3,0,0,0,0.0,0.0,0.0,14.0,1.0,0,1,1,1,1,0,0,1,0,1,0,0,1,0,1,0,0,0,0,0,1,0
1627,14.914122846632385,2022,Goalkeeper,23,1.98,0,709,14.77102200299171,31,0,0,0,3,0,0,0,0.0,0.0,0.0,28.0,0.0,0,1,1,1,1,0,0,0,1,1,0,0,1,0,1,0,1,0,0,0,0,1
1628,18.369387449564815,2022,Forward,22,1.72,0,1035,17.37085861945369,30,10,9,0,6,1,1,0,7.0,2.0,5.0,15.0,2.0,0,0,0,0,1,0,1,1,1,1,0,0,0,0,0,1,0,0,0,1,0,0
1629,18.07324866709481,2022,Midfielder,30,1.85,0,1043,17.50439001207821,48,1,3,0,16,0,1,0,11.0,0.0,0.0,63.0,6.0,0,0,1,0,1,0,1,1,1,1,0,0,1,0,0,1,0,0,0,1,0,0
1630,17.865032076578053,2022,Defender,24,1.75,0,1069,17.281246460764002,32,1,4,0,5,0,1,0,8.0,0.0,1.0,15.0,0.0,0,0,0,0,1,0,1,1,1,1,0,0,0,0,0,1,0,0,0,1,0,0
1631,16.523560759066484,2022,Defender,22,1.69,0,726,16.64872390202049,43,1,5,0,9,0,0,0,11.0,0.0,1.0,7.0,0.0,0,0,0,0,1,0,1,1,1,1,0,0,0,0,0,1,1,0,0,0,0,0
1632,14.375126345899696,2022,Forward,22,1.85,0,302,15.068273526459642,22,2,3,0,2,0,0,0,0.0,0.0,0.0,0.0,0.0,0,1,1,1,1,0,0,0,1,1,0,0,0,0,1,0,1,0,0,0,0,1
1633,18.064005800013632,2022,Forward,22,1.92,0,1404,17.216707939626428,41,10,3,2,7,0,0,1,6.0,3.0,0.0,35.0,8.0,0,0,1,0,1,0,1,1,1,1,0,0,1,0,0,0,1,0,0,0,0,0
1634,17.4264284706085,2022,Defender,22,1.93,0,1095,17.216707939626428,32,3,1,0,5,0,1,0,5.0,0.0,0.0,0.0,0.0,0,0,1,0,1,0,1,1,1,1,0,0,0,0,0,0,1,0,0,0,0,0
1635,16.25785759333348,2022,Goalkeeper,30,1.98,0,364,16.523560759066484,39,0,0,0,1,0,0,0,0.0,0.0,0.0,10.0,0.0,1,0,0,1,1,0,1,1,1,1,0,0,1,0,0,0,1,0,0,0,0,1
1636,15.03928598958639,2022,Defender,21,1.79,1,0,12.611537753638338,8,1,2,0,2,0,0,0,1.0,0.0,0.0,0.0,0.0,0,0,0,1,1,0,1,1,1,1,0,0,1,0,0,0,1,0,0,0,0,1
1637,15.687312734865866,2022,Midfielder,30,1.84,1,150,15.761420707019587,5,0,0,0,0,0,0,0,0.0,0.0,0.0,6.0,0.0,1,1,1,1,1,0,1,1,1,1,0,0,1,0,0,0,1,0,0,0,0,1
1638,17.19990082131005,2022,Midfielder,22,1.71,0,681,16.213405830762646,38,12,9,0,9,1,0,0,0.0,0.0,0.0,0.0,0.0,1,1,1,1,1,0,1,1,1,1,0,0,1,0,0,0,1,0,0,0,0,1
1639,16.835935444108635,2022,Forward,24,1.83,0,0,16.811242831518264,41,18,2,2,4,0,0,0,6.0,2.0,0.0,5.0,1.0,0,0,1,0,1,0,1,1,1,1,0,0,1,0,0,0,0,1,0,0,0,0
1640,16.510137738734343,2022,Forward,24,1.75,0,1417,16.454567887579532,35,10,6,0,9,1,0,0,0.0,0.0,0.0,7.0,0.0,0,0,0,1,1,0,1,1,1,1,0,0,1,0,0,0,0,1,0,0,0,0
1641,16.440179150127435,2022,Defender,26,1.9,0,359,16.70588231586044,33,4,0,2,2,0,0,0,0.0,0.0,0.0,0.0,0.0,0,0,1,0,1,0,1,1,1,1,0,0,0,0,0,0,0,1,0,0,0,0
1642,16.38045991542581,2022,Midfielder,24,1.78,0,700,16.523560759066484,29,1,3,0,4,0,0,0,0.0,0.0,0.0,2.0,0.0,0,0,1,0,1,0,1,1,1,1,0,0,1,0,0,0,1,0,0,0,0,0
1643,16.11809565095832,2022,Defender,22,1.87,0,1458,15.201804919084164,33,1,2,0,11,0,0,0,0.0,0.0,0.0,0.0,0.0,0,0,1,0,1,0,1,1,1,1,0,0,1,0,0,0,1,0,0,0,0,0
1644,16.056220247240233,2022,Midfielder,23,1.73,0,1076,15.068273526459642,47,3,3,0,10,0,0,0,0.0,0.0,0.0,0.0,0.0,1,0,0,1,1,0,1,1,1,1,0,0,0,0,0,0,1,0,0,0,0,1
1645,15.955576721460545,2022,Defender,24,1.74,0,1086,15.761420707019587,17,0,1,0,2,0,1,0,4.0,0.0,0.0,0.0,0.0,1,0,1,0,1,0,1,1,1,1,0,0,0,0,0,0,1,0,0,0,0,1
1646,15.931766072766827,2022,Midfielder,30,1.8,0,1051,16.811242831518264,43,2,6,0,11,0,1,1,12.0,1.0,1.0,53.0,6.0,0,0,1,0,1,0,1,1,1,1,0,0,1,0,0,0,1,0,0,0,0,0
1647,15.201804919084164,2022,Forward,29,1.85,0,308,15.761420707019587,33,11,2,0,3,0,0,0,0.0,0.0,0.0,51.0,16.0,0,0,0,0,1,0,1,1,1,1,0,0,0,1,0,0,0,0,0,0,1,0
1648,14.77102200299171,2022,Defender,31,1.95,0,302,15.60727002719233,11,0,0,0,1,0,0,0,0.0,0.0,0.0,12.0,1.0,0,1,1,1,1,0,1,1,1,1,0,0,1,0,0,0,0,1,0,0,0,0
1649,14.690979295318174,2022,Defender,26,1.83,0,345,14.73180128983843,45,6,7,0,4,0,0,0,0.0,0.0,0.0,0.0,0.0,1,0,0,1,1,0,1,1,1,1,0,0,0,0,0,0,1,0,0,0,0,1
1650,14.648419680899378,2022,Defender,33,1.9,1,150,14.914122846632385,4,0,0,0,0,0,1,0,1.0,0.0,0.0,2.0,0.0,0,0,1,0,1,0,1,1,1,1,0,0,1,0,0,0,0,0,0,1,0,0
1651,14.648419680899378,2022,Forward,23,1.84,0,302,14.508657738524219,45,8,3,0,6,0,0,0,0.0,0.0,0.0,0.0,0.0,1,0,0,1,1,0,1,1,1,1,0,0,0,0,0,0,1,0,0,0,0,1
1652,15.424948470398375,2022,Goalkeeper,28,1.87,0,360,14.73180128983843,42,0,0,0,6,1,0,0,0.0,0.0,0.0,0.0,0.0,0,1,1,1,1,0,0,1,0,1,0,0,0,0,0,0,1,0,0,0,0,0
1653,17.034386382832476,2022,Forward,20,1.75,1,1246,16.70588231586044,20,1,2,0,1,0,0,1,4.0,0.0,2.0,14.0,0.0,0,0,1,0,1,0,1,1,1,1,0,0,1,0,0,0,0,1,0,0,0,0
1654,16.918301903811674,2022,Midfielder,18,1.81,0,359,14.508657738524219,22,1,2,0,5,1,0,0,0.0,0.0,0.0,0.0,0.0,0,0,0,1,1,0,1,1,1,1,0,0,1,0,0,0,1,0,0,0,0,1
1655,16.70588231586044,2022,Forward,28,2.01,1,516,16.523560759066484,19,16,0,4,3,0,0,0,0.0,0.0,0.0,17.0,3.0,0,0,0,0,1,0,1,1,1,1,0,0,1,0,0,0,0,1,0,0,0,0
1656,16.454567887579532,2022,Goalkeeper,20,1.88,0,730,15.424948470398375,46,0,0,0,1,0,0,0,0.0,0.0,0.0,13.0,0.0,0,0,0,1,1,0,1,1,1,1,0,0,1,0,0,0,1,0,0,0,0,1
1657,16.429250079595242,2022,Midfielder,20,1.76,1,1450,15.955576721460545,39,8,1,0,9,1,0,0,6.0,1.0,1.0,0.0,0.0,0,0,0,0,0,1,1,1,1,1,0,0,1,0,0,0,0,0,0,1,0,0
1658,16.300417207752275,2022,Defender,20,1.9,0,730,16.11809565095832,26,0,0,0,5,0,0,0,0.0,0.0,0.0,2.0,0.0,0,0,1,0,1,0,1,1,1,1,0,0,1,0,0,0,1,0,0,0,0,0
1659,16.25785759333348,2022,Forward,19,1.83,0,1071,14.914122846632385,27,6,0,1,2,0,0,0,0.0,0.0,0.0,0.0,0.0,0,0,0,0,1,0,1,1,1,1,0,0,1,0,0,0,1,0,0,0,0,0
1660,15.89495209964411,2022,Forward,19,1.81,0,302,13.592367006650065,12,2,1,1,0,0,0,0,0.0,0.0,0.0,0.0,0.0,1,0,0,1,1,0,1,1,1,1,0,0,1,0,0,0,1,0,0,0,0,1
1661,15.89495209964411,2022,Defender,25,1.93,0,302,16.588099280204055,38,2,0,0,7,0,0,1,9.0,0.0,0.0,23.0,1.0,0,0,1,0,1,0,1,1,1,1,0,0,1,0,0,0,1,0,0,0,0,0
1662,15.775605342011543,2022,Midfielder,25,1.83,0,326,16.11809565095832,49,9,7,0,8,0,0,1,15.0,1.0,3.0,20.0,2.0,0,0,0,0,1,0,1,1,1,1,0,0,0,0,0,0,0,1,0,0,0,1
1663,15.564710412773533,2022,Forward,30,1.79,1,1105,16.11809565095832,21,10,5,1,1,0,1,0,6.0,2.0,0.0,27.0,2.0,0,0,0,0,1,0,1,1,1,1,0,0,1,0,0,0,1,0,0,0,0,0
1664,13.652991628466498,2022,Defender,25,1.78,1,0,14.914122846632385,32,2,4,0,3,0,0,0,0.0,0.0,0.0,0.0,0.0,1,0,0,1,1,0,1,1,1,1,0,0,1,0,0,0,1,0,0,0,0,1
1665,15.520258650202699,2022,Midfielder,30,1.83,0,302,15.424948470398375,42,2,3,0,9,0,0,0,0.0,0.0,0.0,0.0,0.0,0,1,1,1,1,0,0,1,0,1,0,0,1,0,0,0,1,0,0,0,0,0
1666,17.7667542765457,2022,Defender,24,1.85,0,1400,17.686711568872166,28,1,0,0,11,1,0,0,2.0,0.0,0.0,18.0,1.0,0,0,1,0,1,0,1,1,1,1,0,0,1,0,0,1,0,0,0,1,0,0
1667,16.70588231586044,2022,Defender,19,1.88,0,318,16.64872390202049,37,5,3,0,4,0,0,0,0.0,0.0,0.0,0.0,0.0,0,0,1,0,1,0,1,1,1,1,0,0,0,0,0,1,1,0,0,0,0,0
1668,16.503358051748965,2022,Defender,21,1.84,0,712,15.89495209964411,47,3,4,0,5,0,0,0,0.0,0.0,0.0,0.0,0.0,1,0,0,1,1,0,1,1,1,1,0,0,1,0,0,1,1,0,0,0,0,1
1669,17.257529934146685,2022,Forward,24,1.71,0,1088,16.70588231586044,31,4,1,0,2,0,0,0,2.0,0.0,0.0,30.0,8.0,0,1,1,1,1,0,0,0,0,1,0,0,1,0,1,0,1,0,0,0,0,0
1670,15.761420707019587,2022,Defender,24,1.83,0,364,15.761420707019587,39,4,1,0,6,0,0,1,6.0,0.0,0.0,10.0,0.0,0,1,1,1,1,0,0,0,0,1,0,0,1,0,1,0,0,0,1,0,0,1
1671,17.57554720639454,2022,Midfielder,25,1.8,0,1036,17.37085861945369,44,11,8,1,4,0,0,1,9.0,2.0,2.0,39.0,8.0,0,0,1,0,1,0,1,1,1,1,0,0,0,0,0,0,0,0,0,1,0,0
1672,17.468762834435058,2022,Forward,23,1.95,0,1435,17.216707939626428,38,16,1,1,7,0,0,0,0.0,0.0,0.0,8.0,0.0,0,0,1,0,1,0,1,1,1,1,0,0,1,0,0,0,1,0,0,0,0,0
1673,17.37085861945369,2022,Defender,26,1.9,0,1095,16.300417207752275,38,2,2,0,4,1,0,0,7.0,0.0,0.0,25.0,1.0,0,0,1,0,1,0,1,1,1,1,0,0,0,0,0,0,0,1,0,0,0,0
1674,16.8456442582356,2022,Forward,25,1.79,0,1425,16.523560759066484,29,9,2,0,4,1,0,0,0.0,0.0,0.0,30.0,6.0,0,0,0,1,1,0,1,1,1,1,0,0,0,0,0,0,0,1,0,0,0,0
1675,16.300417207752275,2022,Defender,25,1.86,0,317,16.90655301132259,34,2,0,0,3,0,1,0,3.0,0.0,0.0,24.0,0.0,0,0,1,0,1,0,1,1,1,1,0,0,0,1,0,0,1,0,0,0,0,0
1676,16.18107045011971,2022,Midfielder,23,1.78,0,1089,14.508657738524219,39,1,2,0,13,1,0,0,0.0,0.0,0.0,0.0,0.0,1,0,0,1,1,0,1,1,1,1,0,0,1,0,0,0,1,0,0,0,0,1
1677,16.045524958123483,2022,Goalkeeper,29,1.95,0,364,15.89495209964411,18,0,0,0,0,0,0,1,11.0,0.0,0.0,6.0,0.0,0,0,1,0,1,0,1,1,1,1,0,0,1,0,0,0,1,0,0,0,0,0
1678,15.137266397946593,2022,Defender,32,1.88,1,159,14.73180128983843,13,1,0,0,3,0,0,0,4.0,1.0,0.0,0.0,0.0,1,1,1,1,1,0,1,1,1,1,0,0,1,0,0,0,1,0,0,0,0,1
1679,18.574259831880667,2023,Midfielder,24,1.88,0,351,18.31532022829454,50,5,3,0,5,0,0,0,11.0,1.0,1.0,43.0,2.0,1,1,1,1,1,0,1,1,1,1,0,0,1,0,0,1,1,0,0,0,0,1
1680,18.132998671500584,2023,Forward,24,1.93,0,730,17.822843743196746,47,9,1,2,5,0,1,0,10.0,2.0,0.0,42.0,14.0,0,1,1,1,1,0,1,1,1,1,0,0,0,0,1,1,1,0,0,0,0,0
1681,17.50439001207821,2023,Defender,22,1.79,0,717,17.553180176247643,42,2,2,0,5,0,1,1,8.0,0.0,0.0,14.0,0.0,0,0,0,0,1,0,1,1,1,1,0,0,1,0,0,1,1,0,0,0,0,0
1682,17.216707939626428,2023,Forward,22,1.78,0,670,17.216707939626428,39,22,2,7,5,0,0,0,0.0,0.0,0.0,4.0,2.0,0,1,1,1,1,0,0,1,0,1,0,0,1,0,1,0,0,0,1,0,0,1
1683,16.523560759066484,2023,Midfielder,30,1.86,0,360,16.811242831518264,47,9,7,0,8,0,0,1,7.0,2.0,0.0,100.0,10.0,0,1,1,1,1,0,0,1,0,1,0,0,0,0,1,0,1,0,0,0,0,0
1684,15.913528485217045,2023,Goalkeeper,29,1.91,0,691,15.89495209964411,7,0,0,0,0,0,0,1,5.0,0.0,0.0,30.0,0.0,0,1,1,1,1,0,1,1,1,1,0,0,1,0,1,0,0,0,1,0,0,0
1685,15.64005985001532,2023,Defender,29,1.93,0,365,15.424948470398375,31,1,0,0,4,0,0,0,0.0,0.0,0.0,0.0,0.0,0,1,1,1,1,0,0,1,0,1,0,0,0,0,1,0,1,0,0,0,0,0
1686,15.573368475516649,2023,Defender,24,1.9,0,0,16.11809565095832,48,4,2,0,9,0,0,0,0.0,0.0,0.0,0.0,0.0,0,1,1,1,1,0,1,1,1,1,0,0,0,0,1,0,0,0,1,0,0,0
1687,13.997832114758229,2023,Defender,27,1.89,0,303,15.89495209964411,24,2,0,0,2,0,0,1,7.0,1.0,0.0,0.0,0.0,1,1,1,1,1,0,1,1,1,1,0,0,1,0,1,0,1,0,0,0,0,1
1688,17.822843743196746,2023,Forward,24,1.7,0,709,17.72753356339242,48,14,11,0,7,0,1,1,14.0,5.0,2.0,8.0,0.0,0,0,1,0,1,0,1,1,1,1,0,0,0,0,0,0,1,0,0,0,0,0
1689,17.312018119430753,2023,Defender,26,1.92,0,354,17.622173047734595,37,1,0,0,11,0,0,0,1.0,0.0,0.0,22.0,1.0,0,0,1,0,1,0,1,1,1,1,0,0,0,0,0,0,1,0,0,0,0,0
1690,16.056220247240233,2023,Midfielder,21,1.87,1,1245,14.845129975145433,33,7,8,0,7,0,0,0,5.0,0.0,0.0,0.0,0.0,1,0,0,1,1,0,1,1,1,1,0,0,1,0,0,0,1,0,0,0,0,1
1691,14.22097566607244,2023,Goalkeeper,23,1.94,1,880,13.217673557208654,10,0,0,0,0,0,0,0,0.0,0.0,0.0,1.0,0.0,0,0,0,0,0,0,1,1,1,1,0,0,1,0,0,0,0,0,0,0,0,0
1692,16.88588637451403,2023,Forward,21,1.75,0,1403,16.300417207752275,28,11,6,0,1,0,0,0,0.0,0.0,0.0,0.0,0.0,1,1,1,1,1,0,1,1,1,1,0,0,1,0,0,0,1,0,0,0,0,1
1693,15.573368475516649,2023,Forward,21,1.81,0,0,14.845129975145433,39,5,1,0,1,0,0,0,0.0,0.0,0.0,0.0,0.0,1,1,1,1,1,0,0,0,1,1,0,0,1,0,0,0,1,0,0,0,0,1
1694,14.880221294956703,2023,Midfielder,29,1.77,0,346,15.201804919084164,17,0,0,0,2,0,0,0,0.0,0.0,0.0,22.0,0.0,0,1,1,1,1,0,1,1,1,1,0,0,0,0,0,0,0,1,0,0,0,0
1695,14.648419680899378,2023,Forward,25,1.89,0,303,14.914122846632385,34,7,2,0,6,0,0,0,0.0,0.0,0.0,0.0,0.0,1,1,1,1,1,0,0,1,0,1,0,0,0,0,0,0,1,0,0,0,0,1
1696,17.107636844572067,2023,Midfielder,24,1.75,0,1410,16.70588231586044,26,0,0,0,6,1,0,0,0.0,0.0,0.0,33.0,1.0,0,0,0,1,1,0,1,1,1,1,0,0,1,0,0,0,0,0,1,0,0,0
1697,17.058883854432864,2023,Midfielder,23,1.77,0,365,16.90655301132259,18,0,3,0,1,0,0,0,0.0,0.0,0.0,7.0,0.0,0,0,1,0,1,0,1,1,1,1,0,0,1,0,0,0,0,1,0,0,0,0
1698,16.951004773893423,2023,Midfielder,19,1.78,0,690,16.811242831518264,49,2,5,0,11,0,0,0,0.0,0.0,0.0,0.0,0.0,1,0,0,1,1,0,1,1,1,1,0,0,1,0,0,0,1,0,0,0,0,1
1699,16.69863388713561,2023,Defender,19,1.8,0,1076,16.523560759066484,44,5,4,0,7,0,0,0,11.0,2.0,3.0,6.0,0.0,0,0,0,0,1,0,1,1,1,1,0,0,0,0,0,0,1,0,0,0,0,0
1700,16.523560759066484,2023,Midfielder,24,1.8,0,1083,16.11809565095832,27,5,4,0,0,0,0,0,0.0,0.0,0.0,0.0,0.0,0,0,1,0,1,0,1,1,1,1,0,0,0,0,0,0,1,0,0,0,0,0
1701,16.195056692094447,2023,Midfielder,24,1.72,0,730,16.454567887579532,29,8,1,1,5,0,0,0,0.0,0.0,0.0,2.0,0.0,0,0,1,0,1,0,1,1,1,1,0,0,0,1,0,0,1,0,0,0,0,0
1702,15.907374619642667,2023,Defender,23,1.77,0,325,16.588099280204055,48,1,3,0,11,0,0,0,0.0,0.0,0.0,0.0,0.0,1,0,0,1,1,0,1,1,1,1,0,0,1,0,0,0,1,0,0,0,0,1
1703,14.22097566607244,2023,Midfielder,28,1.76,0,358,14.603967918328545,23,0,1,0,10,1,0,0,0.0,0.0,0.0,0.0,0.0,1,1,1,1,1,0,0,0,1,1,0,0,1,0,0,0,1,0,0,0,0,1
1704,17.10577637891915,2023,Defender,22,1.93,0,1457,16.90655301132259,31,0,0,0,2,1,0,0,0.0,0.0,0.0,11.0,1.0,0,1,1,1,1,0,1,1,1,1,0,0,1,0,0,0,1,0,0,0,0,1
1705,17.034386382832476,2023,Forward,21,1.85,0,1095,17.034386382832476,31,2,1,0,3,0,0,1,4.0,1.0,0.0,3.0,0.0,0,0,1,0,1,0,1,1,1,1,0,0,1,0,0,0,1,0,0,0,0,0
1706,16.38045991542581,2023,Goalkeeper,30,1.95,0,0,16.11809565095832,44,0,0,0,0,0,0,1,7.0,0.0,0.0,4.0,0.0,0,0,1,0,1,0,1,1,1,1,0,0,0,1,0,0,1,0,0,0,0,0
1707,15.319587954740548,2023,Midfielder,18,1.81,1,901,14.403297222866392,17,0,1,0,2,0,0,0,0.0,0.0,0.0,0.0,0.0,0,0,0,0,1,0,1,1,1,1,0,0,1,0,0,0,0,0,0,0,1,0
1708,14.914122846632385,2023,Goalkeeper,22,1.95,1,1435,14.403297222866392,29,0,0,0,0,1,0,0,0.0,0.0,0.0,3.0,0.0,0,0,0,0,1,0,1,1,1,1,0,0,1,0,0,0,1,0,0,0,0,0
1709,15.60727002719233,2023,Midfielder,22,1.75,0,349,14.73180128983843,30,0,1,0,5,0,0,0,0.0,0.0,0.0,0.0,0.0,0,1,1,1,1,0,0,0,0,1,0,0,1,0,0,0,1,0,0,0,0,0
1710,13.122363377404328,2023,Forward,23,1.83,0,351,14.508657738524219,11,1,0,0,0,0,0,0,0.0,0.0,0.0,15.0,6.0,0,1,1,1,1,0,0,0,0,1,0,0,1,0,0,0,0,0,0,0,1,0
1711,12.429216196844383,2023,Forward,26,1.77,0,315,16.012735135300492,14,4,2,0,1,0,0,0,0.0,0.0,0.0,0.0,0.0,0,1,1,1,1,0,0,1,0,1,0,0,1,0,0,0,1,0,0,0,0,1
1712,17.347736202032834,2023,Forward,21,1.82,0,1826,17.281246460764002,35,11,4,1,7,0,0,0,0.0,0.0,0.0,0.0,0.0,0,0,0,1,1,0,1,1,1,1,0,0,1,0,0,0,0,0,0,1,0,1
1713,17.111347423968603,2023,Midfielder,19,1.79,0,1036,15.424948470398375,21,0,0,0,3,1,0,0,0.0,0.0,0.0,0.0,0.0,0,0,1,0,1,0,1,1,1,1,0,0,0,0,0,0,0,1,0,0,0,0
1714,16.811242831518264,2023,Goalkeeper,20,1.94,0,728,16.11809565095832,36,0,0,0,0,0,0,0,6.0,0.0,0.0,0.0,0.0,0,0,0,0,1,0,1,1,1,1,0,0,1,0,0,0,1,0,0,0,0,0
1715,16.61887093887081,2023,Defender,25,1.88,0,340,16.11809565095832,41,0,0,0,12,1,0,0,11.0,0.0,0.0,0.0,0.0,0,0,1,0,1,0,1,1,1,1,0,0,0,0,0,0,0,0,0,1,0,0
1716,16.029264437251705,2023,Defender,19,1.7,1,346,16.38045991542581,29,2,4,0,7,0,0,0,9.0,1.0,1.0,0.0,0.0,0,0,0,0,0,1,1,1,1,1,0,0,0,0,0,0,0,0,0,1,0,0
1717,18.56910074907064,2023,Midfielder,21,1.78,0,1416,18.132998671500584,43,1,1,0,12,0,0,0,0.0,0.0,0.0,32.0,3.0,0,1,1,1,1,0,1,1,1,1,0,0,1,0,0,1,0,0,0,1,0,0
1718,17.553180176247643,2023,Midfielder,24,1.76,0,730,17.98989782785991,40,12,3,6,8,0,0,0,0.0,0.0,0.0,17.0,1.0,0,1,1,1,1,0,1,1,1,1,0,0,1,0,0,1,0,0,0,1,0,0
1719,16.951004773893423,2023,Goalkeeper,25,1.97,0,695,16.90655301132259,25,0,0,0,2,0,0,0,0.0,0.0,0.0,1.0,0.0,0,1,1,1,1,0,1,1,1,1,0,0,1,0,0,1,1,0,0,0,0,1
1720,14.827111469642754,2023,Forward,24,1.85,0,299,15.068273526459642,44,16,1,0,5,0,0,0,14.0,5.0,0.0,7.0,0.0,0,1,1,1,1,0,0,0,0,1,0,0,0,0,0,0,1,0,0,0,0,0
1721,14.457364444136669,2023,Midfielder,22,1.75,0,345,14.151982794585487,32,5,2,0,0,0,0,0,0.0,0.0,0.0,0.0,0.0,0,1,1,1,1,0,0,1,0,1,0,0,1,0,0,0,1,0,0,0,0,0
1722,14.115615150414612,2023,Forward,23,1.74,0,333,15.201804919084164,11,2,0,0,2,0,0,0,0.0,0.0,0.0,8.0,0.0,0,1,1,1,1,0,0,0,1,1,0,0,1,0,0,0,1,0,0,0,0,1
1723,14.077874822431765,2023,Midfielder,22,1.75,0,327,14.914122846632385,27,1,6,0,5,0,0,0,0.0,0.0,0.0,3.0,0.0,0,1,1,1,1,0,0,0,0,1,0,0,1,0,0,0,1,0,0,0,0,0
1724,16.73867213868343,2023,Forward,22,1.85,0,1442,16.11809565095832,43,19,4,2,1,0,0,0,11.0,7.0,0.0,1.0,0.0,0,0,0,0,1,0,1,1,1,1,0,0,0,1,0,0,1,0,0,0,0,0
1725,16.666217059468007,2023,Goalkeeper,20,1.92,0,1441,16.523560759066484,46,0,1,0,3,0,0,0,0.0,0.0,0.0,0.0,0.0,1,1,1,1,1,0,1,1,1,1,0,0,1,0,1,0,1,0,0,0,0,1
1726,16.615836035175654,2023,Midfielder,20,1.81,0,0,15.424948470398375,31,8,4,0,1,0,0,0,0.0,0.0,0.0,0.0,0.0,1,0,0,1,1,0,1,1,1,1,0,0,1,0,0,0,1,0,0,0,0,1
1727,16.523560759066484,2023,Defender,23,1.87,0,1095,16.588099280204055,35,1,2,0,5,0,0,0,0.0,0.0,0.0,0.0,0.0,0,0,1,0,1,0,1,1,1,1,0,0,1,0,0,0,1,0,0,0,0,0
1728,16.44739939810092,2023,Midfielder,25,1.95,0,326,16.811242831518264,43,7,6,0,5,0,0,0,0.0,0.0,0.0,34.0,1.0,0,1,1,1,1,0,1,1,1,1,0,0,1,0,0,0,1,0,0,0,0,0
1729,16.300417207752275,2023,Forward,18,1.82,0,1418,15.60727002719233,32,4,2,0,0,0,0,0,0.0,0.0,0.0,0.0,0.0,0,0,0,0,1,0,1,1,1,1,0,0,1,0,0,0,1,0,0,0,0,0
1730,15.86963429165982,2023,Defender,24,1.89,0,730,15.424948470398375,41,2,1,0,7,0,0,0,0.0,0.0,0.0,17.0,0.0,0,0,0,1,1,0,1,1,1,1,0,0,1,0,0,0,1,0,0,0,0,1
1731,15.201804919084164,2023,Forward,22,1.7,0,365,15.424948470398375,33,5,2,0,6,0,0,0,0.0,0.0,0.0,8.0,2.0,0,0,0,1,1,0,1,1,1,1,0,0,1,0,0,0,1,0,0,0,0,1
1732,14.914122846632385,2023,Defender,24,1.83,0,313,14.508657738524219,20,0,0,0,3,0,0,0,3.0,0.0,0.0,1.0,0.0,0,0,0,0,1,0,1,1,1,1,0,0,0,0,0,0,1,0,0,0,0,0
1733,14.914122846632385,2023,Forward,18,1.75,0,341,13.815510557964274,5,1,0,0,0,0,0,0,0.0,0.0,0.0,0.0,0.0,0,0,0,0,1,0,1,1,1,1,0,0,1,0,0,0,1,0,0,0,0,0
1734,14.648419680899378,2023,Defender,22,1.86,0,0,13.017002861746503,43,7,2,0,11,1,0,0,0.0,0.0,0.0,0.0,0.0,1,1,1,1,1,0,0,0,1,1,0,0,1,0,0,0,1,0,0,0,0,1
1735,17.944256546903706,2023,Midfielder,19,1.81,0,1412,17.281246460764002,35,1,1,0,10,0,0,0,0.0,0.0,0.0,1.0,0.0,0,0,0,1,1,0,1,1,1,1,0,0,1,0,0,1,1,0,0,0,0,1
1736,17.909855120186375,2023,Forward,25,1.77,0,1095,18.197537192638155,36,23,6,4,7,0,1,0,7.0,3.0,1.0,8.0,0.0,0,0,1,0,1,0,1,1,1,1,0,0,1,0,0,1,1,0,0,0,0,0
1737,17.665658159674333,2023,Midfielder,21,1.85,0,1033,16.70588231586044,25,1,1,0,1,0,1,0,4.0,0.0,0.0,0.0,0.0,1,1,1,1,1,0,1,1,1,1,0,0,0,0,1,1,1,0,0,0,0,1
1738,17.622173047734595,2023,Defender,25,1.91,0,696,17.216707939626428,47,5,4,0,3,0,0,1,8.0,2.0,1.0,3.0,0.0,0,0,1,0,1,0,1,1,1,1,0,0,1,0,0,1,1,0,0,0,0,0
1739,17.4264284706085,2023,Forward,22,1.87,0,0,17.216707939626428,36,13,5,0,8,1,0,0,8.0,1.0,0.0,8.0,0.0,0,0,1,0,1,0,1,1,1,1,0,0,1,0,0,1,0,1,0,0,0,0
1740,17.111347423968603,2023,Midfielder,19,1.9,0,699,16.012735135300492,35,0,1,0,5,1,0,1,7.0,0.0,0.0,0.0,0.0,0,0,1,0,1,0,1,1,1,1,0,0,1,0,0,1,1,0,0,0,0,0
1741,16.588099280204055,2023,Goalkeeper,23,1.9,0,858,15.60727002719233,22,0,1,0,0,0,0,0,0.0,0.0,0.0,2.0,0.0,0,0,0,0,0,0,1,1,1,1,0,0,1,0,0,1,1,0,0,0,0,0
1742,16.588099280204055,2023,Forward,18,1.87,0,980,15.201804919084164,13,2,0,0,2,0,0,0,4.0,0.0,0.0,0.0,0.0,0,0,0,0,0,1,1,1,1,1,0,0,1,0,0,1,0,0,0,1,0,0
1743,17.977513768660188,2023,Midfielder,24,1.81,0,361,17.909855120186375,35,3,4,0,7,0,1,0,9.0,0.0,2.0,36.0,5.0,1,1,1,1,1,0,1,1,1,1,0,0,1,0,1,1,1,0,0,0,0,1
1744,17.18624873214172,2023,Midfielder,29,1.77,0,365,17.45309671769066,37,2,2,0,10,0,1,0,8.0,1.0,0.0,92.0,3.0,0,1,1,1,1,0,1,1,1,1,0,0,1,0,1,1,1,0,0,0,0,0
1745,16.951004773893423,2023,Defender,32,1.86,0,1095,16.523560759066484,32,2,1,0,10,1,1,0,7.0,0.0,0.0,74.0,1.0,0,1,1,1,1,0,0,0,0,0,0,1,1,0,1,0,0,1,0,0,0,0
1746,16.850463544671545,2023,Forward,24,1.77,0,353,17.034386382832476,30,1,2,0,1,0,1,0,5.0,0.0,1.0,54.0,23.0,0,1,1,1,1,0,0,1,0,1,0,0,1,0,1,0,0,0,1,0,0,0
1747,16.75467248002987,2023,Midfielder,27,1.91,0,365,17.034386382832476,33,0,2,0,1,0,1,0,7.0,0.0,1.0,10.0,0.0,1,1,1,1,1,0,0,1,0,1,0,0,1,0,1,0,1,0,0,0,0,1
1748,16.733281290048552,2023,Goalkeeper,31,1.94,0,730,16.300417207752275,12,0,0,0,1,0,1,0,1.0,0.0,0.0,33.0,0.0,0,1,1,1,1,0,0,0,0,0,0,1,1,0,1,0,0,1,0,0,0,0
1749,15.907374619642667,2023,Defender,22,1.82,0,347,16.012735135300492,34,0,1,0,11,1,0,0,0.0,0.0,0.0,41.0,0.0,0,1,1,1,1,0,0,0,1,1,0,0,1,0,1,0,1,0,0,0,0,1
1750,15.068273526459642,2023,Forward,22,1.78,0,303,16.523560759066484,21,1,1,0,0,0,1,1,7.0,1.0,0.0,3.0,0.0,1,1,1,1,1,0,1,1,1,1,0,0,1,0,1,0,1,0,0,0,0,1
1751,16.864783598446294,2023,Midfielder,19,1.82,1,1611,16.11809565095832,29,2,3,0,5,0,0,0,0.0,0.0,0.0,0.0,0.0,1,0,0,1,1,0,1,1,1,1,0,0,0,0,0,0,1,0,0,0,0,1
1752,16.811242831518264,2023,Midfielder,19,1.84,0,1609,16.012735135300492,12,2,0,0,0,0,0,0,3.0,1.0,0.0,0.0,0.0,0,0,0,0,0,1,1,1,1,1,0,0,1,0,0,0,0,0,0,1,0,0
1753,16.67771143889374,2023,Goalkeeper,26,1.88,0,669,16.70588231586044,20,0,0,0,2,0,0,0,0.0,0.0,0.0,1.0,0.0,1,1,1,1,1,0,1,1,1,1,0,0,1,0,1,0,1,0,0,0,0,1
1754,15.89495209964411,2023,Defender,27,1.81,1,152,16.11809565095832,22,6,1,0,8,0,0,0,5.0,1.0,0.0,19.0,0.0,0,0,0,0,1,0,1,1,1,1,0,0,1,0,0,0,0,0,0,1,0,0
1755,17.034386382832476,2023,Forward,25,1.94,0,1036,17.034386382832476,34,10,2,1,2,0,0,0,0.0,0.0,0.0,0.0,0.0,0,0,1,0,1,0,1,1,1,1,0,0,1,0,0,0,0,1,0,0,0,0
1756,16.34123920227253,2023,Forward,19,1.92,0,1419,14.914122846632385,21,3,2,0,4,0,0,1,5.0,0.0,0.0,0.0,0.0,0,0,0,0,1,0,1,1,1,1,0,0,1,0,0,0,1,0,0,0,0,0
1757,17.216707939626428,2023,Forward,23,1.83,0,365,16.70588231586044,40,8,0,0,6,1,1,1,10.0,1.0,0.0,12.0,4.0,0,1,1,1,1,0,0,1,0,1,0,0,1,0,0,0,1,0,0,0,0,0
1758,17.06200154986545,2023,Forward,27,1.83,0,303,17.14771506813948,41,2,8,0,2,0,0,0,0.0,0.0,0.0,71.0,10.0,0,1,1,1,1,0,1,1,1,1,0,0,1,0,0,0,0,1,0,0,0,1
1759,16.045524958123483,2023,Forward,27,1.83,0,297,16.811242831518264,36,6,1,2,3,0,0,0,0.0,0.0,0.0,5.0,2.0,0,1,1,1,1,0,0,0,0,0,0,1,1,0,0,0,0,0,1,0,0,1
1760,15.990262279448435,2023,Forward,20,1.8,0,668,15.424948470398375,35,15,3,1,7,0,0,0,0.0,0.0,0.0,0.0,0.0,0,1,1,1,1,0,0,0,1,1,0,0,1,0,0,0,1,0,0,0,0,1
1761,15.761420707019587,2023,Forward,22,1.91,0,359,15.201804919084164,28,8,2,0,0,0,0,0,0.0,0.0,0.0,0.0,0.0,1,1,1,1,1,0,0,0,1,1,0,0,1,0,0,0,1,0,0,0,0,1
1762,14.508657738524219,2023,Defender,22,1.8,0,365,15.424948470398375,38,6,8,0,9,0,0,0,0.0,0.0,0.0,0.0,0.0,0,1,1,1,1,0,0,0,0,1,0,0,0,0,0,0,1,0,0,0,0,0
1763,16.929025867174648,2023,Defender,23,1.85,0,1433,16.523560759066484,33,1,4,0,2,0,1,1,8.0,0.0,1.0,19.0,0.0,0,0,0,0,1,0,1,1,1,1,0,0,0,0,0,0,0,1,0,0,0,1
1764,16.38045991542581,2023,Defender,27,1.85,0,671,17.034386382832476,42,2,4,0,3,0,0,0,0.0,0.0,0.0,31.0,2.0,0,0,0,1,1,0,1,1,1,1,0,0,1,0,0,0,1,0,0,0,0,0
1765,15.671808548329901,2023,Forward,32,1.87,0,341,15.60727002719233,20,3,1,1,0,0,0,0,0.0,0.0,0.0,86.0,28.0,0,1,1,1,1,0,1,1,1,1,0,0,1,0,0,0,0,0,1,0,0,0
1766,13.676248490630767,2023,Goalkeeper,24,1.92,0,305,12.89921982609012,23,0,0,0,0,0,0,0,0.0,0.0,0.0,0.0,0.0,0,0,0,1,1,0,1,1,1,1,0,0,1,0,0,0,1,0,0,0,0,1
1767,17.778226677707938,2023,Forward,28,1.89,0,1046,17.14771506813948,28,15,3,4,7,1,0,0,0.0,0.0,0.0,79.0,52.0,0,1,1,1,1,0,0,0,0,0,0,1,1,0,0,0,1,0,0,0,0,0
1768,18.064005800013632,2023,Midfielder,22,1.87,0,1094,17.72753356339242,46,10,13,2,6,2,1,0,8.0,1.0,2.0,30.0,6.0,0,0,1,0,1,0,1,1,1,1,0,0,1,0,0,1,1,0,0,0,0,0
1769,17.50439001207821,2023,Midfielder,21,1.9,0,1398,17.216707939626428,33,1,1,0,1,0,1,0,6.0,0.0,0.0,11.0,1.0,0,0,1,0,1,0,1,1,1,1,0,0,1,0,0,1,1,0,0,0,0,0
1770,16.811242831518264,2023,Midfielder,30,1.78,0,317,15.687312734865866,38,6,4,0,4,0,0,0,0.0,0.0,0.0,52.0,3.0,0,0,1,0,1,0,1,1,1,1,0,0,1,0,0,1,0,0,0,0,1,0
1771,17.659254722639126,2023,Midfielder,29,1.88,0,1065,17.553180176247643,49,0,2,0,13,0,1,0,8.0,0.0,0.0,28.0,0.0,0,1,1,1,1,0,0,0,0,0,0,1,1,0,1,0,0,0,0,1,0,0
1772,16.454567887579532,2023,Midfielder,33,1.82,0,704,16.11809565095832,43,0,3,0,2,0,1,0,4.0,0.0,1.0,70.0,3.0,1,1,1,1,1,0,0,0,0,0,0,1,1,0,1,0,1,0,0,0,0,1
1773,15.58195221920804,2023,Defender,23,1.83,0,703,16.012735135300492,46,0,12,0,2,0,0,0,0.0,0.0,0.0,0.0,0.0,1,1,1,1,1,0,1,1,1,1,0,0,0,0,0,0,1,0,0,0,0,1
1774,15.363073066680286,2023,Forward,23,1.85,0,1082,14.978661367769956,41,4,5,0,6,0,0,0,0.0,0.0,0.0,0.0,0.0,0,0,0,1,1,0,1,1,1,1,0,0,0,0,0,0,1,0,0,0,0,1
1775,15.068273526459642,2023,Defender,25,1.94,0,363,14.508657738524219,48,2,2,0,12,1,0,0,0.0,0.0,0.0,0.0,0.0,0,0,0,1,1,0,1,1,1,1,0,0,1,0,0,0,1,0,0,0,0,0
1776,14.880221294956703,2023,Forward,25,1.78,0,690,15.60727002719233,42,9,1,0,9,0,0,0,0.0,0.0,0.0,7.0,0.0,0,0,0,1,1,0,1,1,1,1,0,0,1,0,0,0,1,0,0,0,0,1
1777,14.508657738524219,2023,Defender,24,1.84,1,0,14.508657738524219,18,2,2,0,4,0,0,0,0.0,0.0,0.0,5.0,0.0,0,0,0,0,1,0,1,1,1,1,0,0,1,0,0,0,0,0,0,0,1,0
1778,13.955272500339433,2023,Defender,23,1.94,1,530,15.068273526459642,14,0,0,0,2,0,0,0,0.0,0.0,0.0,0.0,0.0,1,0,0,1,1,0,1,1,1,1,0,0,1,0,0,0,1,0,0,0,0,1
1779,12.611537753638338,2023,Forward,24,1.78,0,0,12.765688433465597,36,9,2,0,6,0,0,0,0.0,0.0,0.0,3.0,0.0,0,1,1,1,1,0,0,0,1,1,0,0,1,0,0,0,0,1,0,0,0,0
1780,18.31532022829454,2023,Defender,21,1.85,0,1425,18.132998671500584,41,3,0,0,2,1,1,0,6.0,2.0,0.0,19.0,2.0,0,0,1,0,1,0,1,1,1,1,0,0,0,0,0,1,1,0,0,0,0,0
1781,17.942644943009366,2023,Midfielder,25,1.83,0,1398,17.622173047734595,41,2,2,0,4,1,0,0,0.0,0.0,0.0,11.0,1.0,0,1,1,1,1,0,1,1,1,1,0,0,1,0,0,1,1,0,0,0,0,0
1782,17.909855120186375,2023,Forward,21,1.73,0,676,17.14771506813948,35,7,3,0,0,0,0,1,4.0,0.0,1.0,12.0,2.0,0,0,1,0,1,0,1,1,1,1,0,0,1,0,0,1,1,0,0,0,0,0
1783,17.37085861945369,2023,Forward,32,1.79,0,703,16.811242831518264,47,15,13,4,2,0,1,0,9.0,3.0,2.0,79.0,26.0,0,1,1,1,1,0,0,0,0,0,0,1,0,0,1,0,0,1,0,0,0,0
1784,17.1296965626368,2023,Defender,29,1.91,0,676,17.034386382832476,24,0,0,0,1,0,1,0,4.0,0.0,0.0,20.0,1.0,0,1,1,1,1,0,0,0,0,0,0,1,0,0,1,0,1,0,0,0,0,0
1785,15.424948470398375,2023,Midfielder,25,1.84,0,352,15.424948470398375,20,2,2,0,4,0,0,0,0.0,0.0,0.0,27.0,3.0,0,1,1,1,1,0,0,1,0,1,0,0,1,0,1,0,0,0,0,1,0,0
1786,18.16965198914862,2023,Forward,20,1.91,0,1425,17.622173047734595,39,13,4,0,1,0,0,0,0.0,0.0,0.0,2.0,0.0,0,0,1,0,1,0,1,1,1,1,0,0,0,0,0,1,1,0,0,0,0,0
1787,17.73152558466196,2023,Goalkeeper,27,1.9,0,1441,17.37085861945369,41,0,0,0,4,0,1,0,13.0,0.0,0.0,37.0,0.0,0,0,1,0,1,0,1,1,1,1,0,0,1,0,0,1,0,1,0,0,0,0
1788,15.424948470398375,2023,Goalkeeper,25,1.98,0,1398,16.213405830762646,34,0,0,0,3,0,0,1,8.0,0.0,0.0,7.0,0.0,0,0,0,0,1,0,1,1,1,1,0,0,1,0,0,1,0,0,0,0,1,0
1789,16.67771143889374,2023,Forward,21,1.78,0,1071,16.70588231586044,26,0,2,0,0,0,0,1,5.0,0.0,0.0,11.0,2.0,0,1,1,1,1,0,1,1,1,1,0,0,1,0,1,0,1,0,0,0,0,1
1790,16.091751675618717,2023,Midfielder,30,1.69,0,322,16.811242831518264,56,6,5,0,10,0,0,1,9.0,1.0,0.0,32.0,0.0,0,1,1,1,1,0,0,0,0,1,0,0,0,1,1,0,0,0,0,1,0,0
1791,15.424948470398375,2023,Goalkeeper,23,1.96,0,685,14.403297222866392,28,0,1,0,2,0,0,0,0.0,0.0,0.0,0.0,0.0,0,1,1,1,1,0,0,1,0,1,0,0,1,0,1,0,1,0,0,0,0,1
1792,15.341566861459324,2023,Defender,30,1.81,0,343,15.830413578506539,38,0,3,0,7,0,1,1,11.0,0.0,1.0,12.0,0.0,0,1,1,1,1,0,0,0,0,0,0,1,0,0,1,0,0,0,0,1,0,0
1793,13.815510557964274,2023,Midfielder,20,1.81,0,0,13.815510557964274,10,0,0,0,5,0,0,0,0.0,0.0,0.0,5.0,0.0,0,1,1,1,1,0,0,0,0,1,0,0,1,0,1,0,0,0,0,0,1,1
1794,17.891351648621814,2023,Midfielder,23,1.81,0,1458,17.72753356339242,48,2,9,0,11,0,1,0,12.0,0.0,2.0,12.0,0.0,0,0,1,0,1,0,1,1,1,1,0,0,1,0,0,0,1,0,0,0,0,0
1795,17.599700191882537,2023,Forward,25,1.82,0,708,17.37085861945369,40,13,3,0,3,0,0,0,0.0,0.0,0.0,1.0,0.0,1,0,0,1,1,0,1,1,1,1,0,0,1,0,0,0,1,0,0,0,0,1
1796,17.431819319243374,2023,Defender,20,1.82,0,1057,17.034386382832476,3,0,0,0,0,0,0,0,0.0,0.0,0.0,0.0,0.0,1,0,0,1,1,0,1,1,1,1,0,0,1,0,0,0,1,0,0,0,0,1
1797,15.89495209964411,2023,Forward,18,1.8,0,365,14.508657738524219,17,4,4,0,6,0,0,0,0.0,0.0,0.0,4.0,1.0,0,0,0,0,1,0,1,1,1,1,0,0,0,0,0,0,0,1,0,0,0,0
1798,17.118727531266227,2023,Forward,26,1.73,0,1066,17.281246460764002,31,1,5,0,2,0,0,0,0.0,0.0,0.0,0.0,0.0,0,1,1,1,1,0,0,0,0,0,0,1,1,0,0,0,1,0,0,0,0,0
1799,16.64872390202049,2023,Forward,31,1.91,0,365,15.89495209964411,29,4,0,1,0,0,0,0,0.0,0.0,0.0,39.0,21.0,0,1,1,1,1,0,1,1,1,1,0,0,1,0,0,0,0,0,0,0,0,1
1800,12.89921982609012,2023,Goalkeeper,32,1.9,0,702,13.815510557964274,13,0,0,0,2,0,0,0,0.0,0.0,0.0,0.0,0.0,0,1,1,1,1,0,0,0,1,1,0,0,1,0,0,0,1,0,0,0,0,1
1801,17.37085861945369,2023,Midfielder,25,1.91,0,1398,17.37085861945369,35,6,2,0,5,0,0,1,6.0,1.0,1.0,38.0,8.0,0,0,0,0,1,0,1,1,1,1,0,0,1,0,0,0,0,1,0,0,0,0
1802,16.368854369305502,2023,Defender,21,1.88,0,1033,15.60727002719233,35,1,0,0,7,0,0,0,0.0,0.0,0.0,7.0,0.0,0,0,0,1,1,0,1,1,1,1,0,0,1,0,0,0,1,0,0,0,0,1
1803,16.300417207752275,2023,Defender,21,1.8,0,853,15.068273526459642,20,0,0,0,6,0,0,0,7.0,0.0,0.0,0.0,0.0,0,0,0,0,0,1,1,1,1,1,0,0,0,0,0,0,0,0,0,1,0,0
1804,15.89495209964411,2023,Goalkeeper,31,1.88,1,880,15.761420707019587,19,0,0,0,2,0,0,0,0.0,0.0,0.0,3.0,0.0,0,0,1,0,1,0,1,1,1,1,0,0,1,0,0,0,1,0,0,0,0,0
1805,15.710127412632037,2023,Midfielder,25,1.79,0,303,16.64872390202049,34,3,2,0,10,0,0,0,0.0,0.0,0.0,11.0,1.0,0,0,1,0,1,0,1,1,1,1,0,0,1,0,0,0,0,0,0,1,0,0
1806,15.404745763080856,2023,Goalkeeper,29,1.91,0,1398,16.588099280204055,44,0,0,0,2,0,1,0,10.0,0.0,0.0,31.0,0.0,0,0,0,0,1,0,1,1,1,1,0,0,1,0,0,0,1,0,0,0,0,0
1807,17.822843743196746,2023,Forward,22,1.86,0,1033,17.45309671769066,44,10,3,2,7,0,0,0,0.0,0.0,0.0,19.0,2.0,0,1,1,1,1,0,1,1,1,1,0,0,1,0,0,1,1,0,0,0,0,1
1808,15.573368475516649,2023,Forward,24,1.9,0,341,15.424948470398375,27,3,2,0,4,0,0,0,0.0,0.0,0.0,0.0,0.0,1,1,1,1,1,0,0,0,0,0,0,0,1,0,0,0,1,0,0,0,0,1
1809,15.096444403426338,2023,Midfielder,23,1.73,0,699,14.22097566607244,35,0,1,0,9,0,0,0,0.0,0.0,0.0,8.0,0.0,0,1,1,1,1,0,0,0,0,0,0,0,1,0,0,0,0,0,0,1,0,0
1810,13.458835614025542,2023,Defender,29,1.75,1,493,14.73180128983843,12,1,2,0,2,0,0,0,0.0,0.0,0.0,35.0,1.0,0,1,1,1,1,0,0,0,0,0,0,0,1,0,0,0,0,0,1,0,0,0
1811,12.948009990259552,2023,Defender,27,1.81,0,310,13.710150042306449,31,3,2,0,8,2,0,0,0.0,0.0,0.0,32.0,3.0,0,1,1,1,1,0,0,0,0,1,0,0,1,0,0,0,0,1,0,0,0,0
1812,11.512925464970229,2023,Defender,31,1.76,1,149,15.761420707019587,13,0,2,0,3,0,0,0,0.0,0.0,0.0,80.0,3.0,0,1,1,1,1,0,0,0,0,1,0,0,1,0,0,0,0,1,0,0,0,0
1813,16.666217059468007,2023,Midfielder,26,1.69,0,323,15.89495209964411,42,9,11,0,8,2,0,0,0.0,0.0,0.0,0.0,0.0,0,0,0,1,1,0,1,1,1,1,0,0,1,0,0,0,1,0,0,0,0,0
1814,16.34123920227253,2023,Midfielder,24,1.87,0,691,15.60727002719233,37,1,1,0,12,1,0,0,0.0,0.0,0.0,0.0,0.0,0,0,0,0,1,0,1,1,1,1,0,0,1,0,0,0,0,0,0,1,0,0
1815,15.341566861459324,2023,Forward,20,1.72,0,1262,15.068273526459642,14,12,2,4,0,0,0,0,0.0,0.0,0.0,0.0,0.0,0,0,0,0,1,0,1,1,1,1,0,0,1,0,0,0,0,1,0,0,0,0
1816,14.808762330974558,2023,Midfielder,22,1.88,0,353,14.73180128983843,30,3,1,0,6,0,0,0,0.0,0.0,0.0,30.0,4.0,0,0,0,0,1,0,1,1,1,1,0,0,0,1,0,0,0,1,0,0,0,0
1817,16.64872390202049,2023,Forward,23,1.8,0,334,16.70588231586044,52,15,12,0,6,0,0,0,0.0,0.0,0.0,13.0,2.0,0,1,1,1,1,0,0,1,0,1,0,0,1,0,0,0,0,1,0,0,0,0
1818,17.65065251905646,2023,Midfielder,26,1.75,0,365,17.909855120186375,32,10,9,1,11,0,0,0,0.0,0.0,0.0,2.0,0.0,1,0,0,1,1,0,1,1,1,1,0,0,1,0,0,1,1,0,0,0,0,1
1819,17.50439001207821,2023,Defender,23,1.73,0,730,17.50439001207821,36,5,10,1,5,1,1,0,6.0,0.0,1.0,1.0,0.0,0,0,0,0,1,0,1,1,1,1,0,0,1,0,0,1,1,0,0,0,0,0
1820,17.50439001207821,2023,Defender,22,1.93,0,1422,17.216707939626428,36,1,1,0,7,0,0,0,0.0,0.0,0.0,0.0,0.0,0,0,1,0,1,0,1,1,1,1,0,0,0,0,0,1,1,0,0,0,0,0
1821,17.216707939626428,2023,Midfielder,23,1.86,0,365,17.72753356339242,37,2,8,0,3,0,1,0,4.0,0.0,0.0,27.0,2.0,0,0,1,0,1,0,1,1,1,1,0,0,0,0,0,1,1,0,0,0,0,0
1822,17.034386382832476,2023,Defender,21,1.91,1,1266,16.811242831518264,22,2,1,0,1,0,0,0,0.0,0.0,0.0,3.0,0.0,0,0,1,0,1,0,1,1,1,1,0,0,1,0,0,1,1,0,0,0,0,0
1823,16.733281290048552,2023,Goalkeeper,26,1.94,0,0,16.588099280204055,32,0,0,0,3,0,0,0,0.0,0.0,0.0,0.0,0.0,0,0,1,0,1,0,1,1,1,1,0,0,1,0,0,1,1,0,0,0,0,0
1824,16.523560759066484,2023,Forward,19,1.86,0,876,15.761420707019587,23,11,0,1,1,0,0,0,0.0,0.0,0.0,0.0,0.0,0,0,0,0,0,1,1,1,1,1,0,0,1,0,0,1,0,0,0,1,0,0
1825,14.648419680899378,2023,Defender,18,1.96,0,695,14.508657738524219,19,0,1,0,1,0,0,0,0.0,0.0,0.0,0.0,0.0,1,0,0,1,1,0,1,1,1,1,0,0,1,0,0,1,1,0,0,0,0,1
1826,18.369387449564815,2023,Forward,30,1.88,0,0,18.31532022829454,49,32,5,6,7,0,1,0,8.0,1.0,2.0,81.0,54.0,1,1,1,1,1,0,0,1,0,1,0,0,1,0,1,0,1,0,0,0,0,1
1827,16.266515656076592,2023,Midfielder,27,1.78,0,365,16.11809565095832,20,0,0,0,2,0,0,0,0.0,0.0,0.0,10.0,1.0,1,1,1,1,1,0,0,0,1,1,0,0,1,0,1,0,1,0,0,0,0,1
1828,16.06680235657077,2023,Defender,27,1.87,0,300,16.523560759066484,24,0,0,0,1,0,1,0,2.0,0.0,0.0,54.0,1.0,0,1,1,1,1,0,0,0,0,1,0,0,1,0,1,0,0,0,0,1,0,0
1829,17.576710673657836,2023,Forward,23,1.77,0,673,17.50439001207821,38,16,6,0,3,0,1,1,8.0,5.0,3.0,27.0,10.0,0,0,0,0,1,0,1,1,1,1,0,0,0,0,0,0,0,1,0,0,0,0
1830,17.45309671769066,2023,Midfielder,25,1.9,0,690,17.37085861945369,39,4,3,0,14,1,1,1,8.0,1.0,0.0,67.0,1.0,0,0,0,0,1,0,1,1,1,1,0,0,1,0,0,0,0,0,1,0,0,0
1831,17.365127944744703,2023,Midfielder,28,1.77,0,1051,17.45309671769066,45,11,5,3,7,0,0,0,0.0,0.0,0.0,11.0,2.0,1,0,0,1,1,0,1,1,1,1,0,0,1,0,0,0,1,0,0,0,0,1
1832,16.811242831518264,2023,Defender,25,1.94,0,678,16.523560759066484,32,2,1,0,10,1,0,0,0.0,0.0,0.0,17.0,0.0,0,0,1,0,1,0,1,1,1,1,0,0,1,0,0,0,1,0,0,0,0,0
1833,14.380824367014334,2023,Midfielder,23,1.9,0,669,13.592367006650065,31,5,6,5,5,0,0,0,0.0,0.0,0.0,0.0,0.0,0,0,0,0,1,0,1,1,1,1,0,0,0,0,0,0,1,0,0,0,0,0
1834,17.14771506813948,2023,Forward,24,1.95,0,1423,16.90655301132259,25,6,1,0,4,0,0,0,7.0,3.0,1.0,8.0,0.0,0,1,1,1,1,0,0,1,0,1,0,0,1,0,0,0,1,0,0,0,0,0
1835,16.176364559082295,2023,Midfielder,25,1.79,0,1057,16.64872390202049,37,5,8,0,1,0,0,0,0.0,0.0,0.0,50.0,7.0,0,1,1,1,1,0,0,1,0,1,0,0,1,0,0,0,1,0,0,0,0,0
1836,15.89495209964411,2023,Midfielder,27,1.78,1,150,16.64872390202049,23,0,0,0,1,0,0,1,5.0,0.0,0.0,6.0,1.0,0,1,1,1,1,0,0,1,0,1,0,0,1,0,0,0,1,0,0,0,0,0
1837,14.508657738524219,2023,Defender,29,1.79,0,365,15.60727002719233,31,2,6,0,8,0,0,0,0.0,0.0,0.0,22.0,3.0,0,1,1,1,1,0,0,0,0,1,0,0,0,0,0,0,0,1,0,0,0,0
1838,13.963930563082547,2023,Midfielder,23,1.77,1,170,14.22097566607244,4,1,1,0,1,0,0,0,0.0,0.0,0.0,0.0,0.0,0,1,1,1,1,0,0,0,1,1,0,0,1,0,0,0,1,0,0,0,0,1
1839,17.622173047734595,2024,Defender,22,1.88,0,1066,17.622173047734595,36,2,5,0,4,0,0,0,0.0,0.0,0.0,9.0,0.0,0,0,1,0,1,0,1,1,1,1,0,0,0,0,0,1,1,0,0,0,0,0
1840,17.281246460764002,2024,Midfielder,28,1.89,0,307,17.72753356339242,45,8,5,0,14,0,1,0,7.0,2.0,1.0,33.0,3.0,0,0,1,0,1,0,1,1,1,1,0,0,0,0,0,1,1,0,0,0,0,0
1841,17.278116567755074,2024,Goalkeeper,28,1.83,0,361,17.37085861945369,41,0,0,0,2,0,1,0,9.0,0.0,0.0,10.0,0.0,0,1,1,1,1,0,1,1,1,1,0,0,1,0,0,1,1,0,0,0,0,1
1842,17.274976847750406,2024,Midfielder,24,1.82,0,697,16.90655301132259,19,0,1,0,0,0,1,0,3.0,0.0,0.0,3.0,1.0,1,1,1,1,1,0,1,1,1,1,0,0,1,0,1,0,1,0,0,0,0,1
1843,17.20665760377293,2024,Forward,25,1.75,0,1034,17.216707939626428,37,6,3,0,4,0,1,0,6.0,1.0,0.0,1.0,0.0,1,1,1,1,1,0,1,1,1,1,0,0,1,0,1,0,1,0,0,0,0,1
1844,16.87890147999208,2024,Goalkeeper,26,1.9,0,669,17.034386382832476,11,0,0,0,0,0,1,0,1.0,0.0,0.0,5.0,0.0,1,1,1,1,1,0,1,1,1,1,0,0,1,0,1,0,1,0,0,0,0,1
1845,17.898962679019952,2024,Midfielder,22,1.95,0,1073,17.72753356339242,37,3,1,0,5,0,0,0,0.0,0.0,0.0,20.0,0.0,0,1,1,1,1,0,1,1,1,1,0,0,1,0,0,0,1,0,0,0,0,0
1846,17.610999747136468,2024,Defender,22,1.78,0,729,17.50439001207821,38,3,2,0,10,0,1,0,7.0,1.0,0.0,1.0,1.0,0,1,1,1,1,0,1,1,1,1,0,0,0,0,1,0,1,0,0,0,0,1
1847,17.034386382832476,2024,Forward,25,1.76,1,532,17.14771506813948,21,5,1,0,2,0,1,0,5.0,2.0,1.0,42.0,9.0,0,0,1,0,1,0,1,1,1,1,0,0,1,0,0,0,1,0,0,0,0,0
1848,16.627920714330664,2024,Forward,22,1.75,0,1084,16.38045991542581,33,4,1,0,2,0,0,0,0.0,0.0,0.0,0.0,0.0,1,0,0,1,1,0,1,1,1,1,0,0,1,0,0,0,1,0,0,0,0,1
1849,16.588099280204055,2024,Forward,22,1.81,0,711,16.523560759066484,33,12,6,0,8,0,0,0,0.0,0.0,0.0,0.0,0.0,1,0,0,1,1,0,1,1,1,1,0,0,1,0,0,0,1,0,0,0,0,1
1850,16.454567887579532,2024,Forward,20,1.82,0,364,16.38045991542581,27,1,2,0,1,0,0,0,0.0,0.0,0.0,0.0,0.0,1,0,1,0,1,0,1,1,1,1,0,0,0,0,0,0,1,0,0,0,0,1
1851,16.283610089435893,2024,Forward,21,1.75,0,364,14.73180128983843,17,2,0,0,1,0,0,0,0.0,0.0,0.0,0.0,0.0,1,1,1,1,1,0,1,1,1,1,0,0,1,0,0,0,1,0,0,0,0,1
1852,15.89495209964411,2024,Midfielder,23,1.86,0,729,15.830413578506539,39,1,1,0,10,0,0,0,0.0,0.0,0.0,0.0,0.0,0,0,1,0,1,0,1,1,1,1,0,0,1,0,0,0,0,0,0,1,0,0
1853,15.761420707019587,2024,Defender,21,1.85,1,890,13.997832114758229,23,3,3,0,3,0,0,0,0.0,0.0,0.0,0.0,0.0,0,0,0,0,1,0,1,1,1,1,0,0,1,0,0,0,1,0,0,0,0,0
1854,15.590462908875947,2024,Midfielder,30,1.89,0,0,15.89495209964411,37,5,6,0,6,0,0,0,0.0,0.0,0.0,31.0,6.0,1,0,0,1,1,0,1,1,1,1,0,0,1,0,0,0,1,0,0,0,0,1
1855,18.159315979817958,2024,Forward,21,1.85,1,0,17.50439001207821,29,12,0,1,5,1,1,0,7.0,3.0,0.0,7.0,1.0,0,1,1,1,1,0,0,0,0,0,0,1,0,0,0,0,0,0,0,1,0,0
1856,17.909855120186375,2024,Forward,25,1.7,0,1437,17.822843743196746,53,10,9,0,4,0,0,0,11.0,3.0,1.0,11.0,0.0,0,1,1,1,1,0,0,0,0,0,0,1,0,0,0,0,1,0,0,0,0,0
1857,17.757092365633966,2024,Midfielder,26,1.77,0,729,18.064005800013632,51,9,10,4,16,0,0,0,12.0,0.0,4.0,16.0,0.0,0,1,1,1,1,0,0,1,0,1,0,0,1,0,0,0,0,0,0,1,0,0
1858,16.255245489105555,2024,Defender,31,1.85,1,523,16.213405830762646,17,0,0,0,5,0,1,0,6.0,0.0,0.0,0.0,0.0,0,1,1,1,1,0,0,0,0,1,0,0,1,0,0,0,0,0,0,1,0,0
1859,16.185754299432134,2024,Midfielder,21,1.83,0,1094,15.201804919084164,16,0,0,0,1,0,0,0,5.0,0.0,0.0,0.0,0.0,1,1,1,1,1,0,1,1,1,1,0,0,1,0,0,0,1,0,0,0,0,1
1860,15.201804919084164,2024,Midfielder,29,1.8,0,364,15.89495209964411,32,4,3,1,4,0,0,0,0.0,0.0,0.0,0.0,0.0,0,1,1,1,1,0,0,1,0,1,0,0,1,0,0,0,1,0,0,0,0,0
1861,13.997832114758229,2024,Goalkeeper,22,1.9,0,349,13.304684934198283,50,0,0,0,4,0,0,0,0.0,0.0,0.0,3.0,0.0,0,1,1,1,1,0,0,0,0,1,0,0,1,0,0,0,1,0,0,0,0,1
1862,17.4264284706085,2024,Forward,24,1.83,0,1048,17.37085861945369,34,17,4,3,5,1,1,0,7.0,4.0,1.0,2.0,0.0,0,0,0,0,1,0,1,1,1,1,0,0,0,1,0,0,0,0,0,1,0,0
1863,16.96824658032793,2024,Forward,25,1.72,0,1094,16.64872390202049,27,4,3,0,0,0,0,0,0.0,0.0,0.0,12.0,4.0,0,0,0,1,1,0,1,1,1,1,0,0,1,0,0,0,0,0,0,1,0,0
1864,16.61887093887081,2024,Forward,27,1.87,0,729,16.70588231586044,22,2,4,0,2,0,0,0,0.0,0.0,0.0,34.0,3.0,0,0,1,0,1,0,1,1,1,1,0,0,1,0,0,0,0,0,0,0,1,0
1865,16.536805985816503,2024,Defender,19,1.97,0,1431,16.11809565095832,15,2,0,0,4,0,0,0,0.0,0.0,0.0,2.0,0.0,0,0,1,0,1,0,1,1,1,1,0,0,0,1,0,0,1,0,0,0,0,0
1866,16.11809565095832,2024,Defender,23,1.76,0,686,15.89495209964411,28,2,0,0,6,1,0,0,0.0,0.0,0.0,9.0,0.0,0,0,1,0,1,0,1,1,1,1,0,0,1,0,0,0,0,0,1,0,0,0
1867,15.89495209964411,2024,Defender,19,1.75,1,723,15.89495209964411,42,0,2,0,5,0,0,0,11.0,0.0,1.0,0.0,0.0,0,0,0,0,0,1,1,1,1,1,0,0,0,0,0,0,0,0,0,1,0,0
1868,14.635290389457586,2024,Goalkeeper,21,1.93,0,1094,13.017002861746503,27,0,0,0,2,0,0,0,0.0,0.0,0.0,2.0,0.0,0,0,0,0,0,0,1,1,1,1,0,0,1,0,0,0,0,0,0,0,0,0
1869,14.22097566607244,2024,Defender,18,1.88,1,362,13.815510557964274,11,0,1,0,3,1,0,0,0.0,0.0,0.0,0.0,0.0,0,0,0,0,0,0,1,1,1,1,0,0,0,0,0,0,0,0,1,0,0,0
1870,17.97907018920785,2024,Forward,26,1.86,0,1054,17.50439001207821,42,21,4,2,5,0,0,0,0.0,0.0,0.0,3.0,0.0,1,1,1,1,1,0,1,1,1,1,0,0,1,0,0,1,1,0,0,0,0,1
1871,14.397726177816939,2024,Forward,31,1.96,0,350,14.508657738524219,31,9,1,0,1,0,0,0,0.0,0.0,0.0,47.0,13.0,0,1,1,1,1,0,0,0,1,1,0,0,1,0,0,0,1,0,0,0,0,1
1872,17.312018119430753,2024,Forward,23,1.91,0,1094,17.034386382832476,36,21,3,7,10,1,0,0,10.0,5.0,1.0,0.0,0.0,0,0,0,0,1,0,1,1,1,1,0,0,1,0,0,0,0,0,0,1,0,0
1873,16.97675726999584,2024,Defender,22,1.92,0,677,16.300417207752275,35,3,0,0,10,0,0,0,0.0,0.0,0.0,0.0,0.0,0,1,1,1,1,0,1,1,1,1,0,0,1,0,1,0,1,0,0,0,0,1
1874,16.96824658032793,2024,Midfielder,21,1.7,0,1052,16.454567887579532,35,9,2,1,4,0,1,0,3.0,0.0,0.0,0.0,0.0,0,1,1,1,1,0,1,1,1,1,0,0,1,0,1,0,1,0,0,0,0,1
1875,16.300417207752275,2024,Forward,18,1.73,0,1586,16.11809565095832,27,5,2,0,5,0,0,0,7.0,2.0,1.0,0.0,0.0,0,0,0,0,0,1,1,1,1,1,0,0,1,0,0,0,0,0,0,1,0,0
1876,17.553180176247643,2024,Forward,28,1.85,0,303,17.72753356339242,17,4,2,0,5,0,0,0,0.0,0.0,0.0,6.0,1.0,1,1,1,1,1,0,0,0,0,0,0,1,1,0,0,0,1,0,0,0,0,1
1877,13.304684934198283,2024,Defender,21,1.79,0,1069,13.017002861746503,37,1,4,0,3,0,0,0,0.0,0.0,0.0,2.0,0.0,0,1,1,1,1,0,0,1,0,1,0,0,1,0,0,0,1,0,0,0,0,1
1878,17.659254722639126,2024,Forward,22,1.82,0,1411,16.70588231586044,48,7,17,0,6,0,0,0,0.0,0.0,0.0,0.0,0.0,0,0,0,1,1,0,1,1,1,1,0,0,0,0,0,0,1,0,0,0,0,0
1879,17.37085861945369,2024,Forward,19,1.8,0,1460,16.588099280204055,33,11,5,0,2,0,1,1,6.0,1.0,0.0,4.0,1.0,0,1,1,1,1,0,1,1,1,1,0,0,0,0,0,0,0,1,0,0,0,0
1880,17.281246460764002,2024,Midfielder,24,1.88,0,1090,17.216707939626428,37,6,4,0,5,0,1,1,8.0,1.0,1.0,13.0,1.0,0,0,0,0,1,0,1,1,1,1,0,0,1,0,0,0,1,0,0,0,0,0
1881,17.26549810379586,2024,Forward,20,1.78,0,685,16.811242831518264,29,4,3,0,5,0,0,0,0.0,0.0,0.0,0.0,0.0,0,0,1,0,1,0,1,1,1,1,0,0,0,0,0,0,1,0,0,0,0,0
1882,17.216707939626428,2024,Defender,24,1.74,0,675,17.216707939626428,44,2,4,0,3,0,0,0,7.0,1.0,0.0,22.0,1.0,0,0,0,0,1,0,1,1,1,1,0,0,1,0,0,0,0,0,0,0,1,0
1883,17.19990082131005,2024,Midfielder,23,1.89,0,1008,16.811242831518264,43,18,16,2,4,0,1,0,6.0,0.0,3.0,2.0,0.0,0,0,0,0,1,0,1,1,1,1,0,0,0,0,0,0,1,0,0,0,0,1
1884,16.785925023533974,2024,Forward,19,1.79,0,0,16.300417207752275,35,7,7,0,4,0,0,0,6.0,1.0,0.0,2.0,0.0,0,0,0,0,1,0,1,1,1,1,0,0,1,0,0,0,0,1,0,0,0,0
1885,16.38045991542581,2024,Midfielder,21,1.85,1,729,16.300417207752275,20,3,3,0,6,0,0,0,0.0,0.0,0.0,4.0,0.0,0,0,0,0,0,0,1,1,1,1,0,0,1,0,0,0,0,0,0,1,0,0
1886,16.190416312537945,2024,Defender,23,1.84,1,880,14.403297222866392,22,1,0,0,5,0,0,0,0.0,0.0,0.0,0.0,0.0,0,0,0,1,1,0,1,1,1,1,0,0,0,0,0,0,1,0,0,0,0,1
1887,15.761420707019587,2024,Midfielder,18,1.69,0,0,15.424948470398375,11,1,0,0,3,0,0,0,0.0,0.0,0.0,0.0,0.0,0,0,0,0,1,0,1,1,1,1,0,0,1,0,0,0,0,1,0,0,0,0
1888,17.10017412337048,2024,Forward,28,1.79,0,690,17.034386382832476,33,19,10,0,5,0,0,0,0.0,0.0,0.0,5.0,3.0,0,1,1,1,1,0,0,1,0,1,0,0,0,1,0,0,1,0,0,0,0,0
1889,16.454567887579532,2024,Midfielder,23,1.7,0,669,16.70588231586044,41,0,2,0,8,1,0,1,8.0,0.0,0.0,36.0,2.0,0,1,1,1,1,0,0,1,0,1,0,0,1,0,0,0,1,0,0,0,0,1
1890,15.761420707019587,2024,Midfielder,33,1.81,0,333,15.89495209964411,47,5,13,1,7,0,0,1,8.0,1.0,1.0,14.0,1.0,0,1,1,1,1,0,0,1,0,1,0,0,1,0,0,0,1,0,0,0,0,0
1891,14.22097566607244,2024,Midfielder,25,1.91,1,161,16.11809565095832,7,0,0,0,1,0,1,0,4.0,1.0,0.0,31.0,2.0,0,1,1,1,1,0,0,0,0,1,0,0,1,0,0,0,1,0,0,0,0,0
1892,12.206072645530174,2024,Midfielder,20,1.82,0,711,15.424948470398375,30,3,5,0,4,0,0,0,0.0,0.0,0.0,6.0,0.0,0,1,1,1,1,0,0,0,0,1,0,0,1,0,0,0,1,0,0,0,0,0
1893,17.909855120186375,2024,Forward,24,1.74,0,1053,17.822843743196746,24,3,10,0,5,0,0,0,0.0,0.0,0.0,15.0,2.0,0,1,1,1,1,0,1,1,1,1,0,0,0,0,0,1,1,0,0,0,0,0
1894,17.7667542765457,2024,Forward,24,1.81,0,1774,17.216707939626428,44,10,6,0,5,0,1,0,9.0,3.0,1.0,45.0,9.0,0,0,1,0,1,0,1,1,1,1,0,0,1,0,0,1,1,0,0,0,0,0
1895,17.382222378104004,2024,Midfielder,25,1.76,0,1093,17.216707939626428,49,12,15,1,6,0,0,0,0.0,0.0,0.0,0.0,0.0,1,1,1,1,1,0,1,1,1,1,0,0,0,0,0,1,1,0,0,0,0,1
1896,17.014183675514957,2024,Goalkeeper,22,1.92,0,1796,16.811242831518264,37,0,0,0,4,0,0,1,1.0,0.0,0.0,0.0,0.0,0,0,1,0,1,0,1,1,1,1,0,0,1,0,0,1,1,0,0,0,0,0
1897,16.929025867174648,2024,Midfielder,18,1.91,0,0,13.815510557964274,16,7,0,0,1,0,0,0,2.0,0.0,0.0,0.0,0.0,1,0,0,1,1,0,1,1,1,1,0,0,0,0,0,1,1,0,0,0,0,1
1898,16.811242831518264,2024,Goalkeeper,19,2.0,0,1403,13.815510557964274,25,0,0,0,0,0,0,0,0.0,0.0,0.0,0.0,0.0,0,0,0,0,1,0,1,1,1,1,0,0,0,0,0,1,1,0,0,0,0,0
1899,16.61887093887081,2024,Defender,19,1.86,0,1606,14.914122846632385,15,1,3,0,2,0,0,0,2.0,1.0,0.0,0.0,0.0,0,0,0,0,0,1,1,1,1,1,0,0,1,0,0,1,0,0,0,1,0,0
1900,16.523560759066484,2024,Midfielder,19,1.77,1,512,15.424948470398375,17,0,0,0,2,0,0,0,1.0,0.0,0.0,0.0,0.0,0,0,1,0,1,0,1,1,1,1,0,0,1,0,0,1,1,0,0,0,0,0
1901,16.454567887579532,2024,Defender,20,1.9,0,1083,14.914122846632385,23,2,1,0,7,1,0,0,0.0,0.0,0.0,4.0,0.0,0,0,0,0,1,0,1,1,1,1,0,0,0,0,0,1,1,0,0,0,0,0
1902,16.12804598181149,2024,Defender,19,1.8,0,527,15.424948470398375,23,1,2,0,3,0,0,0,0.0,0.0,0.0,2.0,0.0,0,0,0,0,0,0,1,1,1,1,0,0,0,0,0,1,0,0,1,0,0,0
1903,15.60727002719233,2024,Forward,18,1.87,0,364,15.830413578506539,7,2,0,0,2,0,1,0,2.0,1.0,0.0,0.0,0.0,0,0,1,0,1,0,1,1,1,1,0,0,1,0,0,1,1,0,0,0,0,0
1904,17.553180176247643,2024,Midfielder,24,1.82,0,313,17.72753356339242,50,7,9,0,10,1,0,0,0.0,0.0,0.0,21.0,1.0,1,1,1,1,1,0,0,1,0,1,0,0,1,0,1,0,1,0,0,0,0,1
1905,17.312018119430753,2024,Defender,19,1.79,0,729,16.70588231586044,22,2,0,0,3,0,1,0,1.0,0.0,0.0,2.0,0.0,1,1,1,1,1,0,1,1,1,1,0,0,0,0,1,0,1,0,0,0,0,1
1906,17.216707939626428,2024,Forward,31,1.91,0,670,17.216707939626428,47,21,4,0,5,1,0,1,13.0,7.0,1.0,104.0,82.0,0,1,1,1,1,0,0,1,0,1,0,0,0,0,1,0,1,0,0,0,0,0
1907,16.972510979114386,2024,Midfielder,20,1.74,0,729,15.761420707019587,50,11,4,0,4,0,0,0,0.0,0.0,0.0,0.0,0.0,1,1,1,1,1,0,1,1,1,1,0,0,0,0,1,0,1,0,0,0,0,1
1908,16.38045991542581,2024,Midfielder,22,1.92,1,1244,16.11809565095832,6,0,0,0,2,1,0,0,5.0,0.0,0.0,0.0,0.0,0,1,1,1,1,0,0,1,0,1,0,0,1,0,1,0,1,0,0,0,0,0
1909,14.508657738524219,2024,Forward,20,1.79,0,1414,14.914122846632385,16,1,1,0,2,0,0,0,0.0,0.0,0.0,0.0,0.0,0,1,1,1,1,0,0,1,0,1,0,0,0,0,1,0,1,0,0,0,0,0
1910,16.70588231586044,2024,Defender,24,1.9,0,304,16.811242831518264,31,4,1,0,6,3,0,0,0.0,0.0,0.0,0.0,0.0,0,0,1,0,1,0,1,1,1,1,0,0,1,0,0,0,1,0,0,0,0,0
1911,16.523560759066484,2024,Defender,21,1.87,0,0,16.523560759066484,30,0,0,0,1,0,0,0,2.0,0.0,0.0,1.0,0.0,0,0,1,0,1,0,1,1,1,1,0,0,0,0,0,0,0,1,0,0,0,0
1912,16.523560759066484,2024,Forward,26,1.85,0,1429,16.70588231586044,33,5,4,0,5,0,0,1,10.0,2.0,0.0,59.0,12.0,0,0,1,0,1,0,1,1,1,1,0,0,1,0,0,0,0,1,0,0,0,0
1913,16.46875252257149,2024,Forward,19,1.78,1,528,15.424948470398375,26,5,1,0,4,0,0,0,0.0,0.0,0.0,0.0,0.0,1,0,0,1,1,0,1,1,1,1,0,0,0,0,0,0,1,0,0,0,0,1
1914,17.785802471516394,2024,Forward,22,1.84,0,1088,17.822843743196746,19,10,6,1,0,0,0,0,0.0,0.0,0.0,6.0,1.0,0,1,1,1,1,0,0,1,0,1,0,0,0,0,0,0,1,0,0,0,0,1
1915,17.19990082131005,2024,Defender,28,1.92,0,676,17.37085861945369,40,2,3,0,8,0,0,0,0.0,0.0,0.0,41.0,0.0,0,1,1,1,1,0,1,1,1,1,0,0,1,0,0,0,1,0,0,0,0,0
1916,16.292048958081757,2024,Goalkeeper,31,1.93,0,1034,16.11809565095832,23,0,0,0,1,0,0,0,0.0,0.0,0.0,4.0,0.0,1,1,1,1,1,0,1,1,1,1,0,0,1,0,0,0,1,0,0,0,0,1
1917,15.590462908875947,2024,Forward,32,1.82,0,311,15.201804919084164,37,4,8,0,9,1,0,0,0.0,0.0,0.0,83.0,19.0,0,1,1,1,1,0,1,1,1,1,0,0,1,0,0,0,0,1,0,0,0,0
1918,12.89921982609012,2024,Forward,22,1.83,0,0,12.611537753638338,4,0,1,0,1,0,0,0,0.0,0.0,0.0,0.0,0.0,0,1,1,1,1,0,0,1,0,1,0,0,0,0,0,0,1,0,0,0,0,0
1919,16.785925023533974,2024,Defender,23,1.97,0,1065,16.300417207752275,32,5,2,0,4,1,0,0,0.0,0.0,0.0,3.0,0.0,0,0,1,0,1,0,1,1,1,1,0,0,1,0,0,0,1,0,0,0,0,0
1920,16.70588231586044,2024,Forward,24,1.8,0,1458,16.523560759066484,44,4,3,0,0,1,0,1,14.0,1.0,0.0,15.0,2.0,0,0,1,0,1,0,1,1,1,1,0,0,1,0,0,0,0,1,0,0,0,0
1921,16.34123920227253,2024,Defender,26,1.84,0,364,16.11809565095832,16,0,0,0,2,0,0,0,0.0,0.0,0.0,2.0,0.0,1,1,1,1,1,0,0,1,0,1,0,0,1,0,0,0,1,0,0,0,0,1
1922,16.974636378426702,2024,Midfielder,26,1.95,0,1042,16.811242831518264,40,2,2,0,11,1,0,0,0.0,0.0,0.0,52.0,1.0,0,0,0,1,1,0,1,1,1,1,0,0,1,0,0,0,1,0,0,0,0,0
1923,15.717618084361195,2024,Defender,24,1.9,0,331,15.60727002719233,37,3,1,0,9,0,0,1,5.0,0.0,0.0,0.0,0.0,0,0,1,0,1,0,1,1,1,1,0,0,0,0,0,0,1,0,0,0,0,0
1924,17.7473361906886,2024,Midfielder,29,1.9,0,1450,17.822843743196746,39,4,1,0,13,0,0,0,0.0,0.0,0.0,33.0,2.0,0,1,1,1,1,0,0,1,0,1,0,0,1,0,0,0,1,0,0,0,0,0
1925,16.694709015262312,2024,Forward,21,1.87,0,1034,15.068273526459642,47,13,3,0,10,0,0,0,0.0,0.0,0.0,0.0,0.0,1,1,1,1,1,0,0,0,1,1,0,0,1,0,0,0,1,0,0,0,0,1
1926,16.883563493097892,2024,Defender,23,1.93,0,718,16.523560759066484,43,2,4,0,11,0,0,0,0.0,0.0,0.0,0.0,0.0,1,0,0,1,1,0,1,1,1,1,0,0,0,0,0,0,1,0,0,0,0,1
1927,16.69751406618992,2024,Forward,21,1.86,0,717,15.89495209964411,32,8,2,0,5,0,0,0,0.0,0.0,0.0,0.0,0.0,1,0,0,1,1,0,1,1,1,1,0,0,1,0,0,0,1,0,0,0,0,1
1928,16.689075197544057,2024,Forward,23,1.81,0,675,16.523560759066484,42,15,4,5,6,0,0,0,0.0,0.0,0.0,0.0,0.0,1,0,0,1,1,0,1,1,1,1,0,0,1,0,0,0,1,0,0,0,0,1
1929,16.46875252257149,2024,Defender,25,1.89,0,1039,15.761420707019587,37,4,4,0,5,1,0,0,0.0,0.0,0.0,32.0,0.0,0,0,0,1,1,0,1,1,1,1,0,0,1,0,0,0,1,0,0,0,0,1
1930,16.176364559082295,2024,Midfielder,28,1.68,0,683,15.761420707019587,48,33,4,0,8,0,0,0,0.0,0.0,0.0,10.0,0.0,0,0,0,1,1,0,1,1,1,1,0,0,1,0,0,0,1,0,0,0,0,1
1931,16.07205171245691,2024,Goalkeeper,25,1.98,0,713,15.761420707019587,14,0,0,0,1,0,0,0,0.0,0.0,0.0,42.0,0.0,0,0,0,1,1,0,1,1,1,1,0,0,1,0,0,0,1,0,0,0,0,1
1932,16.06680235657077,2024,Forward,27,1.81,0,0,15.89495209964411,36,5,1,0,1,0,0,0,0.0,0.0,0.0,24.0,4.0,0,0,0,1,1,0,1,1,1,1,0,0,1,0,0,0,1,0,0,0,0,0
1933,14.690979295318174,2024,Goalkeeper,28,1.91,1,512,13.997832114758229,30,0,0,0,2,0,0,0,0.0,0.0,0.0,0.0,0.0,1,0,0,1,1,0,1,1,1,1,0,0,1,0,0,0,1,0,0,0,0,1
1934,13.287877815881902,2024,Defender,31,1.83,0,333,14.22097566607244,44,0,5,0,2,0,0,0,0.0,0.0,0.0,0.0,0.0,1,0,0,1,1,0,1,1,1,1,0,0,0,0,0,0,1,0,0,0,0,1
1935,13.981024996441848,2024,Forward,23,1.87,0,361,12.691580461311874,31,12,0,3,3,0,0,0,0.0,0.0,0.0,0.0,0.0,0,1,1,1,1,0,0,0,1,1,0,0,1,0,0,0,0,1,0,0,0,1
1936,13.473020249017498,2024,Defender,27,1.9,1,156,12.765688433465597,1,0,0,0,0,0,0,0,0.0,0.0,0.0,0.0,0.0,1,1,1,1,1,0,0,0,1,1,0,0,1,0,0,0,1,0,0,0,0,1
1937,13.060487973686241,2024,Midfielder,23,1.85,0,0,12.89921982609012,43,1,1,0,10,0,0,0,0.0,0.0,0.0,1.0,0.0,0,1,1,1,1,0,0,0,1,1,0,0,1,0,0,0,0,1,0,0,0,1
1938,16.972510979114386,2024,Midfielder,23,1.75,0,1045,16.523560759066484,24,0,0,0,4,0,0,0,0.0,0.0,0.0,0.0,0.0,1,1,1,1,1,0,1,1,1,1,0,0,1,0,1,0,1,0,0,0,0,1
1939,16.929025867174648,2024,Midfielder,20,1.8,0,1035,17.216707939626428,33,3,8,0,6,0,0,0,6.0,0.0,2.0,10.0,0.0,0,0,0,0,1,0,1,1,1,1,0,0,1,0,0,0,0,1,0,0,0,0
1940,16.603603466740022,2024,Forward,20,1.77,0,1094,16.11809565095832,43,7,13,0,7,1,0,0,0.0,0.0,0.0,14.0,1.0,0,0,0,0,1,0,1,1,1,1,0,0,0,0,0,0,0,1,0,0,0,0
1941,16.454567887579532,2024,Defender,22,1.91,0,721,15.89495209964411,37,0,1,0,9,0,0,0,0.0,0.0,0.0,0.0,0.0,0,0,1,0,1,0,1,1,1,1,0,0,1,0,0,0,1,0,0,0,0,0
1942,15.590462908875947,2024,Midfielder,18,1.8,0,358,12.611537753638338,12,0,3,0,1,0,0,0,0.0,0.0,0.0,0.0,0.0,1,0,0,1,1,0,1,1,1,1,0,0,1,0,0,0,1,0,0,0,0,1
1943,14.914122846632385,2024,Defender,25,1.82,1,166,14.508657738524219,15,0,1,0,1,1,0,0,0.0,0.0,0.0,0.0,0.0,0,0,1,0,1,0,1,1,1,1,0,0,0,1,0,0,1,0,0,0,0,0
1944,16.287838425545413,2024,Forward,22,1.8,1,1254,15.60727002719233,25,11,1,4,3,0,0,0,0.0,0.0,0.0,2.0,0.0,0,1,1,1,1,0,0,0,1,1,0,0,1,0,0,0,1,0,0,0,0,1
1945,17.216707939626428,2024,Goalkeeper,23,1.97,0,1037,17.622173047734595,37,0,0,0,3,1,0,0,0.0,0.0,0.0,27.0,0.0,0,0,1,0,1,0,1,1,1,1,0,0,0,0,0,1,0,0,0,0,1,0
1946,16.300417207752275,2024,Forward,26,1.75,0,305,17.37085861945369,37,10,2,1,1,0,0,0,0.0,0.0,0.0,51.0,7.0,0,0,1,0,1,0,1,1,1,1,0,0,1,0,0,1,1,0,0,0,0,0
1947,18.132998671500584,2024,Forward,25,1.83,1,888,17.909855120186375,26,20,13,4,3,0,0,1,6.0,4.0,2.0,25.0,4.0,0,0,1,0,1,0,1,1,1,1,0,0,1,0,0,1,0,1,0,0,0,0
1948,17.909855120186375,2024,Midfielder,23,1.88,1,1243,16.70588231586044,24,6,5,0,9,1,0,1,7.0,1.0,2.0,0.0,0.0,0,0,0,0,1,0,1,1,1,1,0,0,1,0,0,1,1,0,0,0,0,0
1949,17.50439001207821,2024,Defender,20,1.86,1,891,16.300417207752275,14,0,1,0,3,1,1,0,1.0,0.0,0.0,4.0,0.0,0,0,1,0,1,0,1,1,1,1,0,0,1,0,0,1,0,0,0,0,1,0
1950,17.4264284706085,2024,Defender,19,1.86,1,1440,16.454567887579532,20,1,0,0,3,0,0,0,2.0,0.0,0.0,0.0,0.0,0,0,0,0,0,1,1,1,1,1,0,0,1,0,0,1,0,0,0,1,0,0
1951,17.034386382832476,2024,Forward,20,1.76,0,1077,17.72753356339242,41,11,10,0,6,0,0,0,0.0,0.0,0.0,7.0,1.0,0,0,0,0,1,0,1,1,1,1,0,0,0,0,0,1,0,0,0,1,0,0
1952,15.60727002719233,2024,Defender,18,1.95,1,0,13.815510557964274,13,0,0,0,2,0,0,0,0.0,0.0,0.0,0.0,0.0,0,0,1,0,1,0,1,1,1,1,0,0,1,0,0,1,0,1,0,0,0,0
1953,18.132998671500584,2024,Forward,24,1.7,0,1418,18.31532022829454,52,17,11,2,5,0,1,0,8.0,5.0,2.0,29.0,9.0,0,1,1,1,1,0,0,1,0,1,0,0,1,0,1,0,0,0,0,1,0,0
1954,17.034386382832476,2024,Defender,30,1.82,0,1037,17.034386382832476,42,4,5,0,8,0,1,0,10.0,2.0,1.0,60.0,10.0,0,1,1,1,1,0,0,0,0,0,0,1,1,0,1,0,1,0,0,0,0,0
1955,16.951004773893423,2024,Defender,22,1.88,0,364,16.90655301132259,43,2,4,0,3,0,0,0,0.0,0.0,0.0,1.0,1.0,1,1,1,1,1,0,1,1,1,1,0,0,1,0,1,0,1,0,0,0,0,1
1956,15.978833583624812,2024,Forward,23,1.71,0,718,16.11809565095832,14,0,1,0,0,0,1,0,5.0,0.0,0.0,1.0,0.0,0,1,1,1,1,0,0,1,0,1,0,0,0,0,1,0,1,0,0,0,0,0
1957,15.424948470398375,2024,Midfielder,22,1.72,0,364,16.11809565095832,32,1,0,0,2,0,0,0,0.0,0.0,0.0,0.0,0.0,1,1,1,1,1,0,1,1,1,1,0,0,1,0,1,0,1,0,0,0,0,1
1958,17.942644943009366,2024,Defender,18,1.9,0,347,17.72753356339242,42,2,0,0,5,0,0,0,7.0,0.0,0.0,0.0,0.0,0,0,1,0,1,0,1,1,1,1,0,0,1,0,0,1,1,0,0,0,0,0
1959,17.72753356339242,2024,Midfielder,23,1.82,0,1400,17.622173047734595,37,0,2,0,7,0,1,0,8.0,0.0,0.0,14.0,0.0,0,0,1,0,1,0,1,1,1,1,0,0,1,0,0,1,0,0,0,1,0,0
1960,17.622173047734595,2024,Defender,25,1.89,0,1051,17.98989782785991,30,2,1,0,5,0,1,0,6.0,0.0,1.0,50.0,2.0,0,0,1,0,1,0,1,1,1,1,0,0,1,0,0,1,1,0,0,0,0,0
1961,17.565014633894645,2024,Forward,23,1.93,0,716,17.72753356339242,37,12,6,2,8,0,0,0,0.0,0.0,0.0,6.0,1.0,0,0,1,0,1,0,1,1,1,1,0,0,1,0,0,1,1,0,0,0,0,0
1962,17.216707939626428,2024,Defender,20,1.85,1,1609,16.811242831518264,23,3,1,0,2,1,0,1,5.0,0.0,0.0,6.0,1.0,0,0,1,0,1,0,1,1,1,1,0,0,0,0,0,1,1,0,0,0,0,0
1963,16.523560759066484,2024,Defender,26,1.83,0,686,17.216707939626428,29,0,4,0,4,0,1,0,8.0,0.0,1.0,26.0,2.0,0,0,1,0,1,0,1,1,1,1,0,0,1,0,0,1,0,1,0,0,0,0
1964,14.403297222866392,2024,Defender,18,1.89,1,149,12.611537753638338,13,0,0,0,0,0,0,0,0.0,0.0,0.0,0.0,0.0,1,0,0,1,1,0,1,1,1,1,0,0,0,0,0,1,1,0,0,0,0,1
1965,17.23323724157764,2024,Midfielder,27,1.91,0,304,17.281246460764002,43,10,3,0,4,0,1,0,5.0,1.0,1.0,58.0,11.0,0,1,1,1,1,0,0,1,0,1,0,0,1,0,1,0,1,0,0,0,0,1
1966,17.073607095985757,2024,Forward,22,1.81,0,347,17.034386382832476,36,10,6,2,6,1,0,0,0.0,0.0,0.0,1.0,0.0,1,1,1,1,1,0,0,1,0,1,0,0,0,1,1,0,1,0,0,0,0,1
1967,16.68340946000838,2024,Defender,26,1.83,0,321,16.811242831518264,30,0,3,0,5,0,1,0,3.0,0.0,1.0,0.0,0.0,1,1,1,1,1,0,1,1,1,1,0,0,1,0,1,0,1,0,0,0,0,1
1968,16.11809565095832,2024,Defender,19,1.92,0,350,15.424948470398375,18,0,0,0,3,0,0,0,0.0,0.0,0.0,0.0,0.0,0,1,1,1,1,0,0,1,0,1,0,0,1,0,1,0,1,0,0,0,0,1
1969,15.671808548329901,2024,Midfielder,21,1.83,0,306,16.012735135300492,17,1,0,0,5,0,1,0,2.0,0.0,0.0,18.0,0.0,0,1,1,1,1,0,0,0,1,1,0,0,1,0,1,0,0,1,0,0,0,1
1970,15.60727002719233,2024,Defender,21,1.86,0,0,15.761420707019587,28,1,1,0,2,0,0,1,3.0,0.0,0.0,0.0,0.0,0,1,1,1,1,0,0,0,0,1,0,0,0,0,1,0,1,0,0,0,0,0
1971,15.60727002719233,2024,Forward,22,1.75,0,313,16.11809565095832,29,2,2,0,2,1,1,0,3.0,0.0,0.0,18.0,2.0,0,1,1,1,1,0,0,0,0,1,0,0,1,0,1,0,0,0,0,1,0,1
1972,13.122363377404328,2024,Midfielder,27,1.84,0,354,15.424948470398375,10,0,0,0,1,0,0,0,0.0,0.0,0.0,19.0,3.0,0,1,1,1,1,0,0,1,0,1,0,0,1,0,1,0,1,0,0,0,0,0
1973,16.97675726999584,2024,Goalkeeper,30,1.91,0,1094,15.761420707019587,8,0,0,0,0,0,0,0,0.0,0.0,0.0,48.0,0.0,0,1,1,1,1,0,1,1,1,1,0,0,1,0,0,0,1,0,0,0,0,0
1974,16.266515656076592,2024,Forward,21,1.91,0,0,14.914122846632385,24,3,0,0,4,0,0,0,0.0,0.0,0.0,0.0,0.0,0,0,0,1,1,0,1,1,1,1,0,0,1,0,0,0,1,0,0,0,0,1
1975,17.533948814319753,2024,Midfielder,21,1.79,0,729,16.523560759066484,26,0,2,0,3,0,1,0,2.0,0.0,0.0,0.0,0.0,1,1,1,1,1,0,1,1,1,1,0,0,1,0,0,0,1,0,0,0,0,1
1976,16.325109820342647,2024,Defender,26,1.95,0,1077,16.523560759066484,48,0,1,0,8,1,0,0,9.0,0.0,1.0,63.0,3.0,0,0,1,0,1,0,1,1,1,1,0,0,1,0,0,0,1,0,0,0,0,0
1977,16.300417207752275,2024,Forward,24,1.79,0,867,16.38045991542581,21,7,5,1,1,0,0,0,5.0,1.0,1.0,8.0,1.0,0,0,0,0,0,1,1,1,1,1,0,0,1,0,0,0,0,0,0,1,0,0
1978,16.213405830762646,2024,Defender,25,1.96,0,1039,16.300417207752275,31,0,0,0,14,1,1,0,13.0,0.0,0.0,1.0,0.0,0,0,0,0,1,0,1,1,1,1,0,0,0,0,0,0,0,1,0,0,0,0
1979,16.213405830762646,2024,Defender,23,1.92,0,1034,16.523560759066484,27,0,1,0,4,0,1,1,6.0,0.0,0.0,0.0,0.0,0,0,0,0,1,0,1,1,1,1,0,0,0,0,0,0,0,0,0,1,0,0
1980,15.761420707019587,2024,Forward,25,1.79,0,333,16.300417207752275,33,11,5,0,7,0,0,0,0.0,0.0,0.0,2.0,0.0,0,0,0,0,1,0,1,1,1,1,0,0,1,0,0,0,1,0,0,0,0,0
1981,15.520258650202699,2024,Midfielder,22,1.88,0,1094,15.424948470398375,31,2,1,0,5,0,1,0,4.0,1.0,0.0,20.0,0.0,0,0,0,0,1,0,1,1,1,1,0,0,0,1,0,0,0,0,0,0,0,0
1982,15.201804919084164,2024,Goalkeeper,25,2.04,0,540,15.201804919084164,9,0,0,0,3,0,0,0,3.0,0.0,0.0,0.0,0.0,0,0,0,0,0,1,1,1,1,1,0,0,0,0,0,0,0,0,0,1,0,0
1983,14.22097566607244,2024,Midfielder,18,1.85,0,0,13.815510557964274,1,0,0,0,0,0,0,0,0.0,0.0,0.0,0.0,0.0,0,0,1,0,1,0,1,1,1,1,0,0,1,0,0,0,1,0,0,0,0,0
1984,17.278116567755074,2024,Defender,28,1.9,0,361,16.588099280204055,24,1,0,0,5,1,0,0,0.0,0.0,0.0,8.0,0.0,0,1,1,1,1,0,0,1,0,1,0,0,0,0,0,0,0,1,0,0,0,0
1985,16.96824658032793,2024,Midfielder,26,1.78,0,728,16.811242831518264,34,3,0,0,6,0,0,0,0.0,0.0,0.0,23.0,0.0,0,1,1,1,1,0,0,1,0,1,0,0,1,0,0,0,1,0,0,0,0,0
1986,15.590462908875947,2024,Defender,27,1.9,0,677,15.830413578506539,15,1,0,0,1,1,0,0,0.0,0.0,0.0,0.0,0.0,1,1,1,1,1,0,0,0,1,1,0,0,1,0,0,0,1,0,0,0,0,1
1987,14.457364444136669,2024,Midfielder,32,1.8,0,364,15.687312734865866,34,1,1,0,9,0,0,0,0.0,0.0,0.0,78.0,10.0,0,1,1,1,1,0,0,1,0,1,0,0,1,0,0,0,1,0,0,0,0,0
1988,16.69751406618992,2024,Midfielder,25,1.78,0,1079,16.012735135300492,34,2,2,0,9,0,0,0,0.0,0.0,0.0,0.0,0.0,1,1,1,1,1,0,1,1,1,1,0,0,1,0,0,0,1,0,0,0,0,1
1989,16.523560759066484,2024,Midfielder,20,1.78,0,1044,15.89495209964411,29,1,2,0,6,0,0,0,0.0,0.0,0.0,0.0,0.0,0,0,0,0,1,0,1,1,1,1,0,0,1,0,0,0,1,0,0,0,0,0
1990,15.931766072766827,2024,Forward,25,1.85,0,1065,15.89495209964411,36,6,1,1,5,0,0,1,5.0,0.0,0.0,25.0,7.0,0,0,1,0,1,0,1,1,1,1,0,0,1,0,0,0,0,0,0,1,0,1
1991,15.761420707019587,2024,Defender,24,1.79,0,351,16.300417207752275,36,4,7,0,1,0,0,0,6.0,0.0,0.0,9.0,0.0,0,0,0,0,1,0,1,1,1,1,0,0,1,0,0,0,0,0,0,0,1,0
1992,15.424948470398375,2024,Defender,18,1.86,1,537,13.592367006650065,1,0,0,0,1,0,0,0,0.0,0.0,0.0,0.0,0.0,0,0,0,0,1,0,1,1,1,1,0,0,1,0,0,0,1,0,0,0,0,0
1993,15.068273526459642,2024,Defender,22,1.88,0,360,15.150511624696614,29,1,0,0,8,0,0,0,0.0,0.0,0.0,0.0,0.0,1,0,0,1,1,0,1,1,1,1,0,0,1,0,0,0,1,0,0,0,0,1
1994,15.068273526459642,2024,Defender,21,1.85,0,362,15.150511624696614,50,2,0,0,2,0,0,0,0.0,0.0,0.0,0.0,0.0,1,0,0,1,1,0,1,1,1,1,0,0,1,0,0,0,1,0,0,0,0,1
1995,16.70588231586044,2024,Midfielder,21,1.76,0,1402,16.523560759066484,38,4,4,0,5,0,0,0,1.0,0.0,0.0,0.0,0.0,0,1,1,1,1,0,0,0,0,0,1,0,1,0,0,0,0,0,0,1,0,0
1996,16.300417207752275,2024,Forward,22,1.83,0,678,15.60727002719233,33,6,2,0,1,0,0,0,0.0,0.0,0.0,0.0,0.0,0,1,1,1,1,0,0,1,0,1,0,0,1,0,0,0,1,0,0,0,0,0
1997,15.319587954740548,2024,Defender,27,1.87,0,355,14.914122846632385,1,0,0,0,1,0,0,0,5.0,0.0,0.0,0.0,0.0,0,1,1,1,1,0,0,0,0,0,1,0,1,0,0,0,0,0,0,1,0,0
1998,15.093662760464461,2024,Defender,27,1.93,0,722,15.761420707019587,29,0,0,0,5,1,0,0,0.0,0.0,0.0,30.0,1.0,0,1,1,1,1,0,0,1,0,1,0,0,1,0,0,0,1,0,0,0,0,0
1999,15.068273526459642,2024,Defender,26,1.73,0,364,15.424948470398375,22,0,1,0,3,0,0,0,0.0,0.0,0.0,0.0,0.0,0,1,1,1,1,0,0,1,0,1,0,0,0,0,0,0,1,0,0,0,0,0
2000,17.535161670744966,2024,Defender,18,1.87,0,1459,16.70588231586044,49,0,2,0,2,0,0,0,0.0,0.0,0.0,0.0,0.0,1,0,0,1,1,0,1,1,1,1,0,0,1,0,0,1,1,0,0,0,0,1
2001,17.193098073987297,2024,Forward,19,1.82,0,1414,16.11809565095832,33,4,2,0,3,0,0,0,0.0,0.0,0.0,0.0,0.0,0,0,0,1,1,0,1,1,1,1,0,0,1,0,0,1,1,0,0,0,0,0
2002,16.61887093887081,2024,Goalkeeper,21,1.9,1,725,16.300417207752275,25,0,0,0,1,0,0,1,6.0,0.0,0.0,0.0,0.0,0,0,0,0,1,0,1,1,1,1,0,0,1,0,0,1,1,0,0,0,0,0
2003,16.11809565095832,2024,Midfielder,18,1.87,0,548,16.11809565095832,12,3,1,0,2,0,0,0,0.0,0.0,0.0,3.0,0.0,0,0,0,0,1,0,1,1,1,1,0,0,1,0,0,1,1,0,0,0,0,0
2004,15.201804919084164,2024,Forward,18,1.76,1,0,15.068273526459642,38,12,6,0,2,0,0,0,0.0,0.0,0.0,0.0,0.0,0,0,0,0,0,0,1,1,1,1,0,0,1,0,0,1,0,0,0,0,1,0
2005,16.523560759066484,2024,Defender,25,1.83,0,687,16.70588231586044,24,1,0,0,4,0,0,0,0.0,0.0,0.0,8.0,0.0,0,1,1,1,1,0,0,1,0,1,0,0,1,0,1,0,0,0,0,1,0,0
2006,16.283610089435893,2024,Defender,26,1.93,0,728,15.89495209964411,47,0,0,0,8,1,0,0,0.0,0.0,0.0,50.0,0.0,0,1,1,1,1,0,0,0,1,1,0,0,1,0,1,0,1,0,0,0,0,1
2007,15.424948470398375,2024,Midfielder,28,1.77,0,304,16.588099280204055,24,2,2,0,2,0,0,0,0.0,0.0,0.0,51.0,3.0,0,1,1,1,1,0,0,1,0,1,0,0,0,0,1,0,0,0,0,1,0,0
2008,17.676240269004868,2024,Defender,27,1.94,0,1455,17.281246460764002,44,2,1,0,8,0,0,0,0.0,0.0,0.0,0.0,0.0,1,1,1,1,1,0,1,1,1,1,0,0,0,0,0,0,1,0,0,0,0,1
2009,17.193098073987297,2024,Forward,22,1.74,0,696,16.811242831518264,46,20,10,4,7,0,0,0,0.0,0.0,0.0,0.0,0.0,0,0,0,1,1,0,1,1,1,1,0,0,1,0,0,0,1,0,0,0,0,0
2010,17.111347423968603,2024,Forward,31,1.89,0,694,16.523560759066484,46,16,10,4,1,0,1,0,13.0,3.0,2.0,22.0,14.0,0,0,1,0,1,0,1,1,1,1,0,0,1,0,0,0,1,0,0,0,0,0
2011,16.951004773893423,2024,Forward,18,1.75,0,729,16.99356438831222,10,1,1,0,0,0,0,0,5.0,1.0,0.0,0.0,0.0,0,0,0,0,0,1,1,1,1,1,0,0,0,0,0,0,0,0,0,1,0,0
2012,16.48273876454623,2024,Forward,28,1.72,0,729,16.811242831518264,37,3,6,0,3,1,0,1,5.0,0.0,1.0,24.0,1.0,0,1,1,1,1,0,0,1,0,1,0,0,1,0,0,0,0,1,0,0,0,0
2013,16.213405830762646,2024,Defender,27,1.86,0,729,16.11809565095832,30,1,1,0,8,1,0,1,5.0,0.0,0.0,27.0,0.0,0,1,1,1,1,0,0,1,0,1,0,0,0,1,0,0,1,0,0,0,0,0
2014,14.22097566607244,2024,Goalkeeper,25,1.88,0,729,13.815510557964274,31,0,1,0,3,0,0,0,0.0,0.0,0.0,0.0,0.0,1,1,1,1,1,0,0,0,0,1,0,0,0,0,0,0,1,0,0,0,0,1
2015,14.151982794585487,2024,Forward,19,1.83,0,0,13.815510557964274,17,2,0,0,2,1,0,1,4.0,0.0,0.0,0.0,0.0,1,1,1,1,1,0,0,0,1,1,0,0,0,0,0,0,1,0,0,0,0,1
2016,16.90655301132259,2024,Midfielder,23,1.76,0,853,17.034386382832476,17,0,1,0,5,0,0,0,5.0,0.0,0.0,2.0,0.0,0,0,0,0,0,1,1,1,1,1,0,0,1,0,0,0,0,0,0,1,0,0
2017,16.811242831518264,2024,Defender,27,1.92,1,1268,16.11809565095832,15,0,0,0,4,0,0,0,0.0,0.0,0.0,5.0,0.0,0,0,1,0,1,0,1,1,1,1,0,0,1,0,0,0,0,1,0,0,0,0
2018,16.70588231586044,2024,Midfielder,28,1.88,1,877,16.11809565095832,21,4,2,0,5,0,0,0,0.0,0.0,0.0,17.0,1.0,0,0,1,0,1,0,1,1,1,1,0,0,1,0,0,0,0,1,0,0,0,0
2019,16.523560759066484,2024,Midfielder,20,1.75,0,729,16.300417207752275,30,7,7,0,5,1,0,0,0.0,0.0,0.0,0.0,0.0,0,0,0,0,1,0,1,1,1,1,0,0,1,0,0,0,1,0,0,0,0,0
2020,16.300417207752275,2024,Defender,22,1.92,1,1243,15.761420707019587,25,3,1,0,1,0,1,0,8.0,1.0,1.0,3.0,0.0,0,0,0,0,1,0,1,1,1,1,0,0,1,0,0,0,0,1,0,0,0,0
2021,16.11809565095832,2024,Defender,18,1.74,0,1186,14.73180128983843,8,0,0,0,2,0,0,0,0.0,0.0,0.0,0.0,0.0,0,0,0,0,0,1,1,1,1,1,0,0,1,0,0,0,0,0,0,1,0,0
2022,15.424948470398375,2024,Defender,18,1.91,0,305,13.592367006650065,1,0,0,0,0,1,0,0,0.0,0.0,0.0,0.0,0.0,0,0,1,0,1,0,1,1,1,1,0,0,0,0,0,0,1,0,0,0,0,0
2023,15.424948470398375,2024,Forward,28,1.7,0,301,16.38045991542581,45,15,11,0,13,1,0,1,14.0,4.0,5.0,1.0,0.0,0,1,1,1,1,0,0,0,0,0,0,1,1,0,0,0,1,0,0,0,0,0
2024,14.73180128983843,2024,Midfielder,31,1.84,1,145,16.012735135300492,19,1,3,0,4,0,0,0,0.0,0.0,0.0,26.0,4.0,0,1,1,1,1,0,0,0,0,1,0,0,1,0,0,0,0,1,0,0,0,0
2025,13.997832114758229,2024,Midfielder,22,1.71,1,515,15.424948470398375,2,0,0,0,0,0,0,0,0.0,0.0,0.0,0.0,0.0,1,1,1,1,1,0,0,0,1,1,0,0,1,0,0,0,1,0,0,0,0,1
